:100000005CC5000080C500000C94761C7CC5000017
:100010007AC5000078C5000076C5000074C50000F0
:1000200072C5000070C500006EC500006CC5000000
:100030006AC50000A9C600000C9467510C949F513A
:100040000C94D7510C940F520C9447520C947F523D
:100050000C94B7520C94EF520C9427530C945F53AA
:1000600052C5000050C500004EC500004CC5000040
:100070004AC5000048C5000046C5000044C5000050
:1000800042C5000040C500003EC500003CC5000060
:100090003AC5000038C5000036C5000034C5000070
:1000A00032C5000030C500002EC500002CC5000080
:1000B0002AC500000C94C22F9FC500000C94C755A0
:1000C0000C94FF550C9437560C946F560C94A7560D
:1000D0000C94DF5618C5000016C5000014C50000BA
:1000E00012C5000010C500000EC500000CC50000C0
:1000F0000AC5000008C5000006C5000004C50000D0
:1001000002C5000000C50000FEC40000FCC40000E1
:10011000FAC40000F8C40000F6C400000C94F14DCD
:100120000C942E4E0C946B4E0C94A84EECC4000014
:10013000EAC400000C9497530C94CF530C940754CA
:100140000C943F540C9477540C94AF540C94E75493
:100150000C941F550C9457550C948F55D4C4000023
:10016000D2C40000D0C40000CEC40000CCC4000043
:10017000CAC40000C8C40000C6C40000C4C4000053
:10018000C2C40000C0C40000BEC40000BCC4000063
:10019000BAC40000B8C40000B6C40000B4C4000073
:1001A000B2C40000B0C40000AEC40000ACC4000083
:1001B000AAC40000A8C40000A6C40000A4C4000093
:1001C000A2C40000A0C400009EC400009CC40000A3
:1001D0009AC4000098C4000096C4000094C40000B3
:1001E00092C4000090C400008EC400008CC40000C3
:1001F0008AC4000088C4000086C4000020172317AA
:10020000261729172C173117361707634236B79B65
:10021000D8A71A39685618AEBAAB558C1D3CB7CC66
:100220005763BD6DEDFD753EF6177231BF000000DE
:10023000803F08000000BE922449123EABAAAA2AC1
:10024000BECDCCCC4C3E00000080BEABAAAAAA3EDC
:1002500000000000BF000000803F00000000000818
:100260004178D3BB4387D1133D190E3CC3BD4282B5
:10027000AD2B3E68EC8276BED98FE1A93E4C80EF73
:10028000FFBE01C4FF7F3F00000000006C16454E1A
:10029000554D4445560000FF0497165F454E554D99
:1002A000434D44020004E010524553455400000001
:1002B00000FFFFF4105F53485554444E0000FFFF09
:1002C0006E135F464143544F5259024005911653F5
:1002D0005441545553000000FF05681641424F52E7
:1002E0005400000000FFFF15155F524541445900BE
:1002F0000000FFFF7E1352454144424C4B00024038
:100300000400005F4857524553455400FFFF7F13D8
:10031000534156450000000000FF0503175F534599
:100320005456455200054405A0135F4C4F434B45BE
:100330004400010005881656455253494F4E0000AF
:10034000FF040000000000000000000000FFFF6745
:1003500016454E41424C45000000FFFF3F2F434FE2
:100360004E54524F4C3F010000DA2B434F4E545233
:100370004F4C00020000DA274552524F523F000016
:10038000010001F7274552524F52000000031001AF
:10039000A3274C494D4954533F000100034B2F54B0
:1003A000524947494E3F000100016A2F54524947C4
:1003B000494E0000031001322F545249474F555403
:1003C0003F010001572F545249474F555400031025
:1003D00001A5274750494F3F000000020005BE2EEF
:1003E0004750494F00000000030005CE29544553F3
:1003F0005400000000040401D14354454D505345BE
:10040000543F010003DC3C54454D50534554000516
:10041000300311444249504F4C41523F010005E620
:10042000434249504F4C4152000200054B3D544558
:100430004D503F000000010003AE42544552524F60
:10044000523F000100037D4154435552523F00008A
:10045000010003784454454D504D494E3F0100037F
:100460001A4454454D504D494E00053003F2445452
:10047000454D504D41583F010003954454454D5062
:100480004D4158000530030B4154435F494C494DE1
:100490003F0100032D4154435F494C494D00053055
:1004A00003863E504741494E3F0000010003683D2E
:1004B000504741494E000000053003A33E494E54C9
:1004C00045473F0000010003AB3D494E54454700FE
:1004D0000000053003C03E44455249563F0000012C
:1004E0000003EE3D4445524956000000053003DD4F
:1004F0003E534C45573F000000010003313E534C32
:100500004557000000000530038A42504741494EDC
:10051000454E3F0100053442504741494E454E008B
:100520000200059342494E544547454E3F010005A0
:100530004942494E544547454E000200059C4244FD
:1005400045524956454E3F0100055E4244455249D9
:1005500056454E00020005A542534C4557454E3FB7
:10056000000100057342534C4557454E0000020000
:1005700005EB41504F5745523F0000010003184220
:10058000504552494F443F00010001F5415045524A
:10059000494F4400000310012B42504F4C54433F3D
:1005A00000000100051D42504F4C54430000000262
:1005B00000055D40424554413F000000010003FA40
:1005C0003E42455441000000000530037A40524548
:1005D0004654454D503F010003323F524546544575
:1005E0004D500005300397405245465245533F0059
:1005F000010003883F524546524553000005300331
:10060000B44054434F4546413F00010003CA3F54A4
:10061000434F4546410000053003D14054434F4508
:1006200046423F00010003F03F54434F454642001D
:1006300000053003EE4054434F4546433F00010060
:1006400003374054434F45464300000530032841DB
:100650004D41585057523F000100036B3C4D4158EB
:100660005057520000053003463D43564F4C5454FA
:10067000433F010003E245545741524E3F00000101
:100680000003A645545741524E000000053003E6D2
:1006900041544355525345543F0100039A4154433A
:1006A000555253455400053003EC425354415254C3
:1006B000570000010001354353544F5057000000CC
:1006C0000100053D4357415645494E464F01000440
:1006D00086435741564556414C00010004B24353EE
:1006E0004C57534D504441010004B34357465953AE
:1006F00043414C45053003C543574658444543469E
:1007000041020000553C41564C5057523F0000FFFB
:10071000033B3C54544C5057523F0000FF033A43B4
:1007200054454D504C5554000100FFF0414C444994
:100730004D50443F00010003674553465459544D02
:10074000543F0100030F4553465459544D5400057E
:1007500030038C454C4153544954433F010003A19D
:10076000454C4153545654433F010003CB464D4C36
:1007700044435448520004C0031D474D4C44435465
:1007800048523F00FF0322474D4C524D54485200FF
:1007900004C00360474D4C524D5448523F00FF0384
:1007A0007D474D4C534D504C4D0001000090474D3E
:1007B0004C534D504C4D3F00FF0094474D4F444526
:1007C0004C4B3F0000FF0597474D4C4D45414E3F78
:1007D0000000FF039C474D4C5641523F000000FF74
:1007E00003A1474D4C53544444563F00FF03F54585
:1007F000534C535256454E3F010000E745534C536E
:100800005256454E000200002246534C5352564762
:100810004E3F010003FE45534C535256474E0005D0
:1008200030034B46534C5352564F533F010003275E
:1008300046534C5352564F53000530035E46534CBB
:10084000535256504F3F0100005046534C5352569E
:10085000504F00020000ED0A434355525345543FA8
:10086000010003F20A434355525345540005300337
:100870009C0C434D41584355523F010003B90C4372
:100880004D415843555200053003280E43435552FD
:10089000523F0000010003FA0E5057525345543F97
:1008A000000100031D0F50575253455400000530FE
:1008B00003870F434D41585057523F010003AA0F81
:1008C000434D415850575200053003F20F43504FEB
:1008D0005745523F00010003151043564F4C5443F7
:1008E000433F01000332104741494E3F00000001E1
:1008F000000337104741494E000000000530037ED9
:1009000010524553505654593F010003A11052450F
:10091000535056545900053003C910504F4C4343AF
:100920003F0000010005D210504F4C43430000002F
:10093000020005831356544F503F0000000100038E
:10094000871356544F500000000005300398134998
:100950004E5445524C4B3F00FF05A1134154454DA9
:10096000503F0000010003BD13485754454D503F10
:1009700000010003D913435552524F4653540530DA
:10098000035D1456544F5054524B3F010003611401
:100990004C415354493F000001000365144C41533E
:1009A000545643433F01000369145057524D415878
:1009B0003F0000FF03B80E4D4F44435552523F00D5
:1009C000FF03EC135F4D4F4443414C000530005E84
:1009D000295F4C544D4158000005300336285F4CC8
:1009E000544D41583F0000FF03EE285F4C544D49E1
:1009F0004E000005300319285F4C544D494E3F000E
:100A000000FF03122D5F4142534D415849067005C6
:100A100053285F4142534D58493F0240030B2C5F1E
:100A20004D4C4355525200067005B7285F4D4C435C
:100A30005552523F024003892C5F4D4C44555200A1
:100A400000067005FD2B5F4D4C4455523F0002409F
:100A500003DB0E43434D4F44563F0000FF038B0D15
:100A6000434D494E435552000530036E0D434D49E9
:100A70004E4355523F010003E82D5F4142534D491B
:100A80004E4906700585285F4142534D4E493F024D
:100A90004003ED2C4558544D4F444C00054405D6B9
:100AA000274558544D4F444C3F00FF00E928455816
:100AB00054524E473F0000FF010011241FBECFEFEC
:100AC000CDBFDFE3DEBF00E00CBF18BE19BE1ABE0B
:100AD0001BBE10E2A0E0B0E2E8E1FAEB00E00BBFE1
:100AE00002C007900D92AA31B107D9F71BBE2BE2C5
:100AF000AAE1B0E201C01D92AD35B207E1F70E9454
:100B000005330C940A5D7CCACF93DF931F92CDB757
:100B1000DEB78FB78983F89489810F90DF91CF91E9
:100B200008950F931F93CF93DF938C01EB01ECDFBC
:100B30000115124021F4C0931825D09319258FBFB9
:100B4000DF91CF911F910F9108958115924061F42B
:100B500080911A2091E0980F90931A20811104C07F
:100B600062E081E00C94625008958115924059F43E
:100B700080911A20815080931A20811104C062E074
:100B800081E00C94735008951F93CF93DF93EC0191
:100B9000BBDF182FCE01D9DF8881816088831FBF1A
:100BA0008091542B8F3F09F4FFCFAEDF9091542BEF
:100BB0009F5F9093542B8FBFDF91CF911F9108952A
:100BC0001F93CF93DF93EC019FDF182F88818E7FD7
:100BD0008883CE01CADF1FBF8091542B811101C0D1
:100BE000FFCF92DF9091542B91509093542B8FBF55
:100BF000DF91CF911F9108951F920F920FB60F9220
:100C0000112408B60F9218BE09B60F9219BE0AB683
:100C10000F921ABE0BB60F921BBE2F933F934F93AA
:100C20005F936F937F938F939F93AF93BF93CF9374
:100C3000DF93EF93FF93E0911B20F0911C208481C0
:100C400083FF06C08860848383E0838386EF7FC050
:100C5000982F947121F083E083838FEF78C086FF13
:100C600041C0A0911D20B0911E2080911F20909125
:100C7000202014962D913C9115978217930764F4C8
:100C80009C012F5F3F4F20931F2030932020A80FFF
:100C9000B91F11968C9122C0809121209091222021
:100CA00018962D913C91199782179307C8F42091BB
:100CB0002320222321F08681816086834AC01696F4
:100CC0002D913C911797AC014F5F5F4F40932120CE
:100CD00050932220D901A80FB91F8C91878339C066
:100CE00083E02CC087FF32C0A0911D20B0911E2050
:100CF000809121209091222018962D913C91199756
:100D000082179307F8F416966D917C9117979C01C2
:100D10002F5F3F4F20932120309322204781EB010A
:100D2000C80FD91F488318968D919C911997281741
:100D3000390718F482E083830CC087E08383109224
:100D4000252007C083E0838389EF01C08BEF809368
:100D50002520FF91EF91DF91CF91BF91AF919F91AE
:100D60008F917F916F915F914F913F912F910F9054
:100D70000BBE0F900ABE0F9009BE0F9008BE0F90D9
:100D80000FBE0F901F9018951F920F920FB60F92E3
:100D9000112408B60F9218BE09B60F9219BE0BB6F1
:100DA0000F921BBE2F933F934F935F936F937F934D
:100DB0008F939F93AF93BF93EF93FF931DDFFF91AB
:100DC000EF91BF91AF919F918F917F916F915F91C3
:100DD0004F913F912F910F900BBE0F9009BE0F9036
:100DE00008BE0F900FBE0F901F901895FC01DB01FD
:100DF00014968C91858388EB818381E08483EBE179
:100E0000F0E211861286E0EAF0E08281826082835D
:100E1000789480E00895CF93DF931F92CDB7DEB72B
:100E2000DC01FB01892B09F444C0309709F441C06F
:100E3000828590912420992319F081113CC0FFCF25
:100E40008FB78983F894898191E09093242090E86A
:100E5000909325208FBFA0931B20B0931C206093FC
:100E60001D2070931E2010921F201092202010929F
:100E7000212010922220409323209081990F2481D9
:100E80003581232B11F44111916016969C9380912A
:100E900025208038E1F3E0911B20F0911C20848113
:100EA0008370813009F0F7CF8091252010922420A3
:100EB00003C088EF01C086EF0F90DF91CF910895B6
:100EC000CF93DF931F92CDB7DEB7E82FE695E69577
:100ED000E69590E2E99FF0011124E05FF94F8770F9
:100EE000E80FF11D8FB78983F8949981808187700D
:100EF00080838081682B60839FBF0F90DF91CF91AB
:100F000008954F925F926F927F928F929F92AF92CD
:100F1000BF92CF92DF92EF92FF920F931F93CF93E6
:100F2000DF93CDB7DEB72B97CDBFDEBFE0EBF0E0B0
:100F300080E1C82EC28282E38383E12C96E0F92E01
:100F400020E4722EF701718260E086E0B9DFF701DC
:100F5000768230E8932E918260E087E0B1DFF7017E
:100F6000968240E2642E618260E085E0A9DFF701AD
:100F7000668250E2A52E56E0B52E62E0462EF501BF
:100F80004282F701C28274E0572EF501518268E275
:100F90008AE096DFF501558200E616E0F80141820D
:100FA000DD24D394D18260E089E18ADF60E088E1CA
:100FB00087DFF801D6824682F501D282A8E08A2E28
:100FC000818260E08BE07CDFF5018682B0E4AB2EAD
:100FD000B6E0BB2EF501C18260E084E171DFF5016E
:100FE000C582F801518260E08AE16ADFF80155822A
:100FF000818260E08BE164DFF8018582C18260E07C
:101000008CE15EDFF801C582F50161826682918222
:101010009682F80161826682918296820E94CD3723
:10102000F701D28242825282828261E270E082E0E3
:101030000E948357082F10E0102F002760E270E015
:1010400082E00E948357082B00930C0210930D023C
:10105000BE016F5F7F4F80E092E00E942E4FAE0195
:10106000485F5F4F61E080E092E00E948E4F8A818E
:10107000897E9B819F7890629B8388608A839C8213
:1010800087E08D8366EE7CE180E092E04ADDBE0180
:101090006F5F7F4F80E092E00E94E54E8A858C7FF3
:1010A00081608A87D8868986AE01485F5F4F61E09C
:1010B00080E092E00E94544FAE01485F5F4F62E0D3
:1010C00080E092E00E948E4F8A858C7F81608A87C3
:1010D000D886C986AE01485F5F4F62E080E092E04B
:1010E0000E94544FAE01485F5F4F64E080E092E0A1
:1010F0000E948E4F8A858C7F81608A87D88688E19E
:101100008987AE01485F5F4F64E080E092E00E9413
:10111000544FF501728268E186E1D2DEF5EDFA9571
:10112000F1F70000F501808586FB882780F98D2581
:101130000E94DC2578942B96CDBFDEBFDF91CF9146
:101140001F910F91FF90EF90DF90CF90BF90AF90E5
:101150009F908F907F906F905F904F900895EF9247
:10116000FF921F93CF93DF9310E1CDE1D1E08DE1AA
:10117000E82EFF24F394C7018C1B9D0B8A5C954DD0
:10118000412FC132D10514F060E201C06C2F0E94E2
:1011900068191F5FA097CD3F8FEFD80761F7DF91E8
:1011A000CF911F91FF90EF900895CF92DF92EF9231
:1011B000FF920F931F931091522B6CE171E086E325
:1011C0009AE20E94FA2F90913520181321C1409184
:1011D0000A2B50910B2B60910C2B70910D2B40938F
:1011E00076255093772560937825709379254091E3
:1011F0000E2B50910F2B6091102B7091112B40935F
:101200007E2550937F2560938025709381254091A2
:10121000122B5091132B6091142B7091152B40932E
:101220008225509383256093842570938525409172
:10123000162B5091172B6091182B7091192B4093FE
:10124000AA255093AB256093AC257093AD254091B2
:101250001A2B50911B2B60911C2B70911D2B4093CE
:10126000A6255093A7256093A8257093A9254091A2
:101270001E2B50911F2B6091202B7091212B40939E
:101280009A2550939B2560939C2570939D254091B2
:10129000222B5091232B6091242B7091252B40936E
:1012A0009E2550939F256093A0257093A125409182
:1012B000262B5091272B6091282B7091292B40933E
:1012C000A2255093A3256093A4257093A525409152
:1012D0002A2B50912B2B60912C2B70912D2B40930E
:1012E0009625509397256093982570939925409162
:1012F0002E2B50912F2B6091302B7091312B4093DE
:10130000B7255093B8256093B9257093BA254091BD
:10131000322B5091332B6091342B7091352B4093AD
:10132000BB255093BC256093BD257093BE2540918D
:10133000362B5091372B6091382B7091392B40937D
:10134000BF255093C0256093C1257093C22520917D
:101350003A2B30913B2B20937A2530937B2540917B
:101360003C2B50913D2B60913E2B70913F2B409335
:101370008625509387256093882570938925409111
:10138000402B5091412B6091422B7091432B409305
:101390008E2550938F2560939025709391254091D1
:1013A000442B5091452B6091462B7091472B4093D5
:1013B0009225509393256093942570939525809161
:1013C000512B8093DC254091482B5091492B609103
:1013D0004A2B70914B2B40938A2550938B25609319
:1013E0008C2570938D2580914C2B8093D7258091EF
:1013F0004D2B8093D82520914E2B30914F2B20934D
:10140000D9253093DA258091502B8093DB25B8C005
:101410008AE9C82E89E9D82E89ECE82E8FE3F82EC8
:10142000C0927625D0927725E0927825F0927925A2
:1014300040E050E060E271E440937E2550937F25C8
:10144000609380257093812500E010E020EF31E467
:10145000009382251093832520938425309385253E
:10146000C092AA25D092AB25E092AC25F092AD2592
:101470001092A6251092A7251092A8251092A925B2
:1014800010929A2510929B2510929C2510929D25D2
:1014900000939E2510939F252093A0253093A1258E
:1014A0001092A2251092A3251092A4251092A52592
:1014B000EFE6CE2EE2E1DE2EE3E8EE2EEBE3FE2EAB
:1014C000C0929625D0929725E0929825F092992582
:1014D0004093B7255093B8256093B9257093BA25EA
:1014E00040E050E060E87FE34093BB255093BC258B
:1014F0006093BD257093BE254093BF255093C025B2
:101500006093C1257093C22510927A2510927B2595
:10151000FFE6CF2EF2E1DF2EF3E8EF2EFAE3FF2E07
:10152000C0928625D0928725E0928825F092892561
:1015300000938E2510938F2520939025309391252D
:10154000409392255093932560939425709395250D
:101550001092DC2540E050E060E070E440938A2582
:1015600050938B2560938C2570938D251092D725F1
:101570001092D8251092D9251092DA251092DB25E9
:101580009F5F909335201F910F91FF90EF90DF9018
:10159000CF900895109268261092692610926A26BC
:1015A00010926B268CE99FEF80936C2690936D26AA
:1015B00080E090E0A0E8BFE380936E2690936F26D2
:1015C000A0937026B0937126809372269093732611
:1015D000A0937426B0937526089564E086E795E29B
:1015E0000C943E192F923F924F925F926F927F928E
:1015F0008F929F92AF92BF92CF92DF92EF92FF9223
:101600000F931F93CF93DF9300D000D0CDB7DEB7F9
:10161000FC01618172818381948169837A838B83E8
:101620009C83E090AA25F090AB250091AC25109109
:10163000AD252091A6253091A7254091A825509150
:10164000A9250E94FB397B018C01409076255090A2
:1016500077256090782570907925A30192010E94EA
:10166000F957882309F412C1A3019201B701C801F7
:101670000E949E59181624F0CC24CA94DC2C03C076
:10168000CC24C394D12C20E030E44CE156E4B701E3
:10169000C8010E94575A4B015C0120E030E040E055
:1016A0005FE30E94F95787FDE9C0E090AA25F0901A
:1016B000AB250091AC251091AD2520E030E040E055
:1016C0005FE3C501B4010E9495570E949B580E9498
:1016D000C75820E030E44CE156E40E94FD572091C9
:1016E0002A252C3609F061C020E03FEF4FE757E490
:1016F0000E94575A20E030E040EA50E40E94575AD6
:1017000020E030E046E153E40E94575A20E030E008
:101710004AE753E40E94FD570E949B584B015C012D
:1017200080E090E00E94C75820E03FEF4FE757E489
:101730000E94FD5720E030E040E250E40E94575AFA
:1017400020E030E048EC52E40E94575A20E030E8B4
:101750004BE354E40E94FD571B018D839E839B0144
:10176000AC01C301B2010E94F95781118CC08C0CED
:101770009D1CB40180E090E00E94C75820E03FEF3C
:101780004FE757E40E94FD5720E030E040E250E48C
:101790000E94575A20E030E048EC52E40E94575A29
:1017A00020E030E84BE354E45AC020E03FEF4FE73D
:1017B00057E40E94575A20E030E046E153E40E948B
:1017C000575A20E030E04AE753E40E94FD570E9458
:1017D0009B584B015C0180E090E00E94C75820E0DC
:1017E0003FEF4FE757E40E94FD5720E030E040E232
:1017F00050E40E94575A20E030E048EC52E40E9446
:10180000575A20E030E046E153E40E94FD571B01A7
:101810008D839E839B01AC01C301B2010E94F957E5
:10182000811131C08C0C9D1CB40180E090E00E94BD
:10183000C75820E03FEF4FE757E40E94FD5720E0F4
:1018400030E040E250E40E94575A20E030E048EC9B
:1018500052E40E94575A20E030E046E153E40E94EF
:10186000FD575B016C019B01AC01B701C8010E94EF
:10187000F95787FD0BC07501860108C0E12CF12CDA
:1018800000E010E003C071010D811E81C701D80185
:1018900089839A83AB83BC8364E0CE0101960E9466
:1018A0003E19C980DA80EB80FC80C0927625D09208
:1018B0007725E0927825F09279258091DE25823097
:1018C00028F120E030E0A90160914626709147267A
:1018D00080914826909149260E94F957811116C09F
:1018E000C0923E26D0923F26E0924026F0924126BA
:1018F000209168263091692640916A2650916B2686
:10190000C701B6010E9495570E9457252696CDBF64
:10191000DEBFDF91CF911F910F91FF90EF90DF908D
:10192000CF90BF90AF909F908F907F906F905F907F
:101930004F903F902F900895CF93DF9300D01F9248
:10194000CDB7DEB78091AA259091AB25A091AC25AB
:10195000B091AD2589839A83AB83BC8364E0CE01CB
:1019600001960E943E192496CDBFDEBFDF91CF9134
:101970000895CF92DF92EF92FF920F931F93CF9330
:10198000DF9300D01F92CDB7DEB7FC016181728179
:101990008381948169837A838B839C83E09035254E
:1019A000F0903625009137251091382520E030E061
:1019B000A9010E94FB3969837A838B839C832091E0
:1019C0002A252C3639F413ECE12E15EFF12E08EA16
:1019D0001EE305C013E3E12EFE2C03ED1FE320E020
:1019E00030E0A9010E94FB3969837A838B839C8351
:1019F000C0903525D0903625E0903725F0903825D9
:101A000029813A814B815C81C701B6010E94F95757
:101A100087FF04C0C982DA82EB82FC8264E0CE01D7
:101A200001960E943E19C980DA80EB80FC80A701F4
:101A30009601609176257091772580917825909117
:101A400079250E949E5918168CF5C0927625D09261
:101A50007725E0927825F0927925C0923E26D092A3
:101A60003F26E0924026F09241268091DE2582308A
:101A7000E8F020E030E0A901609146267091472609
:101A800080914826909149260E94F95781110EC0F5
:101A9000209168263091692640916A2650916B26E4
:101AA000C701B6010E9495570E94572589819A81E6
:101AB000AB81BC818093AA259093AB25A093AC25E4
:101AC000B093AD252496CDBFDEBFDF91CF911F919E
:101AD0000F91FF90EF90DF90CF900895CF93DF9319
:101AE00000D01F92CDB7DEB78091A6259091A72593
:101AF000A091A825B091A92589839A83AB83BC8343
:101B000064E0CE0101960E943E192496CDBFDEBF4F
:101B1000DF91CF910895CF92DF92EF92FF920F93D2
:101B20001F93CF93DF9300D01F92CDB7DEB7FC0198
:101B3000618172818381948169837A838B839C83A1
:101B4000E0903525F0903625009137251091382505
:101B50002091312530913225409133255091342503
:101B60000E94FB3969837A838B839C83C090AA256A
:101B7000D090AB25E090AC25F090AD25A701960163
:101B80000E949E59181624F4C982DA82EB82FC82E4
:101B900064E0CE0101960E943E19C980DA80EB8094
:101BA000FC80A70196016091762570917725809140
:101BB0007825909179250E94F95787FF31C0C0920E
:101BC0007625D0927725E0927825F0927925C092FB
:101BD0003E26D0923F26E0924026F0924126809108
:101BE000DE258230E8F020E030E0A9016091462651
:101BF0007091472680914826909149260E94F95776
:101C000081110EC0209168263091692640916A2684
:101C100050916B26C701B6010E9495570E94572527
:101C200089819A81AB81BC818093A6259093A72559
:101C3000A093A825B093A9252496CDBFDEBFDF9140
:101C4000CF911F910F91FF90EF90DF90CF9008956B
:101C5000CF93DF9300D01F92CDB7DEB78091582489
:101C6000823009F44EC090F4882319F1813009F0D4
:101C700062C020E030E04AE754E46091EC257091C6
:101C8000ED258091EE259091EF2561C0833009F418
:101C900045C0843009F04FC0809138269091392694
:101CA000A0913A26B0913B2689839A83AB83BC836B
:101CB00054C080915724882369F020E030E04AE73F
:101CC00054E46091762570917725809178259091E4
:101CD00079253DC0209118263091192640911A2669
:101CE00050911B2660914226709143268091442694
:101CF000909145260E94955720E030E04AE754E451
:101D000026C020E030E04AE754E460910C26709150
:101D10000D2680910E2690910F2619C020E030E00C
:101D20004AE754E4609118267091192680911A268A
:101D300090911B260CC020E030E04AE754E460910B
:101D400042267091432680914426909145260E9418
:101D5000575A69837A838B839C8364E0CE01019612
:101D60000E943E192496CDBFDEBFDF91CF9108952A
:101D7000CF93DF9300D01F92CDB7DEB720E030E0E5
:101D80004AE754E460911426709115268091162636
:101D9000909117260E94575A69837A838B839C837C
:101DA00064E0CE0101960E943E192496CDBFDEBFAD
:101DB000DF91CF910895CF93DF9300D01F92CDB7DD
:101DC000DEB7609118267091192680911A2690919D
:101DD0001B260E944F3669837A838B839C8364E041
:101DE000CE0101960E943E192496CDBFDEBFDF9141
:101DF000CF910895CF93DF9300D01F92CDB7DEB778
:101E000020E030E04AE754E4609186257091872510
:101E100080918825909189250E94575A69837A83F9
:101E20008B839C8364E0CE0101960E943E19249628
:101E3000CDBFDEBFDF91CF910895AF92BF92CF9219
:101E4000DF92EF92FF920F931F93CF93DF9300D017
:101E50001F92CDB7DEB7FC016181728183819481CD
:101E600069837A838B839C8320E030E04AE754E4E3
:101E70000E94FD577B018C0120E030E0A9010E9407
:101E8000F95787FF09C019821A821B821C82E12C34
:101E9000F12C00E010E01EC0A0908A25B0908B25A8
:101EA000C0908C25D0908D259501A601B701C80161
:101EB0000E949E59181674F420E030E04AE754E47A
:101EC000B501C6010E94575A69837A838B839C832C
:101ED0007501860164E0CE0101960E943E19C7019A
:101EE000D8018093862590938725A0938825B09369
:101EF00089252496CDBFDEBFDF91CF911F910F9131
:101F0000FF90EF90DF90CF90BF90AF900895CF9368
:101F1000DF9300D01F92CDB7DEB720E030E04AE774
:101F200054E460918A2570918B2580918C25909145
:101F30008D250E94575A69837A838B839C8364E042
:101F4000CE0101960E943E192496CDBFDEBFDF91DF
:101F5000CF910895CF92DF92EF92FF92CF93DF93CC
:101F600000D01F92CDB7DEB7FC01C180D280E380E4
:101F7000F480C982DA82EB82FC822091862530913E
:101F800087254091882550918925C701B6010E9477
:101F9000F95787FF10C020E030E04AE754E4C7015A
:101FA000B6010E94FD576093862570938725809324
:101FB000882590938925C092AE25D092AF25E092D6
:101FC000B025F092B12564E0CE0101960E943E1941
:101FD0002496CDBFDEBFDF91CF91FF90EF90DF90D1
:101FE000CF900895CF93DF9300D01F92CDB7DEB787
:101FF00020E030E04AE754E460910C2670910D2611
:1020000080910E2690910F260E94575A69837A83F9
:102010008B839C8364E0CE0101960E943E19249636
:10202000CDBFDEBFDF91CF910895CF93DF9300D076
:102030001F92CDB7DEB78091FC259091FD25A09130
:10204000FE25B091FF2589839A83AB83BC8364E02E
:10205000CE0101960E943E192496CDBFDEBFDF91CE
:10206000CF91089564E08EE895E20C943E190F93A9
:102070001F93CF93DF9300D01F92CDB7DEB7FC0143
:10208000618172818381948169837A838B839C834C
:1020900006E715E2F801608F718F828F938F20E041
:1020A00030E040E251E40E94FD579B01AC0160E04A
:1020B00070E080E291E40E94BA5A9B01AC0160E0BA
:1020C00070E080E89FE30E94FD57F80160A771A7C8
:1020D00082A793A764E0CE0101960E943E1940E0DA
:1020E00064E576E286E995E20E94F7372496CDBF53
:1020F000DEBFDF91CF911F910F910895CF93DF93B2
:1021000000D01F92CDB7DEB7209192253091932554
:10211000409194255091952560E070E080E89FE320
:102120000E94FD5769837A838B839C8364E0CE0190
:1021300001960E943E192496CDBFDEBFDF91CF915C
:102140000895CF93DF9300D01F92CDB7DEB7FC0187
:10215000218132814381548129833A834B835C837B
:1021600060E070E080E89FE30E94FD576093922555
:1021700070939325809394259093952564E0CE01E8
:1021800001960E943E192496CDBFDEBFDF91CF910C
:1021900008958091DC25882311F084E001C085E05A
:1021A0000C945719FC018181882329F081E08093E8
:1021B000DC2584E003C01092DC2585E00C945719DF
:1021C000F8940E9462191092A8048FE79EE3019789
:1021D000F1F700C0000082E08093850688ED84BF9F
:1021E00081E0809379000895E0E4F6E080E1868361
:1021F0008683809366060C9462190F931F93CF9386
:10220000DF9380919F269091A026A091A126B09166
:10221000A2268093362A9093372AA093382AB09327
:10222000392A8091A3269091A426A091A526B09149
:10223000A62680933A2A90933B2AA0933C2AB093F7
:102240003D2A8091A7269091A826A091A926B09119
:10225000AA2680933E2A90933F2AA093402AB093C7
:10226000412A8091AB269091AC26A091AD26B091E9
:10227000AE268093422A9093432AA093442AB09397
:10228000452A8091AF269091B026A091B126B091B9
:10229000B2268093462A9093472AA093482AB09367
:1022A000492A8091B3269091B426A091B526B09189
:1022B000B62680934A2A90934B2AA0934C2AB09337
:1022C0004D2A8091B7269091B826A091B926B09159
:1022D000BA2680934E2A90934F2AA093502AB09307
:1022E000512A8091BB269091BC26A091BD26B09129
:1022F000BE268093522A9093532AA093542AB093D7
:10230000552A8091BF269091C026A091C126B091F8
:10231000C2268093562A9093572AA093582AB093A6
:10232000592A8091C3269091C426A091C526B091C8
:10233000C62680935A2A90935B2AA0935C2AB09376
:102340005D2A8091C7269091C826A091C926B09198
:10235000CA2680935E2A90935F2AA093602AB09346
:10236000612A8091CB269091CC26A091CD26B09168
:10237000CE268093622A9093632AA093642AB09316
:10238000652A88E1EFECF6E2A6E6BAE201900D924A
:102390008A95E1F780915527909156278093EC2AF2
:1023A0009093ED2A80915D278093F42A80915E2797
:1023B0008093F52A80915F278093F62A8091602789
:1023C0008093F72A809161278093F82A8091E926EB
:1023D0009091EA26A091EB26B091EC268093FE2AFC
:1023E0009093FF2AA093002BB093012B8091ED26B0
:1023F0009091EE26A091EF26B091F0268093022BCB
:102400009093032BA093042BB093052B6091E826A7
:1024100070E080E090E00E94C7586093062B7093B4
:10242000072B8093082B9093092B80917B2690910A
:102430007C26A0917D26B0917E268093FA2A9093E7
:10244000FB2AA093FC2AB093FD2A809176259091D7
:102450007725A0917825B091792580930A2B9093C8
:102460000B2BA0930C2BB0930D2B80918225909178
:102470008325A0918425B09185258093122B90937C
:10248000132BA093142BB093152B80917E25909144
:102490007F25A0918025B091812580930E2B90936C
:1024A0000F2BA093102BB093112B8091AA25909104
:1024B000AB25A091AC25B091AD258093162B9093C0
:1024C000172BA093182BB093192B8091A6259091D0
:1024D000A725A091A825B091A92580931A2B9093A8
:1024E0001B2BA0931C2BB0931D2B80919A259091B0
:1024F0009B25A0919C25B0919D2580931E2B9093A8
:102500001F2BA093202BB093212B80919E2590917F
:102510009F25A091A025B091A1258093222B909377
:10252000232BA093242BB093252B8091A22590914F
:10253000A325A091A425B091A5258093262B909347
:10254000272BA093282BB093292B8091962590912F
:102550009725A0919825B091992580932A2B909347
:102560002B2BA0932C2BB0932D2B8091B7259091E2
:10257000B825A091B925B091BA2580932E2B9093C0
:102580002F2BA093302BB093312B8091BB259091B2
:10259000BC25A091BD25B091BE258093322B909390
:1025A000332BA093342BB093352B8091BF25909182
:1025B000C025A091C125B091C2258093362B909360
:1025C000372BA093382BB093392B80917A2590919B
:1025D0007B2580933A2B90933B2B8091862590917D
:1025E0008725A0918825B091892580933C2B9093D5
:1025F0003D2BA0933E2BB0933F2B80918E25909145
:102600008F25A0919025B09191258093402B909398
:10261000412BA093422BB093432B80919225909114
:102620009325A0919425B09195258093442B909368
:10263000452BA093462BB093472B8091DC258093AC
:10264000512B80918A2590918B25A0918C25B0915A
:102650008D258093482B9093492BA0934A2BB093C0
:102660004B2B8091D72580934C2B8091D82580933C
:102670004D2B8091D9259091DA2580934E2B909304
:102680004F2B8091DB258093502B6CE171E086E32A
:102690009AE20E94FA2F9091522B891721F0809391
:1026A000522BD1E001C0D0E0C0E106E31AE2DD2305
:1026B00029F04C2F60E2C80140D601C080E0CF5F16
:1026C000005E1F4F811104C0C93189F781E001C04C
:1026D00080E0DF91CF911F910F910895FC018081DF
:1026E0009181863E904C11F488DD06C00E94D50889
:1026F0000E94A6470E94983280E0D9C508950E94A2
:10270000983280E0D4C564E081E390E2B7C5FC0173
:1027100081819281A381B481809331209093322072
:10272000A0933320B093342064E081E390E2A6C507
:1027300080915924882311F084E001C085E0B7C559
:10274000F7CFCF93DF9300D01F92CDB7DEB7809144
:10275000282690912926A0912A26B0912B2689839C
:102760009A83AB83BC8364E0CE01019687D524961F
:10277000CDBFDEBFDF91CF910895CF93DF9300D01F
:102780001F92CDB7DEB78091302690913126A0916F
:102790003226B091332689839A83AB83BC8364E06D
:1027A000CE0101966BD52496CDBFDEBFDF91CF91D0
:1027B0000895FC0181819281A381B4818093682670
:1027C00090936926A0936A26B0936B2664E088E60E
:1027D00096E254D50C948632FC01208120932A2065
:1027E0006181728183819481609326207093272078
:1027F0008093282090932920223071F118F4213001
:1028000059F055C02330E1F1243009F050C00E9446
:10281000CA0A0E9486324DC020E030E0A9010E9421
:10282000F957811144C010926C2610926D2680E0F9
:1028300090E0A0E8BFE380936E2690936F26A0936C
:102840007026B09371268093722690937326A0937E
:102850007426B09375262DC020E030E0A9010E94B7
:10286000F95787FD24C080E090E0A0E8BFE38093A3
:102870006E2690936F26A0937026B093712613C096
:1028800020E030E0A9010E949E59181684F080E0F3
:1028900090E0A0E8BFE38093722690937326A09304
:1028A0007426B093752681E08093302002C0109288
:1028B0002A2061E08AE290E2E1C464E084E396E2E7
:1028C000DDC464E08AE390E2D9C464E086E390E288
:1028D000D5C408958F929F92AF92BF92CF92DF920C
:1028E000EF92FF920F931F93CF93DF931F92CDB779
:1028F000DEB7182F8FB78983F89409811230A0F4BE
:1029000010923E2610923F261092402610924126A9
:1029100060E070E0CB010E94572580E880930606B6
:1029200080E48093060661C0809127259091282538
:102930008E7F8093272590932825109252261092FF
:102940005326123009F051C0C0903925D0903A2555
:10295000E0903B25F0903C2580907625909077255F
:10296000A0907825B0907925A5019401C701B60102
:102970000E949E5918164CF4C0924626D0924726C3
:10298000E0924826F092492608C08092462690920E
:102990004726A0924826B092492620E030E040E841
:1029A0005FEBC701B6010E94F957811116C020E004
:1029B00030E04AE753E460914626709147268091C3
:1029C0004826909149260E94FD57609346267093B1
:1029D0004726809348269093492610923E261092CF
:1029E0003F26109240261092412680E880930606EA
:1029F00080E480930606133039F441E064E576E222
:102A000086E995E20E94F7371093DE250FBF0F90FD
:102A1000DF91CF911F910F91FF90EF90DF90CF90BA
:102A2000BF90AF909F908F9008950F931F93CF9377
:102A3000DF93FED000EC18E0F80180818F7B80836B
:102A4000C0ECD9E088818F7B888380EC98E00E947D
:102A5000C84FF80180818061808380EC99E00E94FA
:102A6000C84F888180618883E0E4F6E082E0828B51
:102A700084E0828783E081870E94DF250E94CD3732
:102A800080E028DF61E085EF9CE18CD2DF91CF917F
:102A90001F910F9117C40F931F93CF93DF931F9232
:102AA000CDB7DEB7182F80E092E00E94C4058FB743
:102AB0008983F89429813091000244E0149FC00179
:102AC0001124832B809300022FBF80910602812363
:102AD0001813FBCF10930602812F837021F41695F3
:102AE0001695E2E001C0E0E010FFEF5F88E0E89FAC
:102AF000F0011124E05EFD4F0481158180E092E039
:102B00000E94E00580913E209801281B310987FD35
:102B10003395C9010F90DF91CF911F910F910895C7
:102B2000E0915B25F0E0A0915B25B0E0A95BBA4D98
:102B300014968C91EE5BFF4D808380915B25811113
:102B400036C08091412081110BC081E080935F25C8
:102B500090914220963009F049C0809373240895E3
:102B60008091422090911820891720F081E0809375
:102B70005F250895893031F461E089E790E00E9493
:102B80008D57FFCFE82FF0E09F01220F331FE20F98
:102B9000F31FED5AF74D20813181232B39F38093B8
:102BA0007524828180933F20811120C016C08091BE
:102BB0005B2590913F20891319C0882361F0282F4D
:102BC00030E0F901EE5BFF4D9081F901EB58FB4DD0
:102BD00090838150F2CF10923F208091A8048F7C87
:102BE0008093A80461E083EE96E1DCC10895CF9361
:102BF000DF931F92CDB7DEB7E82FE695E695E69511
:102C000090E2E99FF0011124E05FF94F8770E80F2F
:102C1000F11D8FB78983F8949981808187708083B3
:102C20008081886180839FBF0F90DF91CF9108954D
:102C3000BFC2CF9384E08093820688E080938206AF
:102C4000C1E0C093E20782E08093E20782E2CFDF37
:102C500083E2CDDF88E7CBDF89E7C9DF8FE39CE93B
:102C60000197F1F700C000008091880682FFC093B1
:102C700040208091880683FD05C0809140208E5FB2
:102C8000809340208091E80780FD05C0809140201E
:102C90008C5F809340208091E80781FD05C0809182
:102CA0004020885F8093402080914020CF910895FC
:102CB0000E943E5087E08093A2000E949357B9DFA4
:102CC00060E975E1AFD281E080934120E1C0FAC2B2
:102CD00081E080937324F6C2CF93DF93CDB7DEB744
:102CE0002897CDBFDEBF8FE089831B821C821D82A7
:102CF000809118208A831E821F82188668E0CE0188
:102D00000196BCD22896CDBFDEBFDF91CF9108954A
:102D1000E9E2F5E281E0848385E1858368E0CF0123
:102D2000ADC280917424C3D2109274240895EF929E
:102D3000FF921F93CF93DF93CDB7DEB76597CDBFDB
:102D4000DEBF7C01FC011081812F90E0103148F43E
:102D50002DE0289FB001299F700D112464577D4FED
:102D600009C040972DE0289FB001299F700D1124C4
:102D7000645A7C4F4DE050E0CE0101960E94F85C11
:102D8000F7018181811109C01E878B858F878C8512
:102D9000888B8D85898B64E00AC088E0FE013396BC
:102DA000DE011E9601900D928A95E1F768E0CE0152
:102DB0000E9664D26596CDBFDEBFDF91CF911F9195
:102DC000FF90EF900895CF9360E083EE96E1EAD014
:102DD000CFB7F894109241208091752490E0FC01C7
:102DE000EE0FFF1F8E0F9F1FFC01ED5AF74D019054
:102DF000F081E02D86E794E2199581E080934120EF
:102E0000CFBFCF910895CF93DF93FC012081318113
:102E1000263E304CC9F5EC0140E06BE189E295E2D9
:102E200057D29B812C814A81477050E04730510531
:102E300010F5FA018827E250FF4F8F4F0C94CE5BBC
:102E4000909329251AC090932A2517C090932B257B
:102E500014C090932C2511C0913069F490932D25C6
:102E60000CC0953141F490932E2507C090932F25E7
:102E70002093302502C086E008C040E06BE189E283
:102E800095E25BD280E001C083E0DF91CF910FC279
:102E9000DF92EF92FF920F931F93CF93DF93CDB703
:102EA000DEB72D97CDBFDEBF3CE8E32E32E0F32E38
:102EB00003E518E24DE050E0B701CE0101960E9413
:102EC000F85C89819A81F801808391838B85828364
:102ED000FDE0EF0EF11C0D5F1F4F88E2033818076D
:102EE00049F790E1F92EE09018202DE0D22EFE1443
:102EF00008F50F2D10E0C8014097D89EB001D99E6B
:102F0000700D1124645A7C4F4DE050E0CE010196C3
:102F10000E94F85CF801EE0FFF1F0E0F1F1FF80153
:102F2000ED5AF74D89819A81808391838B858283C5
:102F3000F394DDCF80E0BBD12D96CDBFDEBFDF9116
:102F4000CF911F910F91FF90EF90DF9008958091A6
:102F500045259091462501968093452590934625D9
:102F60000895FB014FB7F8942091452530914625EF
:102F70004FBF60817181A9012617370730F0461BCA
:102F8000570B4817590760F007C041505109461BBD
:102F9000570B4817590720F02083318381E00895AB
:102FA00080E00895E0E1F0E22091442544E0249F90
:102FB00090011124205F3F4DE217F30749F0208173
:102FC00031812817390711F4628308953496ECCFC4
:102FD0000895CF93DF93EC010E94175767EA77E1DA
:102FE000CE010E9457578981887F898380E09DE7C1
:102FF0008EA39FA38E818C7F8E838E8181608E8332
:103000008881807F81608883DF91CF910895FF92CE
:103010000F931F93CF93DF93CDB7DEB72997CDBF23
:10302000DEBF8C01F62E29833A834B835C83220F0B
:10303000331F441F551F60E078E488EE91E00E9442
:10304000AC5BDA01C9010597A109B1098D839E83A3
:10305000AF83B887F9860115110509F496C0003CC5
:10306000110511F460E105C0011584E0180719F499
:1030700064E080E088C00038E1E01E0711F462E0FF
:10308000F8CF0115F1E01F0711F461E0F2CF00382D
:1030900083E0180711F461E005C00115E2E01E07A6
:1030A00019F462E081E06FC00032F3E01F0719F409
:1030B00064E082E068C0011588E0180711F461E05F
:1030C0005AC00115E9E01E0711F461E04DC0011579
:1030D000FAE01F0711F461E055C0003488E01807DA
:1030E00011F462E048C00034E9E01E0711F462E028
:1030F0003BC00039F8E01F0711F464E03CC0003920
:1031000089E0180711F464E02FC00039EAE01E07D7
:1031100011F464E037C0003CF8E01F0711F468E0E8
:103120002AC0003C89E0180711F468E01DC0003A8D
:10313000E8E01E0711F460E11EC0003AF9E01F0745
:1031400011F460E111C0003A8AE0180711F460E15F
:1031500019C0003BE8E01E0711F460E20CC0003B20
:10316000F9E01F0719F460E284E00DC0003884E044
:10317000180719F460E483E006C0003AE4E01E0793
:1031800021F460E485E00E946250BE016F5F7F4FD2
:10319000C8010E94F606F801818188608183299622
:1031A000CDBFDEBFDF91CF911F910F91FF900895AA
:1031B00020E731E141E050E060E580E894E027CF8E
:1031C000CF93DF93CDB7DEB72B97CDBFDEBFFE0128
:1031D00031963BE0DF011D923A95E9F729836F8331
:1031E000788750E049875A8721E02B8728EE33E023
:1031F000DC0114964C914370413021F4BF010E94D0
:103200000B0704C02150310999F78DEF2B96CDBFE4
:10321000DEBFDF91CF910895242F462FBC0180E8B7
:1032200094E0CECF0F931F93CF93C82F8B0160E410
:1032300085E00E946250A80160EA74E08091062057
:10324000909107200E94154D40EC6C2F8091062034
:10325000909107200E94204D209106203091072058
:1032600080E090E0F901E80FF91F148201968830A0
:103270009105C1F7CF911F910F910895693088F49E
:103280002091062030910720FC0180E090E0861715
:1032900040F44191D901A80FB91F1C964C93019697
:1032A000F6CF8091A80480638093A8040895E091EC
:1032B0000620F09107208487E0EAF4E080858063AF
:1032C00080870895E0EAF4E0808580638087089530
:1032D000DF92EF92FF920F931F93CF93DF93CDB7BF
:1032E000DEB7A097CDBFDEBFD82E092F842F162FB3
:1032F000613208F010E240E250E09E012F5F3F4F44
:103300007901B90130E2839FC00111240E949850D5
:10331000ED2DF02FD7018A2F8E19811718F48D917A
:103320008193F9CFA096CDBFDEBFDF91CF911F91E2
:103330000F91FF90EF90DF9008957F928F929F9270
:10334000AF92BF92CF92DF92EF92FF920F931F93B3
:10335000CF93DF93CDB7DEB7A097CDBFDEBF962E5C
:10336000842E8E010F5F1F4F20E2F80111922A95E3
:10337000E9F7F0E24F9F500111246C017801F80148
:10338000DC01702E8E2F801B891518F48D9181938E
:10339000F9CFC8010E94DC50882D0E94EE5040E217
:1033A00050E0B801C5010E9498508E2D87198915EB
:1033B00050F4F70191917F01F60181916F01981707
:1033C000A1F381E001C080E0A096CDBFDEBFDF9118
:1033D000CF911F910F91FF90EF90DF90CF90BF9012
:1033E000AF909F908F907F9008954F925F926F92D1
:1033F0007F928F929F92AF92BF92CF92DF92EF9285
:10340000FF920F931F93CF93DF932B013C01EA01AF
:1034100048015901C880D980EA80FB8020E030E073
:10342000A901C701B6010E94F957811105C0488260
:1034300059826A827B821EC0A501940160E070E01F
:1034400080E89FE30E949457A30192010E94575A7B
:103450002B013C01A5019401C701B6010E94575AF6
:103460009B01AC01C301B2010E9495576883798327
:103470008A839B83DF91CF911F910F91FF90EF90F3
:10348000DF90CF90BF90AF909F908F907F906F9084
:103490005F904F9008954F925F926F927F928F92BC
:1034A0009F92AF92BF92CF92DF92EF92FF920F93D3
:1034B0001F93CF93DF93CDB7DEB72C97CDBFDEBF81
:1034C0001D821E821F8218868090932690909426DB
:1034D000A0909526B0909626809197269091982658
:1034E000A0919926B0919A2689879A87AB87BC8745
:1034F00080915724882349F010922B2810922C2871
:1035000010922D2810922E2810C0CE0101960E94F4
:10351000492789819A81AB81BC8180932B28909324
:103520002C28A0932D28B0932E280E94D737809363
:103530003328909334288130AFEF9A0708F010C1F8
:10354000292F30E0F901EE0FFF1FEE0FFF1FEA5A9F
:10355000FF4DC080D180E280F3808C011127220FC3
:10356000331F220F331FF9019F3F01F1E65AFF4D30
:10357000A701960160817181828193810E94945795
:103580002B013C01B80180E090E00E94C758A301E4
:1035900092010E94575A20E030E040E85BE30E942D
:1035A000575AA70196010E94955724C0EE5AFF4D25
:1035B0002081318142815381C701B6010E94945715
:1035C0002B013C0160E071E0601B710B80E090E03A
:1035D0000E94C758A30192010E94575A20E030E090
:1035E00040E85BE30E94575A9B01AC01C701B6015A
:1035F0000E94945720917B2630917C2640917D2615
:1036000050917E260E9494577B018C012DEC3CEC5E
:103610004CEC5DE3C501B4010E9495579701A801E8
:103620000E94F95718160CF0A0C02DEC3CEC4CECA5
:103630005DE369857A858B859C850E949457970107
:10364000A8010E949E5987FF90C08090902790907B
:103650009127A0909227B090932760912B2870918A
:103660002C2880912D2890912E280E94C958A501C0
:1036700094010E94124D2B013C0120E030E0A90191
:10368000B701C8010E949E592DEC3CEC4CEC5DE367
:1036900087FD23C060919326709194268091952692
:1036A000909196260E9494574B015C019B01AC01BE
:1036B000B701C8010E949E5987FD34C0A50194013D
:1036C000B701C8010E9494572DEC3CEC4CE45EE33A
:1036D0000E94FD574B015C0128C0609197267091B4
:1036E00098268091992690919A260E9495574B0191
:1036F0005C019B01AC01B701C8010E94F957181683
:103700008CF0A5019401B701C8010E9494572DECDB
:103710003CEC4CE45EE30E94FD574B015C01E894F5
:10372000B7F803C0812C912C5401A501940160E0ED
:1037300070E080E89FE30E949457A30192010E94E9
:10374000575A2B013C019701A801C501B4010E9401
:10375000575A9B01AC01C301B2010E94955707C0A3
:1037600060E070E080EC9FE702C0B701C8018B0108
:103770009C01C901B8012C96CDBFDEBFDF91CF916E
:103780001F910F91FF90EF90DF90CF90BF90AF907F
:103790009F908F907F906F905F904F900895CF9201
:1037A000DF92EF92FF921F93CF93DF936091832676
:1037B0007091842680918526909186266B017C01EC
:1037C000E894F7F820E030E0A9010E94F9579091C1
:1037D0005E2787FF02C0892F02C081E089270E94EF
:1037E00023268091612420E03FEF4FE757E48823B0
:1037F000A9F0C701B6010E94575A2AE939E949E1FF
:103800005EE30E94575A20E030E44CE155E40E9408
:10381000575A20E030E84BE354E40EC0C701B6012C
:103820000E94575A2AE939E949E15EE30E94575A52
:1038300020E030E040E250E40E94FD5720E030E01C
:1038400040E05FE30E9495576B017C0120E03FEF71
:103850004FE757E40E949E59181634F0C701B6018D
:103860000E949B58EB0102C0CFEFDFEFC0933C28D2
:10387000D0933D2810915228123058F1612F70E0FA
:1038800080E090E00E94C75820E030E048E453E434
:103890000E94FD579B01AC0160E070E080E89FE36F
:1038A0000E9494576B017C01BE0180E090E00E9471
:1038B000C7589B01AC01C701B6010E94575A0E942C
:1038C0009B5860933C2870933D288FEF810F809325
:1038D000522880913C2890913D28DF91CF911F91F3
:1038E000FF90EF90DF90CF900C94FF251F920F92E6
:1038F0000FB60F92112408B60F9218BE09B60F9298
:1039000019BE0BB60F921BBE2F933F934F935F933D
:103910006F937F938F939F93AF93BF93EF93FF9397
:103920001092592481E08093542080912725909112
:103930002825806880932725909328258091DE256F
:10394000823040F081700E946A1480915C248F5F05
:1039500080935C2484E080932606FF91EF91BF91D1
:10396000AF919F918F917F916F915F914F913F9117
:103970002F910F900BBE0F9009BE0F9008BE0F90B5
:103980000FBE0F901F9018950F931F93CF93DF9347
:1039900006E510E2C0E0D0E06FEC76E280E09C2F1C
:1039A0000E94B74CF80161937193819391938F01B9
:1039B0002196C115F1E0DF0779F7DF91CF911F91D3
:1039C0000F91089584E0809325060895613019F0E1
:1039D000623031F0089540936F255093702508951B
:1039E0004093692550936A2508954F925F926F9294
:1039F0007F928F929F92AF92BF92CF92DF92EF927F
:103A0000FF920F931F93CF93DF9300D01F92CDB7F8
:103A1000DEB780915420882339F08091DE258170B3
:103A20000E946A141092542060E570E282E090E0F7
:103A300098DA882309F4B9C78FB7F89420914525FF
:103A40003091462520935020309351208FBF809194
:103A5000592481111EC0809127259091282587FD2A
:103A600018C028E0209325062093260620914806BA
:103A700022FB222720F92093592420915924211137
:103A800008C08068809327259093282584E0809340
:103A9000260680914A20813009F454C348F08230D0
:103AA00009F445C7833009F47BC710924A207DC7CB
:103AB00080910A20882309F461C0809156248230C5
:103AC00009F138F48823D9F08130B1F58FE896E216
:103AD00030C0843061F138F1853071F58BE896E2C1
:103AE0000E9449278BE09EEFAFE7B0E080938B26E2
:103AF00090938C26A0938D26B0938E2639C080E0BB
:103B000090E013C08FE896E20E94492785EF91E08C
:103B1000A0E8BFEF80938F2690939026A0939126E4
:103B2000B093922625C08FEF9FEFB7D721C08BE8C7
:103B300096E20E9449271CC06FEC76E280915527DF
:103B4000909156270E94B74C609377267093782601
:103B50008093792690937A268091552790915627C5
:103B60009CD70E94953B81E08093462810920A20C2
:103B7000809156248F5F8093562412C780915520E0
:103B8000811114C088DC2091592730915A27409127
:103B90005B2750915C270E9494576093F3277093A2
:103BA000F4278093F5279093F62701C074DC809169
:103BB0004628823008F51092FF27109200281092B4
:103BC00001281092022810920328109204281092C3
:103BD0000528109206281092F7271092F8271092C5
:103BE000F9271092FA271092FB271092FC271092C7
:103BF000FD271092FE272AC0833049F48091832646
:103C000090918426A0918526B091862608C0809147
:103C1000872690918826A0918926B0918A26809344
:103C2000FF2790930028A0930128B0930228609169
:103C3000FF2770910028809101289091022803E3CA
:103C400013E323E73FE343E058E2CFDB80912725EE
:103C50009091282590FF07C080914628817080931D
:103C600046280E94674680915520811130C080917E
:103C70005724882389F080910B2090910C20A091EB
:103C80000D20B0910E208093EF279093F027A09302
:103C9000F127B093F2271EC020917B2630917C261D
:103CA00040917D2650917E266091F3277091F427F4
:103CB0008091F5279091F6270E9495576093EF2702
:103CC0007093F0278093F1279093F22703C08150DF
:103CD0008093552010914628123008F458C0C090A7
:103CE000EF27D090F027E090F127F090F227209175
:103CF000C7263091C8264091C9265091CA26C701CF
:103D0000B6010E949E59181674F02091C326309176
:103D1000C4264091C5265091C626C701B6010E940F
:103D2000F95787FF34C080914B2090914C20A0918F
:103D30004D20B0914E200097A105B10599F4812F37
:103D40008170809346280E94674680912725909134
:103D500028258260809327259093282584E08093EE
:103D6000260615C00197A109B10980934B209093B5
:103D70004C20A0934D20B0934E20C297A105B105D1
:103D8000B0F48091DE2581700E946A1410C0809189
:103D9000CB269091CC26A091CD26B091CE268093B3
:103DA0004B2090934C20A0934D20B0934E208091B7
:103DB000462880FF6BC119821A821B821C82909157
:103DC000E726963009F0DAC0833009F0D7C080903A
:103DD000182690901926A0901A26B0901B2620E055
:103DE00030E040EE50E4C501B4010E94F9571816C6
:103DF0000CF4C2C020E030E040EE50ECC501B4014C
:103E00000E949E5987FDB8C0809152209091532006
:103E10009C012F5F3F4F209352203093532060919D
:103E2000F1267091F226660F771F660F771F0E94AA
:103E3000985B892B09F0A2C0E0906425F09065257D
:103E400000916625109167252091602530916125AC
:103E50004091622550916325C501B4010E94FB3950
:103E600069837A838B839C8320E030E040E251E4D5
:103E70006091E9267091EA268091EB269091EC26DC
:103E80000E94FD579B01AC0160E070E080E291E48C
:103E90000E94BA5A6B017C012091ED263091EE26EA
:103EA0004091EF265091F0268091E8268823B9F0C2
:103EB00069817A818B819C810E949457A701960128
:103EC0000E94575A9B01AC0160917B2670917C2621
:103ED00080917D2690917E260E94945714C069811E
:103EE0007A818B819C810E949457A70196010E9440
:103EF000575A20917B2630917C2640917D26509107
:103F00007E260E94955769837A838B839C83C09019
:103F1000C726D090C826E090C926F090CA262981ED
:103F20003A814B815C81C701B6010E94F95787FF36
:103F300004C0C982DA82EB82FC82C090C326D09092
:103F4000C426E090C526F090C62629813A814B818F
:103F50005C81C701B6010E949E59181624F4C982DB
:103F6000DA82EB82FC8269817A818B819C810E945A
:103F7000B13A0E94953B02C01092E72680914828F2
:103F8000882309F483C080914E288F5F80934E2848
:103F900090914D28891708F479C020E030E04AE775
:103FA00054E46091F3277091F4278091F527909164
:103FB000F6270E94575A2091492830914A2840916B
:103FC0004B2850914C280E94575A6B017C0120E0ED
:103FD00030E0A9010E94F95720E030E040E05FE3C3
:103FE00087FF05C0C701B6010E94945704C0C701EE
:103FF000B6010E9495576B017C0120E030E04EEF46
:1040000052E40E949E5918167CF020E030E040E017
:1040100053ECC701B6010E94F95787FD07C0C701DD
:10402000B6010E94965803C06FE701C060E8ECE952
:10403000F7E24FB7F894A081B1816C9380819181B0
:10404000019680839183268137812817390720F4D0
:104050008481958180839183828593856085718534
:104060008617970720F40196828793870CC0828178
:1040700093810196828393832817390720F48481E2
:104080009581828393834FBF10924E28809146285A
:104090008230A1F1833009F083C4409027285090EA
:1040A00028286090292870902A282091592730913B
:1040B0005A2740915B2750915C2760917726709139
:1040C00078268091792690917A260E9495579B01B7
:1040D000AC016091EF277091F0278091F1279091CA
:1040E000F227ACE9AA2EA7E2BA2EBBE9CB2EB6E2A4
:1040F000DB2E830172010E94BA341AC0E090B3260D
:10410000F090B4260091B5261091B6262091AF26E6
:104110003091B0264091B1265091B2266091872609
:10412000709188268091892690918A260E94FB3979
:1041300060938326709384268093852690938626A9
:104140002EDB2EC480911A25811124C020E030E09E
:1041500040E450E460913E2670913F2680914026D5
:10416000909141260E94575A20E030E048E251E405
:104170000E94575A9B01AC0160E070E08AEF92E424
:104180000E94945760931F257093202580932125CA
:10419000909322250E946136609314267093152611
:1041A000809316269093172606E616E626E63FE34A
:1041B00048E156E21AD980912A258C36B1F420E0E4
:1041C00030E040E251E46091142670911526809110
:1041D0001626909117260E94FD576093142670931F
:1041E0001526809316269093172680912A208130D9
:1041F00029F008F4B0C0843068F1ADC0C090142636
:10420000D0901526E0901626F090172627E137EB80
:1042100041ED58E3C701B6010E949E59181634F4C7
:1042200080916C2690916D2601970FC027E137EBA6
:1042300041ED58EBC701B6010E94F95787FF87C0CF
:1042400080916C2690916D26019680936C269093B8
:104250006D2681C020913020609114267091152622
:104260008091162690911726222371F021E0209349
:104270002F2060932B2070932C2080932D209093DF
:104280002E201092302067C006E616E626E63FE3B1
:104290004BE250E2AAD880912F2091E0980F9093A2
:1042A0002F20853608F457C020E030E04AE754E478
:1042B00060912B2070912C2080912D2090912E20A8
:1042C0000E94575A6B017C0160932B2070932C2025
:1042D00080932D2090932E2080912A208230E9F027
:1042E0008330A9F520E030E040E251E460912620DF
:1042F0007091272080912820909129200E94575A60
:10430000A70196010E94FD57609372267093732651
:1043100080937426909375261AC020E030E040E226
:1043200051E460912620709127208091282090915F
:1043300029200E94575AA70196010E94FD576093B9
:104340006E2670936F26809370269093712610923C
:104350002A200E9486320E94F436609300267093D1
:104360000126809302269093032606E616E626E6AB
:104370003FE344E056E239D80E946C376093F82559
:104380007093F9258093FA259093FB2506E616E6AF
:1043900026E63FE34CEF55E228D81091DE25123097
:1043A00098F42AE037ED43E25CE360913E26709199
:1043B0003F2680914026909141260E949E591816D2
:1043C0001CF4812F0E946A148091DE25843018F03D
:1043D00081700E946A14F090DE2521E02F1508F00C
:1043E0007EC00091522610915326043F81E01807A9
:1043F00008F08EC08090FC259090FD25A090FE25B1
:10440000B090FF25209168263091692640916A2658
:1044100050916B2660913E2670913F2680914026F8
:10442000909141260E949557A50194010E94575AE8
:1044300020E030E0A9010E949E5918169CF480915A
:1044400027259091282591608093272590932825F2
:104450008F2D81700E946A1480915A248F5F8093FF
:104460005A248CC0B80180E090E00E94C75820E038
:1044700030E048E451E40E94F957811104C060E043
:1044800070E0CB0114D3809152269091532601966F
:104490008093522690935326843F914001F580915A
:1044A000DE258230A9F410924F20209168263091A9
:1044B000692640916A2650916B2660913E26709144
:1044C0003F2680914026909141260E949557EFD239
:1044D00080E88093050680E48093050661C210920F
:1044E000422610924326109244261092452610929E
:1044F000FC251092FD251092FE251092FF251092AA
:104500000C2610920D2610920E2610920F2648C2ED
:1045100020911B2530911C2540911D2550911E2571
:104520006091302670913126809132269091332609
:104530000E949E59181634F58F2D81700E946A14BE
:10454000809127259091282580628093272590933C
:1045500028258091302690913126A0913226B09165
:1045600033268093382690933926A0933A26B09329
:104570003B2680915B248F5F80935B2484E0809353
:1045800026060EC28090EF279090F027A090F1278A
:10459000B090F22720918225309183254091842587
:1045A00050918525C501B4010E949E59181674F0DA
:1045B00020917E2530917F25409180255091812545
:1045C000C501B4010E94F95787FF0EC08F2D81707D
:1045D0000E946A14809127259091282594608093E9
:1045E000272590932825CACF82E0F81629F023E0EA
:1045F000F21609F459C1D4C1C0904626D09047267E
:10460000E0904826F090492620E030E0A901C7015B
:10461000B6010E949E5990914F20181624F09130B7
:1046200009F031C185C0913009F482C0A0F08090BA
:104630003E2690903F26A0904026B0904126409084
:104640007625509077256090782570907925923066
:1046500009F44CC0BBC08090392590903A25A090B9
:104660003B25B0903C2520917625309177254091CF
:10467000782550917925C501B4010E949E591816DC
:104680000CF052C040903E2650903F26609040264D
:1046900070904126A3019201C501B4010E949E5968
:1046A00018160CF0DDC0A3019201C501B4010E94EF
:1046B00094579B01AC01C701B6010E949E5987FD2A
:1046C00012C080923E2690923F26A0924026B09241
:1046D00041261092462610924726109248261092A4
:1046E000492681E022C0A301920188C0A301920162
:1046F000C501B4010E9494579B01AC01C701B601EA
:104700000E949E5987FD9EC040923E2650923F26B1
:1047100060924026709241261092462610924726BB
:10472000109248261092492683E080934F2098C02B
:10473000B8016F5F7F4F609352267093532680E0DD
:1047400090E00E94C7586B017C0120E030E048EC0B
:1047500052E460913D2570913E2580913F259091D6
:1047600040250E94575A20E030E04AEF53E40E946F
:1047700095579B01AC01C701B6010E949E591816BE
:104780000CF06EC082E080934F202091762530910E
:104790007725409178255091792560913925709140
:1047A0003A2580913B2590913C250E94945720E02A
:1047B00030E048EC52E40E94FD5760934626709327
:1047C000472680934826909349264AC0A301920128
:1047D000C501B4010E94F95787FF15C0A5019401D6
:1047E000C301B2010E9494579B01AC01C701B601FD
:1047F0000E949E5987FF15C0A5019401C701B6010B
:104800000E94955725C0A3019201C501B4010E94E1
:1048100094579B01AC01C701B6010E949E5987FDC8
:1048200011C040923E2650923F26609240267092E0
:104830004126109246261092472610924826109242
:1048400049260EC0A7019601C501B4010E949457E4
:1048500060933E2670933F26809340269093412696
:10486000209168263091692640916A2650916B26E6
:1048700060913E2670913F2680914026909141267E
:104880000E94955714D160913E2670913F268091E9
:1048900040269091412606E616E626E63FE342E4EE
:1048A00056E20E94F5197CC08091DC25882389F0AE
:1048B0008091082690910926A0910A26B0910B2696
:1048C000B0588093082690930926A0930A26B093A7
:1048D0000B2620918625309187254091882550917F
:1048E0008925609108267091092680910A26909169
:1048F0000B26E4E5AE2EE6E2BE2EF6E9CF2EF5E27B
:10490000DF2EE12CF12C87010E94F63860933E26C1
:1049100070933F26809340269093412620916826ED
:104920003091692640916A2650916B26A9CF00915B
:104930000820109109200F3F110509F088F56FEC50
:1049400076E280E0902F0E94B74C000F111F000FFD
:10495000111FF801EA5AFF4D6083718382839383AC
:1049600080910820909109200196809308209093CF
:10497000092081159140A1F460917B2670917C26DD
:1049800080917D2690917E260E94B13A8091552794
:104990009091562780935727909358270E94953BD4
:1049A00080914A208F5F80934A202496CDBFDEBF3E
:1049B000DF91CF911F910F91FF90EF90DF90CF90FB
:1049C000BF90AF909F908F907F906F905F904F902F
:1049D00008957F928F929F92AF92BF92CF92DF9273
:1049E000EF92FF920F931F93CF93DF9300D0CDB739
:1049F000DEB7982E5B01842E752EC12CD12C76014A
:104A000000E412E42FE030E043E060E070E0C50134
:104A10000E94DF4F8FB78B83F894DB8079828A8284
:104A2000F501808180648083092D069506950695A1
:104A3000F0E20F9F800111241A5F892D877021E019
:104A400030E0790101C0EE0C8A95EAF79E2DF8015D
:104A5000E682F80180858923E1F742E050E0BE015B
:104A60006F5F7F4FC5010E940050F801E582F5019C
:104A700090819F7B9083DFBE2396CDBFDEBFDF9109
:104A8000CF911F910F91FF90EF90DF90CF90BF904B
:104A9000AF909F908F907F900895AC0160EC79E08B
:104AA0008AE197CFAC0160EC78E084E192CF20916D
:104AB0002A252C3659F420E03FEF4FE757E40E94B7
:104AC000575A20E030E040EA50E404C020E03FEFD5
:104AD0004FE757E40E94575A20E030E046E153E4A4
:104AE0000E94575A20E030E04AE753E40E94FD5705
:104AF0000E949B58CB01D6CFBF92CF92DF92EF920C
:104B0000FF920F931F93CF93DF93CDB7DEB7259717
:104B1000CDBFDEBF7B0140935D2450935E249CEFAC
:104B200090935F24109260249FB79D83F894BD807A
:104B300090915D2420915E2430915F244091602407
:104B400049833A832B839C83FB01908190649083FB
:104B5000082F069506950695F0E20F9F8001112417
:104B60001A5F877021E030E0690101C0CC0C8A95A2
:104B7000EAF79C2DF801C682F80180858923E1F7C8
:104B800043E050E0BE016E5F7F4FC7010E940050BE
:104B9000F801C582F70190819F7B9083BFBE259667
:104BA000CDBFDEBFDF91CF911F910F91FF90EF90AE
:104BB000DF90CF90BF900895809361240895CF92A5
:104BC000DF92EF92FF920F931F93C12CD12C7601AD
:104BD00000E412E42FE030E042E060E070E080ECBE
:104BE00099E00E94DF4F4FEF5FEF60EC79E08BE1DF
:104BF0001F910F91FF90EF90DF90CF907DCFCF92DC
:104C0000DF92EF92FF920F931F93CF93DF93EC010C
:104C1000C12CD12C760100E412E42FE030E042E018
:104C200060E070E080EC99E00E94DF4FAE0160EC44
:104C300079E08BE1DF91CF911F910F91FF90EF9081
:104C4000DF90CF9059CF882331F082E080936606C1
:104C500000C081E005C081E08093660600C082E06C
:104C60008093650608954F925F926F927F928F9224
:104C70009F92AF92BF92CF92DF92EF92FF920F93EB
:104C80001F93CF93DF93CDB7DEB72597CDBFDEBFA0
:104C90004C015B01742EC12CD12C760100E412E48E
:104CA0002FE030E040E060E070E0C5010E94DF4F9F
:104CB0008FB78D83F8949D818114910409F4CFC03E
:104CC00084E0E6E6F4E2DF011D928A95E9F780913F
:104CD000692487708862809369244091662450918A
:104CE000672460916824709169247F7740936624DB
:104CF00050936724609368247093692470936224AE
:104D0000609363245093642440936524F50180816B
:104D100080648083E72DE695E695E69520E2E29FA4
:104D2000F00111246F018AEFD81A872D877021E0D6
:104D300030E001C0220F8A95EAF7422FD60116967D
:104D40002C93F60180858423E1F742E654E2DE01EC
:104D50001596BE016F5F7F4FFA018191AF01F5019A
:104D60008383412C512C3201F501828187FD0DC0D6
:104D7000F8EE4F16F3E05F0661047104A9F0FFEF4F
:104D80004F1A5F0A6F0A7F0AEFCF88EE481683E05A
:104D900058066104710441F0F50183818E93A617D2
:104DA000B707D1F680E001C08DEFD60115962C93A0
:104DB000811156C039813295369537702A81722F0C
:104DC000770F770F770F472F432B322F329536957A
:104DD00037702B81722F770F770F770F572F532B49
:104DE0002295269527703C81732F770F770F770FC9
:104DF000672F622B6A01E62ECC24E7FCC394DD24E6
:104E0000EE2421E0E32FE07235FF20E02C15B1F015
:104E100070E0E1111EC07F6FE0916A24F0E0EE0FB8
:104E2000FF1FE559FB4D40805180052C000C6608A2
:104E30007708440D551D661D771D0BC066232CF0A9
:104E400041E050E060E87FEF04C04FEF5FEF6FE7B5
:104E500070E0F401408351836283738301C080E07A
:104E6000D5012C912F7B2C939FBF2596CDBFDEBF04
:104E7000DF91CF911F910F91FF90EF90DF90CF9036
:104E8000BF90AF909F908F907F906F905F904F906A
:104E900008954CE160EC79E0E6DE082E000C990BF9
:104EA0000895009729F0FC012081213009F420C0E9
:104EB0008FEF9FEF0895F5CF009749F0FC01208117
:104EC000211105C021E0208381E090E008958FEF5B
:104ED0009FEF0895CF93DF93009729F0EC01ECDF6B
:104EE00022E0298302C08FEF9FEFDF91CF910895D9
:104EF000009761F0FC012081213041F440856781F9
:104F000005960E940C1981E090E008958FEF9FEFC5
:104F10000895CF93DF93009789F0FC012081213021
:104F200069F4EC0184E1808782E08783CF01C3DFED
:104F30008D819E8198278927982702C080E090E084
:104F4000DF91CF91089500000895FC0180818230A7
:104F500099F038F4882369F0813029F520912806EA
:104F600013C0843079F058F08131E9F42091E807DA
:104F70000BC02091080608C02091480605C020916A
:104F8000680602C02091880681E090E0018002C09E
:104F9000880F991F0A94E2F730E082239323892B2C
:104FA00011F084E001C085E00C94571980914125EF
:104FB0000C945719CF93DF931F921F92CDB7DEB792
:104FC00080912725909128259C01306C29833A8374
:104FD0009F73892B11F00E94E21C62E0CE010196C2
:104FE0000E943E190F900F90DF91CF910895CF93BB
:104FF000DF931F921F92CDB7DEB7FC0181819281B2
:105000008095909520912725309128258223932300
:105010008093272590932825906C89839A8362E05A
:10502000CE0101960E943E190F900F90DF91CF9113
:105030000895CF93DF9300D01F92CDB7DEB7809154
:105040007E2590917F25A0918025B091812589832F
:105050009A83AB83BC8364E0CE0101960E943E1923
:105060002496CDBFDEBFDF91CF910895CF93DF931C
:1050700000D01F92CDB7DEB7809182259091832515
:10508000A0918425B091852589839A83AB83BC83C5
:1050900064E0CE0101960E943E192496CDBFDEBF8A
:1050A000DF91CF9108950F931F93CF93DF9300D09B
:1050B0001F92CDB7DEB78C0120E030E04AE754E420
:1050C000609135257091362580913725909138254E
:1050D0000E94575A69837A838B839C83F80180816D
:1050E0009181863E904C31F464E0CE0101960E949D
:1050F0003E1903C083E00E9457192496CDBFDEBF3E
:10510000DF91CF911F910F9108950F931F93CF932C
:10511000DF9300D01F92CDB7DEB78C0120E030E0E6
:105120004AE754E46091312570913225809133250E
:10513000909134250E94575A69837A838B839C838C
:10514000F80180819181863E904C31F464E0CE017B
:1051500001960E943E1903C083E00E9457192496CD
:10516000CDBFDEBFDF91CF911F910F9108950F93B7
:105170001F93CF93DF9300D01F92CDB7DEB78C0182
:1051800020E030E04AE754E46091392570913A25F7
:1051900080913B2590913C250E94575A69837A83E0
:1051A0008B839C83F80180819181863E904C31F401
:1051B00064E0CE0101960E943E1903C083E00E9484
:1051C00057192496CDBFDEBFDF91CF911F910F916C
:1051D000089562E082E495E20C943E19CF92DF924A
:1051E000EF92FF920F931F93CF93DF93FC01018106
:1051F0001281D381C48120E030E040E85FE3609118
:1052000082257091832580918425909185250E9427
:1052100094576B017C019B01AC01B8018D2F9C2F31
:105220000E949E5918161CF48601DE2DCF2D20E019
:1052300030E040EA51ECB8018D2F9C2F0E94F957C5
:1052400087FF04C000E010E0D0EAC1EC4FEC56E26A
:10525000B8018D2F9C2F0E94524B6FEC76E20E947A
:10526000B74C60937E2570937F2580938025909323
:105270008125C0907B26D0907C26E0907D26F09002
:105280007E26A70196010E949E59181644F4C092EA
:105290007E25D0927F25E0928025F092812564E0E2
:1052A0008EE795E20E943E19DF91CF911F910F91F9
:1052B000FF90EF90DF90CF900C949832CF92DF92D6
:1052C000EF92FF920F931F93CF93DF93FC01018125
:1052D0001281D381C48120E030E040E85FE3609137
:1052E0007E2570917F2580918025909181250E9457
:1052F00095576B017C019B01AC01B8018D2F9C2F50
:105300000E94F95787FF03C08601DE2DCF2D20E0D4
:1053100030E04CE852E4B8018D2F9C2F0E949E593A
:10532000181624F400E010E0DCE8C2E44FEC56E28A
:10533000B8018D2F9C2F0E94524B6FEC76E20E9499
:10534000B74C609382257093832580938425909336
:105350008525C0907B26D0907C26E0907D26F0901D
:105360007E26A70196010E94F95787FF08C0C092C8
:105370008225D0928325E0928425F092852564E0F1
:1053800082E895E20E943E19DF91CF911F910F9123
:10539000FF90EF90DF90CF900C949832CF93DF93F3
:1053A000CDB7DEB76097CDBFDEBFFC019081218114
:1053B000628173816D877E87188A9A3009F471C182
:1053C00020F5943009F493C068F4913009F486C054
:1053D00008F470C0923009F488C0933009F0DBC142
:1053E0008FE0DAC1973009F4A7C038F4953009F49A
:1053F00082C0963009F483C0CEC1983009F4D6C07B
:10540000993009F0C8C181E049C1933309F490C1D2
:1054100088F49C3009F475C108F463C19D3009F427
:1054200079C1923309F0B7C162E0CE010D960E94B6
:105430003E197DC1963309F496C138F5943309F4C9
:105440008CC1953309F0A7C180912725909128251B
:105450008E7F809327259093282580E880930506EA
:1054600080E4809305066091762570917725809180
:1054700078259091792560933E2670933F268093FE
:1054800040269093412613DB88C1973309F480C1ED
:10549000933609F080C140E068E0CE0101960E9499
:1054A00068190E940F5140E068E0CE0101960E9409
:1054B0009D1973C1223061F018F4213049F00BC0FE
:1054C000233031F0243039F484E08093582465C1CE
:1054D0002093582462C1109258245FC185E0888BC4
:1054E00080E880930506000003C08AE055C180E88B
:1054F0008093060652C180E8809305064EC1223093
:1055000049F02330B1F0213009F047C1862F0E94C5
:105510004B153BC10E94613669877A878B879C87D0
:1055200069857A858B859C850E949B586D877E87CF
:1055300034C10E94DB3729C1213041F028F02230EC
:1055400009F02BC182E02FC0862FA8C06230710500
:1055500088F080E090E0AAE7B4E4809382259093FD
:105560008325A0938425B093852580E090E0AAE769
:10557000B4EC10C080E090E0A0EFB1E4809382250D
:1055800090938325A0938425B093852580E090E0B7
:10559000A0E2B1E480937E2590937F25A09380259F
:1055A000B0938125862F0E946A14F7C08CEE91E596
:1055B000A8EBBFE380939F269093A026A093A126FB
:1055C000B093A2268FE195E8ABEEBDE38093A326CE
:1055D0009093A426A093A526B093A6268FE892ECDC
:1055E000A5EFBCE38093A7269093A826A093A926B5
:1055F000B093AA2681E080935F27809360278093F1
:1056000061274FEC56E260E070E0CB010E94524B04
:105610006FEC76E20E94B74C6093C3267093C42669
:105620008093C5269093C6264FEC56E260E070E06A
:1056300088E492E40E94524B6FEC76E20E94B74CF1
:105640006093C7267093C8268093C9269093CA2674
:1056500040E06CE977E28BE996E20E9430336D8599
:105660007E8580E090E00E94C7580E94B13A809108
:1056700055279091562780935727909358270E943B
:10568000953B80E090E0AAEFB3E48093B32690933B
:10569000B426A093B526B093B62683E00E94674651
:1056A0007CC080E8222331F08093050680E480935B
:1056B000050607C08093060680E4809306061D86D3
:1056C0001E868D859E858130904520F080E090E596
:1056D0008D879E874D855E8560EC78E084E179D981
:1056E0005CC00E9461360E949B58688B0E94F43611
:1056F0000E949B58688B0E946C370E949B58688B55
:105700004CC0222321F081E08093572446C01092A0
:10571000572443C080E090E00E94C75860930B205C
:1057200070930C2080930D2090930E2036C0FFCFF5
:1057300062E0CE010D960E943E1960E070E080E0CC
:105740000E94121981E0809381068093860682E090
:10575000809381068093860620C08091A8048F7C68
:105760008093A80421C0211103C081E090E007C00C
:105770002B3008F02AE039E1239FC00111248093E7
:10578000F1269093F226822F90E08D879E8705C0A8
:1057900080916124F9CF8AE2888B88898F8762E0C3
:1057A000CE010D960E943E196096CDBFDEBFDF91FF
:1057B000CF910895CF93DF93FC012081D1812130D7
:1057C00041F08D2F0E9467468D2FDF91CF910C9471
:1057D0005719CD2FD430C0F78091DE25C817A1F31B
:1057E0008091480682FD03C0C23008F0C1708C2F42
:1057F0000E946A1480E88C0FE8CFFC0180819181BF
:10580000863E904C29F464E08DE395E20C943E19B9
:1058100083E00C945719CF92DF92EF92FF92CF93CF
:10582000DF93FC0120813181263E304C09F068C0B5
:10583000EC0140E06BE189E295E20E946819CA80C0
:10584000DB80EC80FD8020E030E040E85FEBC701CA
:10585000B6010E94F95781110DC080E090E0A0E8E8
:10586000BFEB8093392590933A25A0933B25B093C5
:105870003C253EC020E030E04AE754E4C701B601D1
:105880000E94FD576B017C0123E333E343ED5FE3AB
:105890000E949E5918164CF0C0923925D0923A2594
:1058A000E0923B25F0923C250CC083E393E3A3ED0B
:1058B000BFE38093392590933A25A0933B25B0937D
:1058C0003C2520E030E0A9016091392570913A250E
:1058D00080913B2590913C250E94F95787FF08C095
:1058E0001092392510923A2510923B2510923C25B2
:1058F00040E06BE189E295E20E949D1980E001C0E1
:1059000083E0DF91CF91FF90EF90DF90CF900C94E8
:105910005719CF92DF92EF92FF92CF93DF93FC0162
:1059200020813181263E304C09F04EC0EC0140E030
:105930006BE189E295E20E946819CA80DB80EC8005
:10594000FD8020E030E040EA50E4C701B6010E944B
:105950009E5918164CF0C0923D25D0923E25E092FB
:105960003F25F09240250CC080E090E0A0EAB0E432
:1059700080933D2590933E25A0933F25B0934025ED
:1059800020E030E040E05FE360913D2570913E25EE
:1059900080913F25909140250E94F95787FF0CC0C8
:1059A00080E090E0A0E0BFE380933D2590933E250A
:1059B000A0933F25B093402540E06BE189E295E25A
:1059C0000E949D1980E001C083E0DF91CF91FF909C
:1059D000EF90DF90CF900C945719CF93DF93FC0199
:1059E00020813181263E304CC1F4EC0140E06BE176
:1059F00089E295E20E9468198A81809341258B8112
:105A00009C81809342259093432540E06BE189E29D
:105A100095E20E949D1980E001C083E0DF91CF9163
:105A20000C945719CF92DF92EF92FF920F931F932E
:105A3000CF93DF93FC0120813181263E304C09F069
:105A4000B3C0EC0140E06BE189E295E20E94681985
:105A500020E030E04AE754E46A817B818C819D81BB
:105A60000E94FD5760933525709336258093372526
:105A70009093382520912A252C3669F423EC35EFB4
:105A800048EA5EE30E949E591816CCF483EC95EF29
:105A9000A8EABEE30CC023E333E343ED5FE30E94D7
:105AA0009E59181664F483E393E3A3EDBFE3809358
:105AB000352590933625A0933725B093382540E0BF
:105AC0006BE189E295E20E949D1980E00E945719DE
:105AD000E0903525F0903625009137251091382536
:105AE0006091AA257091AB258091AC259091AD2550
:105AF00020E030E0A9010E94FB396093AA25709351
:105B0000AB258093AC259093AD25C0903525D090E2
:105B10003625E0903725F090382520917625309174
:105B200077254091782550917925C701B6010E94CB
:105B3000F95787FF44C0C0927625D0927725E0922E
:105B40007825F0927925C0923E26D0923F26E092A9
:105B50004026F09241268091DE25823080F120E0BF
:105B600030E0A90160914626709147268091482631
:105B7000909149260E94F957811121C020916826F1
:105B80003091692640916A2650916B26C701B60173
:105B90000E949557DF91CF911F910F91FF90EF9049
:105BA000DF90CF900C94572583E0DF91CF911F9128
:105BB0000F91FF90EF90DF90CF900C945719DF91E9
:105BC000CF911F910F91FF90EF90DF90CF900895AC
:105BD000CF92DF92EF92FF920F931F93CF93DF93B9
:105BE000FC0120813181263E304C09F0B3C0EC012C
:105BF00040E06BE189E295E20E94681920E030E024
:105C00004AE754E46A817B818C819D810E94FD5723
:105C100060933125709332258093332590933425FA
:105C200020912A252C3669F423EC35EF48EA5EE30F
:105C30000E949E591816CCF483EC95EFA8EABEE3B7
:105C40000CC023E333E343ED5FE30E949E59181633
:105C500064F483E393E3A3EDBFE380933125909352
:105C60003225A0933325B093342540E06BE189E2DF
:105C700095E20E949D1980E00E945719E09031251D
:105C8000F090322500913325109134256091AA259A
:105C90007091AB258091AC259091AD2520E030E04E
:105CA000A9010E94FB396093AA257093AB258093CC
:105CB000AC259093AD25C0903125D0903225E09051
:105CC0003325F09034252091762530917725409129
:105CD000782550917925C701B6010E94F95787FFB1
:105CE00044C0C0927625D0927725E0927825F09234
:105CF0007925C0923E26D0923F26E0924026F0922F
:105D000041268091DE25823080F120E030E0A9013B
:105D100060914626709147268091482690914926A9
:105D20000E94F957811121C020916826309169267F
:105D300040916A2650916B26C701B6010E94955783
:105D4000DF91CF911F910F91FF90EF90DF90CF9057
:105D50000C94572583E0DF91CF911F910F91FF9015
:105D6000EF90DF90CF900C945719DF91CF911F9156
:105D70000F91FF90EF90DF90CF900895FC0180810C
:105D80008230A1F040F4882379F0813009F067C0B7
:105D90008181885F13C0843079F058F0813109F037
:105DA0005EC0818188580AC0818108C08181805F7E
:105DB00005C08181885E02C08181805E80930F2052
:105DC00080910F20803299F180910F20813279F1FA
:105DD00080910F20A82FA695A695A69530E2A39FA7
:105DE000D0011124BA5F282F277081E090E0AC0128
:105DF00002C0440F551F2A95E2F711964C9320914B
:105E00000F20A22FA695A695A69550E2A59FD0019A
:105E10001124BA5F3281277001C0880F2A95EAF7F2
:105E2000332319F015968C9302C016968C9390919B
:105E30000F20E92FE695E695E69580E2E89FF001D0
:105E40001124FA5F3085292F277081E090E001C08E
:105E5000880F2A95EAF7832311F084E001C085E0DA
:105E60000C945719FC01808162E0813019F081E5C2
:105E700098E203C08BE596E290E00C943E19FC0199
:105E80008081813019F08091462803C08091DE2501
:105E900080580C945719FC01808162E0813019F020
:105EA0008FE498E202C089ED96E20C943E19FC0161
:105EB00020818181213031F08093512862E081E599
:105EC00098E206C08093DB2562E08BE596E290E0E5
:105ED0000C943E19FC01808131812281813049F08E
:105EE00030934F282093502862E08FE498E20C947E
:105EF0003E19832F922F8230910548F48093D92543
:105F00009093DA2562E089ED96E290E0F0CF80E0B0
:105F100090E0F4CFE0E1F6E0808188618193E831A0
:105F200086E0F807C9F7E0E3F6E0808188618193B5
:105F3000E43386E0F807C9F7E0E5F6E080818861A0
:105F40008193E83586E0F807C9F7E0E7F6E080815D
:105F500088618193E83786E0F807C9F7E0E9F6E061
:105F6000808188618193E43986E0F807C9F78091E0
:105F7000F00788618093F0078091F1078861809332
:105F8000F10708951F920F920FB60F92112408B6D1
:105F90000F9218BE09B60F9219BE0BB60F921BBE18
:105FA0002F933F934F935F936F937F938F939F9321
:105FB000AF93BF93EF93FF9380E88093742487E4BB
:105FC00095E20E94C34DFF91EF91BF91AF919F91D8
:105FD0008F917F916F915F914F913F912F910F9092
:105FE0000BBE0F9009BE0F9008BE0F900FBE0F9012
:105FF0001F901895FC01680F791F80E0E617F707DE
:1060000019F09191890FFACF08958F929F92AF92D4
:10601000BF92CF92DF92EF92FF920F931F93CF9395
:1060200040E06BE189E295E20E94681980912A259F
:10603000C0903525D0903625E0903725F090382552
:106040008C36C1F423EC35EF48EA5EE3C701B601B4
:106050000E949E5918164CF020E030E0A901C701BB
:10606000B6010E94F957181624F18DEC9CECACE4B3
:10607000BEE317C023E333E343ED5FE3C701B6019B
:106080000E949E5918164CF020E030E0A901C7018B
:10609000B6010E94F957181664F08AE999E9A9EC4B
:1060A000BFE38093352590933625A0933725B09391
:1060B0003825C0903125D0903225E0903325F090DE
:1060C00034258090352590903625A0903725B090C6
:1060D0003825A5019401C701B6010E949E591816E2
:1060E0004CF020E030E0A901C701B6010E94F95749
:1060F00087FF08C010923125109232251092332567
:1061000010923425C0903925D0903A25E0903B2557
:10611000F0903C25A7019601C501B4010E94F957F2
:1061200087FD09C020E030E0A901C701B6010E9447
:10613000F95787FF12C020E030E040E85FEBC7016D
:10614000B6010E94F957882341F010923925109228
:106150003A2510923B2510923C25C0903D25D090C9
:106160003E25E0903F25F090402520E030E040EAD9
:1061700050E4C701B6010E949E59181654F020E061
:1061800030E040E05FE3C701B6010E94F95787FFA6
:106190000CC080E090E0A0E0BFE380933D259093A9
:1061A0003E25A0933F25B093402588E690E00E94CD
:1061B000D75B5C017C01C6E008E610E04FEF4C0FB6
:1061C0000132110514F060E201C0602FC7010E9486
:1061D000681980E2E80EF11C00521109CF5FCA3045
:1061E00069F767E670E0C50105DFF501E959FF4F82
:1061F0009081981309C088E6F501A6E7B5E2019001
:106200000D928A95E1F702C00E94D508C5010E944F
:106210006F5C8FE692E1A3E8BBE3809396259093B1
:106220009725A0939825B093992580912A258C369F
:10623000A9F423EC35EF48EA5EE36091AA2570915A
:10624000AB258091AC259091AD250E949E591816E2
:106250000CF58DEC9CECACE4BEE314C023E333E31B
:1062600043ED5FE36091AA257091AB258091AC2549
:106270009091AD250E949E59181664F48AE999E917
:10628000A9ECBFE38093AA259093AB25A093AC25FE
:10629000B093AD25C0903525D0903625E0903725B8
:1062A000F0903825A70196016091AA257091AB2541
:1062B0008091AC259091AD250E949E59181644F40A
:1062C000C092AA25D092AB25E092AC25F092AD25E4
:1062D000C090AA25D090AB25E090AC25F090AD25DC
:1062E000A701960160917625709177258091782598
:1062F000909179250E949E59181644F4C0927625F3
:10630000D0927725E0927825F092792585EC90E07F
:106310000E94D75B5C017C0105EC10E04FEF4C0F55
:106320000132110514F060E201C0602FC7010E9424
:10633000681980E2E80EF11C00521109CF5FC131EB
:1063400069F764EC70E0C50155DEF501EC53FF4FD1
:106350009081981309C085ECF501AFE9B6E2019090
:106360000D928A95E1F725C080EC99E00E94C84F14
:10637000C12CD12C760100E412E42FE030E043E0A0
:1063800060E070E080EC99E00E94DF4F8091C009EE
:1063900080618093C0098091C00980648093C009A6
:1063A00080E090E00E94A6478091C0098F7B809397
:1063B000C009C5010E946F5C6FEC76E280915527A1
:1063C000909156270E94B74C9B01AC0160937726B1
:1063D000709378268093792690937A266091592736
:1063E00070915A2780915B2790915C270E94955766
:1063F00060937B2670937C2680937D2690937E26E7
:106400008AE097EDA3E2BCE380939B2690939C26C1
:10641000A0939D26B0939E2680E090E0A0E2B1E498
:106420008093642790936527A0936627B09367278E
:1064300080E090E0A0E8BFE380936827909369270D
:10644000A0936A27B0936B2780936C2790936D2756
:10645000A0936E27B0936F27109270271092712728
:10646000109272271092732710923C2810923D28A8
:106470002AE030E020933E2830933F288093402844
:1064800090934128A0934228B093432881E08093C1
:10649000452880934428809346284FE652E163E8DC
:1064A0007EE34093492850934A2860934B28709389
:1064B0004C2880934D2810924E281092E72680E0B9
:1064C00090E0A0EEB0E48093642590936525A093BE
:1064D0006625B093672580E090E0A0EEB0EC809355
:1064E000602590936125A0936225B09363250E9457
:1064F000953BCF911F910F91FF90EF90DF90CF9040
:10650000BF90AF909F908F900C94063C6EE070E02F
:1065100088E696E26FDD8093762641E060E288E6C9
:1065200096E20E949D1991E0811190E0892F0895D3
:106530000F931F93CF93DF9367E670E086E795E2B2
:1065400059DD8093DD2545E006E715E2C1E0C40F83
:1065500060E2C8010E949D19005E1F4F882311F060
:1065600080E022C04C2FC93089F764EC70E08FE9DD
:1065700096E240DD90916327891721F0809363278D
:10658000D1E001C0D0E00FE916E2DD2349F04C2F45
:1065900060E2C8010E949D19005E1F4F8111E0CF8B
:1065A000CF5FC03191F781E0DF91CF911F910F91C3
:1065B00008950F931F93CF93DF931F92CDB7DEB74C
:1065C00019828FE090E00E94D75B8C0141E06FE080
:1065D0000E9468196EE070E0C8010CDDF801968534
:1065E000981308C08FE0A8E6B6E201900D928A9554
:1065F000E1F702C00E94CA0AC8010E946F5C0F90B6
:10660000DF91CF911F910F91089584DC0E9458165D
:106610000E9481070E94AF08F8DCCBDF0E94C41CF7
:1066200087E08093A200789480E098E00E94E917C8
:1066300082E0809344258093442580911220882312
:1066400029F0E0911020F0911120199580911620E9
:10665000882399F3E0911420F09115201995EDCF3E
:106660002F923F924F925F926F927F928F929F9262
:10667000AF92BF92CF92DF92EF92FF920F931F9350
:10668000CF93DF93CDB7DEB72797CDBFDEBF8C01A9
:106690001B014F83FC01EC53FF4F608170E080E0F1
:1066A00090E00E94C958D80114962D913D914D91CA
:1066B0005C9117970E94575A2B013C01F801EB534C
:1066C000FF4F608170E080E090E00E94C958F801BF
:1066D00020853185428553850E94575A4B015C01C4
:1066E000F801EA53FF4F608170E080E090E00E9483
:1066F000C958D8011C962D913D914D915C911F97E1
:106700000E94575A6B017C01F801E752FF4F40820B
:1067100051826282738220E030E0A901C501B40198
:106720000E94F957F801E352FF4FED83FE83811178
:106730000AC010821182128213823C96108211824A
:10674000128213825BC020E030E0A901C701B601CC
:106750000E94F957F801EF52FF4FE983FA8388232B
:1067600081F0A7019601C501B4010E94575A0E9409
:106770002A5BA981BA816D937D938D939C93139726
:106780000AC0C501B4010E942A5BE981FA816083D5
:10679000718382839383D8018D919D910D90BC91DB
:1067A000A02D89839A83AB83BC839C01AD01C30177
:1067B000B2010E94575AA50194010E94FD57ED8134
:1067C000FE816083718382839383980127513F4FB9
:1067D0002D833E83F801EF52FF4F208131814281AA
:1067E000538169817A818B819C810E94FD57AD81A3
:1067F000BE816D937D938D939C931397F801E7531E
:10680000FF4F80819181A281B38189839A83AB8379
:10681000BC83D8012D913D914D915C9169817A8124
:106820008B819C810E94575AA70196010E9495571F
:106830004B015C01F801EF51FF4FED83FE839B019B
:10684000AC01C701B6010E94FD57AD81BE816D93B9
:106850007D938D939C931397F801EB51FF4FED833C
:10686000FE8329813A814B815C81C301B2010E9480
:10687000575AA70196010E94575AA50194010E94F8
:10688000FD57AD81BE816D937D938D939C9313973E
:10689000BF81BB23B1F0F101ED5AFF4F808191819F
:1068A000A281B381359780839183A283B383389784
:1068B0001082118212821382349610821182128207
:1068C0001382F101E556FF4F10827C9780E090E043
:1068D000A0EAB1E480839183A283B3837D96108282
:1068E0002796CDBFDEBFDF91CF911F910F91FF9013
:1068F000EF90DF90CF90BF90AF909F908F907F9060
:106900006F905F904F903F902F9008954F925F92BD
:106910006F927F928F929F92AF92BF92CF92DF92AF
:10692000EF92FF920F931F9349015A01670178017B
:106930002601370177FA709477F870940E94945783
:1069400087017601A301920156D59B01AC01C501D7
:10695000B4010E9495571F910F91FF90EF90DF9027
:10696000CF90BF90AF909F908F907F906F905F90EF
:106970004F9008952F923F924F925F926F927F9225
:106980008F929F92AF92BF92CF92DF92EF92FF923F
:106990000F931F93CF93DF93CDB7DEB76297CDBF31
:1069A000DEBF6B837C838D839E8329013A01ED8654
:1069B000FE860F87188BC98ADA8A1501D601589688
:1069C0008D909D90AD90BC905B9754968D919D91CC
:1069D0000D90BC91A02D89879A87AB87BC87F60163
:1069E000EE53FF4F8081811108C0A5019401C501BC
:1069F000B4010E94575A4B015C01E989FA89EB52B4
:106A0000FF4FC080D180E280F38020E030E0A90118
:106A1000C701B6010E94F957F101E25BFF4FE9831C
:106A2000FA83882339F0E989FA89E953FF4F808195
:106A3000811108C0A981BA814D925D926D927C92BC
:106A4000139712C0E981FA812081318142815381FB
:106A500087017601C301B20159DFA981BA816D9323
:106A60007D938D939C931397E989FA89E353FF4FA4
:106A70009101225B3F4F29833A83D9012D913D91AA
:106A80004D915C9160817181828193810E94575AFE
:106A90002B813C814D815E810E949457E989FA895E
:106AA000E752FF4F20813181428153810E94575A22
:106AB0002B013C01F101EE5BFF4F60837183828308
:106AC0009383E989FA89EF51FF4F8101065B1F4FDC
:106AD000D8012D913D914D915C91608171818281B0
:106AE00093810E94575A6B017C01F101FE96EF835E
:106AF000F88720813181428153816B817C818D8136
:106B00009E810E949457E989FA89EB51FF4F2081B9
:106B10003181428153810E94575A9B01AC01C701C8
:106B2000B6010E9494579B01AC01D8016D937D93EF
:106B30008D939C931397B6E42B0E311CC301B201C5
:106B40000E949557F10120813181428153810E9439
:106B500095572D853E854F8558890E9495572B0165
:106B60003C018501740129853A854B855C8543D4B8
:106B70004B015C012B813C814D815E81A981BA81F1
:106B80006D917D918D919C910E949457E989FA892C
:106B9000E352FF4F20813181428153810E94575A35
:106BA000F10120813181428153810E9495576B010F
:106BB0007C0109891A8907511F4FA3019201C50160
:106BC000B4010E949457D8012D913D914D915C9153
:106BD0000E94575A9B01AC01C701B6010E9495570C
:106BE000F10160837183828393838B819C81AD816A
:106BF000BE81EF81F88580839183A283B383E98985
:106C0000FA89EE53FF4F8081811119C0C501B4018B
:106C10006296CDBFDEBFDF91CF911F910F91FF90A4
:106C2000EF90DF90CF90BF90AF909F908F907F902C
:106C30006F905F904F903F902F900C942A5BC5010E
:106C4000B4016296CDBFDEBFDF91CF911F910F914E
:106C5000FF90EF90DF90CF90BF90AF909F908F907C
:106C60007F906F905F904F903F902F900895CF93BB
:106C7000DF931F92CDB7DEB7982F8FB78983F89433
:106C80002981E0E0F2E0308144E0949FC0011124CA
:106C9000832B80832FBF0F90DF91CF91089520E049
:106CA00030E048EC52E40E94575A20E030E040E2E5
:106CB00051E40E94FD572CED3CE241EA5FE30C9465
:106CC0009557CF93DF93CDB7DEB72A97CDBFDEBF01
:106CD00080E092E00E94C40581E0C9DF8091060255
:106CE000982F917080FFFACF909306028091240232
:106CF0009091250289879A8780E092E00E94E005C2
:106D000029853A8580916C2690916D26820F931F7C
:106D100089879A8769857A8580E090E00E94C758C4
:106D200020E030E040E250E40E94575A20E030E09A
:106D300040E859E30E94575A20E030E040E05EE32B
:106D40000E94945769837A838B839C8369817A81BB
:106D50008B819C812CED3CE241EA5FE30E949457D9
:106D600020E030E040E251E40E94575A20E030E059
:106D700048EC52E40E94FD576D837E838F83988791
:106D80006D817E818F81988520E030E0A9010E948D
:106D90009E5918166CF46D817E818F8198852091A3
:106DA0006E2630916F2640917026509171260CC04E
:106DB0006D817E818F819885209172263091732616
:106DC00040917426509175260E94575A6D837E8398
:106DD0008F8398876D817E818F8198852A96CDBF1C
:106DE000DEBFDF91CF910895CF92DF92EF92FF92B5
:106DF0000F931F93CF93DF93CDB7DEB72C97CDBF03
:106E0000DEBF80E092E00E94C40582E030DF809126
:106E10000602982F927081FFFACF9093060200919C
:106E20002C0210912D0280E092E00E94E0058091FA
:106E3000922590919325A0919425B09195258983D1
:106E40009A83AB83BC83B80180E090E00E94C7586E
:106E500020E030E040E250E40E94575A20E030E069
:106E600040E859E30E94575A20E030E040E05EE3FA
:106E70000E9494576D837E838F8398876D817E8176
:106E80008F819885C980DA80EB80FC8020E030E833
:106E900049EF53E40E94FD579B01AC0160E070E0B4
:106EA00080E89FE30E94FD57A70196010E94575A70
:106EB00069877A878B879C8769857A858B859C858E
:106EC0002C96CDBFDEBFDF91CF911F910F91FF9028
:106ED000EF90DF90CF9008950F931F93CF93DF93A0
:106EE000CDB7DEB72897CDBFDEBF80E092E00E942D
:106EF000C40584E0BCDE80910602982F947082FF66
:106F0000FACF90930602009134021091350280E08E
:106F100092E00E94E00580912A20882331F0B80198
:106F200080E090E00E94C75830C060916C2670915C
:106F30006D26600F711F80E090E00E94C75820E02E
:106F400030E040E250E40E94575A20E030E040E850
:106F500059E30E94575A20E030E040E05EE30E948F
:106F6000945769837A838B839C8369817A818B812F
:106F70009C819B01AC010E9495576D837E838F831A
:106F800098876D817E818F8198852896CDBFDEBFE1
:106F9000DF91CF911F910F91089589E0EEE7F4E220
:106FA000DF011D928A95E9F7CF010C946A278EE7DD
:106FB00094E20C948927CF93DF9380E092E00E94C3
:106FC000C40582E054DE80910602982F927081FF02
:106FD000FACF90930602C0912C02D0912D0280E04E
:106FE00092E00E94E005CE01DF91CF9108952F92AB
:106FF0003F924F925F926F927F928F929F92AF9249
:10700000BF92CF92DF92EF92FF920F931F93CF9395
:10701000DF93CDB7DEB72797CDBFDEBF8E839F83CB
:107020008B014D83DC0114968D919D910D90BC9147
:10703000A02D89839A83AB83BC83EE81FF818084FA
:107040009184A284B384C484D584E684F78485A71C
:1070500096A7A7A7B0AB80E090E0A0E8BFE385A328
:1070600096A3A7A3B0A720E030E0A901C501B40111
:107070000E94F9572E813F81235C3F4F19018111F6
:107080000EC0AE81BF81D1961D921D921D921C92A1
:10709000D497F90110821182128213824AC020E033
:1070A00030E0A901C701B6010E94F957882389F091
:1070B000A7019601C501B4010E94575A0E942A5B9C
:1070C000AE81BF8199966D937D938D939C939C9790
:1070D0000AC0C501B4010E942A5BEE81FF8161A74D
:1070E00072A783A794A7AE81BF814D905D906D90EC
:1070F0007C90A301920169817A818B819C810E949D
:10710000575AA50194010E94FD57EE81FF8161ABA2
:1071100072AB83AB94AB21A532A543A554A5C301A3
:10712000B2010E94FD57D1016D937D938D939C9385
:107130001397EE81FF8141A052A063A074A020812B
:10714000318142815381C301B2010E94575AA70184
:1071500096010E9495574B015C019B01AC01C70150
:10716000B6010E94FD57AE81BF81D5966D937D9388
:107170008D939C93D897A301920169817A818B8129
:107180009C810E94575AA70196010E94575AA50157
:1071900094010E94FD57EE81FF8161AF72AF83AF12
:1071A00094AFFD81FF2361F0D80118961D921D92C6
:1071B0001D921C921B97F801148615861686178659
:1071C0002796CDBFDEBFDF91CF911F910F91FF902A
:1071D000EF90DF90CF90BF90AF909F908F907F9077
:1071E0006F905F904F903F902F9008952F923F9215
:1071F0004F925F926F927F928F929F92AF92BF92C7
:10720000CF92DF92EF92FF920F931F93CF93DF9372
:10721000CDB7DEB72C97CDBFDEBF2B013C012B8352
:107220003C834D835E83CB86DC86A982BA82D601FD
:1072300054961C91549755960C91559756963C90A0
:10724000569757962C90579795962D913D914D9125
:107250005C9198976B817C818D819E810E94575AA9
:10726000A30192010E949457F60125A536A547A5D2
:1072700050A90E94575A6F83788789879A87D501CA
:1072800014966D937D938D939C9317971C962D91D7
:107290003D914D915C911F97F60165A976A987A94B
:1072A00090AD0E94575A6B017C01D5012D913D9103
:1072B0004D915C91C301B2010E949457EB85FC850E
:1072C00021AD32AD43AD54AD0E94575A9B01AC0184
:1072D000C701B6010E9494574B015C01A981BA8194
:1072E0001C966D937D938D939C931F971896CD90CC
:1072F000DD90ED90FC901B97A70196016F8178853A
:1073000089859A850E949557A50194010E949557F9
:107310004B015C019B01AC01612F702F832D922DDD
:107320000E94F95787FD12C020E030E0A901B401A6
:10733000C5010E94F95787FF05C010E000E0312C1D
:10734000212C04C0182D092D3A2C2B2CA3019201BD
:107350006B817C818D819E810E949457EB85FC8599
:1073600021A932A943A954A90E94575AA7019601FD
:107370000E9495576B017C018B859C85CD968B83F4
:107380009C839401A501612F702F832D922D0E9463
:107390009457AB81BC812D913D914D915C910E94A0
:1073A000575A9B01AC01C701B6010E949557E9816C
:1073B000FA816087718782879387408251826282D7
:1073C0007382612F702F832D922D2C96CDBFDEBF3F
:1073D000DF91CF911F910F91FF90EF90DF90CF90B1
:1073E000BF90AF909F908F907F906F905F904F90E5
:1073F0003F902F9008958F929F92AF92BF92CF921D
:10740000DF92EF92FF920F931F93CF93DF936B0165
:10741000D82FC92F49015A019701A8010E949E59EE
:1074200018166CF09401A501B6018D2F9C2F0E94B7
:10743000F95787FF07C06401DA2DCB2D03C0670120
:10744000D02FC12FB6018D2F9C2FDF91CF911F918F
:107450000F91FF90EF90DF90CF90BF90AF909F90F3
:107460008F9008952091BB263091BC264091BD2677
:107470005091BE2660E070E084E392E40C9494574F
:107480004F925F926F927F928F929F92AF92BF9234
:10749000CF92DF92EF92FF922091DB263091DC2693
:1074A0004091DD265091DE2660E070E080E89FE3A9
:1074B0000E94FD576B017C016093D3267093D42604
:1074C0008093D5269093D6266091DF267091E02692
:1074D0008091E1269091E2260E94E4592B013C0123
:1074E00023E333E948E853E46091E3267091E4260E
:1074F0008091E5269091E6260E9495579B01AC016C
:1075000060E070E080E89FE30E94FD574B015C0162
:10751000A3019201C701B6010E94575A9B01AC0119
:10752000C501B4010E9494576093CF267093D02672
:107530008093D1269093D2261092D7261092D826E7
:107540001092D9261092DA26FF90EF90DF90CF901C
:10755000BF90AF909F908F907F906F905F904F9073
:1075600008952F923F924F925F926F927F928F92E7
:107570009F92AF92BF92CF92DF92EF92FF920F93C2
:107580001F93CF93DF93CDB7DEB72C97CDBFDEBF70
:107590007B018C01209055273090562780915927E8
:1075A00090915A27A0915B27B0915C2789879A8791
:1075B000AB87BC878091772690917826A091792619
:1075C000B0917A268D839E83AF83B88780917B2686
:1075D00090917C26A0917D26B0917E2689839A8306
:1075E000AB83BC838090C7269090C826A090C92604
:1075F000B090CA269B01A801B401C5010E94F957A9
:1076000087FF02C0740185018090C3269090C42634
:10761000A090C526B090C6269401A501B701C80167
:107620000E94F95787FF02C0740185014FEC56E2B2
:10763000B701C8010E94524B80935527909356275B
:107640006FEC76E20E94B74C4B015C019B01AC01F0
:10765000B701C8010E9494572B013C016093592740
:1076600070935A2780935B2790935C2780927726AC
:1076700090927826A0927926B0927A26C701D801F6
:1076800080937B2690937C26A0937D26B0937E26C4
:1076900069817A818B819C819701A8010E9494570E
:1076A00069837A838B839C8369857A858B859C85A6
:1076B0002D813E814F8158850E9495576D837E8331
:1076C0008F839887CD80DE80EF80F884A3019201BC
:1076D000C501B4010E9495579B01AC01C701B601D9
:1076E0000E9494576D837E838F839887809155275E
:1076F000909156272816390611F00E944D252C9698
:10770000CDBFDEBFDF91CF911F910F91FF90EF9022
:10771000DF90CF90BF90AF909F908F907F906F90B1
:107720005F904F903F902F9008954F925F926F928D
:107730007F928F929F92AF92BF92CF92DF92EF9201
:10774000FF920F931F93CF93DF93C7E7D6E24C804E
:107750005D806E807F804FEC56E2C301B2010E94D3
:10776000B64A9B01AC016093882770938927809368
:107770008A2790938B27812C912C5401B394C12C90
:10778000D12C90E2E92E93E4F92E0FEC16E2C3011E
:10779000B2010E94884B6B017C0100E917E2F801FD
:1077A00060837183828393836C897D898E899F89AD
:1077B0000E94C958A70196010E94124D6C8F7D8FBF
:1077C0008E8F9F8FF801C080D180E280F380688D1A
:1077D000798D8A8D9B8D0E94C958A70196010E94C0
:1077E000124D68A379A38AA39BA3DF91CF911F9128
:1077F0000F91FF90EF90DF90CF90BF90AF909F9050
:107800008F907F906F905F904F90089520919B266E
:1078100030919C2640919D2650919E266091AB26EA
:107820007091AC268091AD269091AE260E94575A59
:1078300020E030E040E752E40E94FD57609370275B
:1078400070937127809372279093732780914628B5
:10785000833081F48091EF279091F027A091F12758
:10786000B091F2278093EA279093EB27A093EC271F
:10787000B093ED27089520E030E0A9016091B7268C
:107880007091B8268091B9269091BA260E9495579A
:107890006093D8247093D9248093DA249093DB24C6
:1078A00064E088ED94E20C943E19CF93DF9300D00E
:1078B0001F92CDB7DEB7D6DD69837A838B839C8335
:1078C00064E0CE0101960E943E192496CDBFDEBF32
:1078D000DF91CF910895CF92DF92EF92FF92CF93F5
:1078E000DF9300D01F92CDB7DEB7FC01C180D280FC
:1078F000E380F4802DEC3CEC4CEC5DE3C701B60179
:107900000E94F95787FD05C0C982DA82EB82FC82AA
:1079100008C08DEC9CECACECBDE389839A83AB830F
:10792000BC83A0DD6B017C0120E030E040EA51E443
:107930000E949E59181634F4C12CD12C80EAE82EEE
:1079400081E4F82E29813A814B815C81C701B6011F
:107950000E94F95787FF04C0C982DA82EB82FC8259
:1079600020E030E0A901C701B6010E94F95787FF66
:1079700008C08DEC9CECACECBDE389839A83AB83AF
:10798000BC8389819A81AB81BC818093B726909317
:10799000B826A093B926B093BA2664E0CE0101962A
:1079A0000E943E192496CDBFDEBFDF91CF91FF909C
:1079B000EF90DF90CF900895CF92DF92EF92FF92F9
:1079C000CF93DF9300D01F92CDB7DEB720E030E435
:1079D0004CE156E4FC0161817281838194810E94B3
:1079E000575A0E94065B0E9496580E94C95820E090
:1079F00030E44CE156E40E94FD5769837A838B831F
:107A00009C83C090C726D090C826E090C926F090ED
:107A1000CA26A70196010E949E59181624F4C9820D
:107A2000DA82EB82FC82C090C326D090C426E0901C
:107A3000C526F090C62629813A814B815C81C70119
:107A4000B6010E949E59181624F4C982DA82EB828C
:107A5000FC8264E0CE0101960E943E1969817A8120
:107A60008B819C817EDD8091552790915627809354
:107A700057279093582759DE2496CDBFDEBFDF915C
:107A8000CF91FF90EF90DF90CF90089564E08BEF5F
:107A900097E20C943E19CF93DF9300D01F92CDB79D
:107AA000DEB78091EF279091F027A091F127B09158
:107AB000F22789839A83AB83BC8364E0CE0101966D
:107AC0000E943E192496CDBFDEBFDF91CF9108956D
:107AD000CF92DF92EF92FF92CF93DF9300D01F926D
:107AE000CDB7DEB7FC01C180D280E380F48020E016
:107AF00030E0A901C701B6010E94F95787FD05C012
:107B0000C982DA82EB82FC8204C019821A821B824B
:107B10001C8264E0CE0101960E943E1989819A81FF
:107B2000AB81BC8180939F269093A026A093A12631
:107B3000B093A22640E06CE977E28BE996E20E94DE
:107B400030332496CDBFDEBFDF91CF91FF90EF9011
:107B5000DF90CF900895CF92DF92EF92FF92CF9374
:107B6000DF9300D01F92CDB7DEB7FC01C180D28079
:107B7000E380F48020E030E0A901C701B6010E9453
:107B8000F95787FD05C0C982DA82EB82FC8204C006
:107B900019821A821B821C8264E0CE0101960E9427
:107BA0003E1989819A81AB81BC818093A3269093F1
:107BB000A426A093A526B093A62640E06CE977E220
:107BC0008BE996E20E9430332496CDBFDEBFDF9171
:107BD000CF91FF90EF90DF90CF900895CF92DF92FA
:107BE000EF92FF92CF93DF9300D01F92CDB7DEB715
:107BF000FC01C180D280E380F48020E030E0A90164
:107C0000C701B6010E94F95787FD05C0C982DA8213
:107C1000EB82FC8204C019821A821B821C8264E0FF
:107C2000CE0101960E943E1989819A81AB81BC8167
:107C30008093A7269093A826A093A926B093AA265E
:107C400040E06CE977E28BE996E20E9430332496BB
:107C5000CDBFDEBFDF91CF91FF90EF90DF90CF904F
:107C60000895CF92DF92EF92FF92CF93DF9300D0EF
:107C70001F92CDB7DEB7FC01C180D280E380F480D3
:107C800020E030E0A901C701B6010E94F95787FD45
:107C900005C0C982DA82EB82FC8204C019821A8292
:107CA0001B821C8264E0CE0101960E943E1969810C
:107CB0007A818B819C816093AB267093AC268093F4
:107CC000AD269093AE2620919B2630919C26409124
:107CD0009D2650919E260E94575A20E030E040E7B2
:107CE00052E40E94FD576093702770937127809330
:107CF0007227909373278ADD2496CDBFDEBFDF9174
:107D0000CF91FF90EF90DF90CF900895CF93DF93C6
:107D100000D01F92CDB7DEB780919F269091A0260C
:107D2000A091A126B091A22689839A83AB83BC83BC
:107D300064E0CE0101960E943E192496CDBFDEBFBD
:107D4000DF91CF910895CF93DF9300D01F92CDB7ED
:107D5000DEB78091A3269091A426A091A526B0918C
:107D6000A62689839A83AB83BC8364E0CE01019607
:107D70000E943E192496CDBFDEBFDF91CF910895BA
:107D8000CF93DF9300D01F92CDB7DEB78091A726A7
:107D90009091A826A091A926B091AA2689839A83BA
:107DA000AB83BC8364E0CE0101960E943E19249609
:107DB000CDBFDEBFDF91CF910895CF93DF9300D089
:107DC0001F92CDB7DEB78091AB269091AC26A091E3
:107DD000AD26B091AE2689839A83AB83BC8364E0E1
:107DE000CE0101960E943E192496CDBFDEBFDF91E1
:107DF000CF910895CF92DF92EF92FF92CF93DF93CE
:107E000000D01F92CDB7DEB7FC01C180D280E380E5
:107E1000F480C982DA82EB82FC8220E030E0A901A2
:107E2000C701B6010E949E5918166CF4C092DB2659
:107E3000D092DC26E092DD26F092DE2621DB64E0A3
:107E4000CE01019603C064E08BED96E20E943E19DC
:107E50002496CDBFDEBFDF91CF91FF90EF90DF90F2
:107E6000CF900895CF92DF92EF92FF92CF93DF935E
:107E700000D01F92CDB7DEB7FC01C180D280E38075
:107E8000F48023E333E948E853ECC701B6010E94CC
:107E9000F95787FD05C0C982DA82EB82FC8208C0EF
:107EA00083E393E9A8E8B3EC89839A83AB83BC832B
:107EB00020E030E04AE754E469817A818B819C813B
:107EC0000E949E59181644F480E090E0AAE7B4E4BA
:107ED00089839A83AB83BC8389819A81AB81BC817E
:107EE0008093E3269093E426A093E526B093E626BC
:107EF000C7DA64E0CE0101960E943E192496CDBFF8
:107F0000DEBFDF91CF91FF90EF90DF90CF9008958B
:107F1000CF92DF92EF92FF92CF93DF9300D01F9228
:107F2000CDB7DEB7FC01C180D280E380F48020E0D1
:107F300030E040E85FE3C701B6010E94F95787FDD2
:107F400005C0C982DA82EB82FC8208C080E090E042
:107F5000A0E8BFE389839A83AB83BC8389819A813C
:107F6000AB81BC818093DF269093E026A093E1262D
:107F7000B093E22685DA64E0CE0101960E943E19B4
:107F80002496CDBFDEBFDF91CF91FF90EF90DF90C1
:107F9000CF900895CF93DF9300D01F92CDB7DEB777
:107FA000FC0181819281A381B48189839A83AB830F
:107FB000BC8364E0CE0101960E943E1989819A81BA
:107FC000AB81BC818093CF269093D026A093D126FD
:107FD000B093D2262496CDBFDEBFDF91CF91089516
:107FE000CF92DF92EF92FF92CF93DF9300D01F9258
:107FF000CDB7DEB7FC01C180D280E380F480C982B6
:10800000DA82EB82FC8220E030E0A901C701B601F0
:108010000E949E591816E4F4C092D326D092D4261A
:10802000E092D526F092D626A701960160E070E096
:1080300080E89FE30E94FD576093DB267093DC2667
:108040008093DD269093DE2664E0CE01019603C086
:1080500064E083ED96E20E943E192496CDBFDEBF18
:10806000DF91CF91FF90EF90DF90CF900895CF9365
:10807000DF9300D01F92CDB7DEB7FC0181819281E2
:10808000A381B48189839A83AB83BC8364E0CE01EE
:1080900001960E943E1989819A81AB81BC818093AF
:1080A000D7269093D826A093D926B093DA26249683
:1080B000CDBFDEBFDF91CF910895CF93DF9300D086
:1080C0001F92CDB7DEB78091DB269091DC26A09180
:1080D000DD26B091DE2689839A83AB83BC8364E07E
:1080E000CE0101960E943E192496CDBFDEBFDF91DE
:1080F000CF910895CF93DF9300D01F92CDB7DEB715
:108100008091E3269091E426A091E526B091E626A1
:1081100089839A83AB83BC8364E0CE0101960E947D
:108120003E192496CDBFDEBFDF91CF910895CF9346
:10813000DF9300D01F92CDB7DEB78091DF269091FC
:10814000E026A091E126B091E22689839A83AB8351
:10815000BC8364E0CE0101960E943E192496CDBFF7
:10816000DEBFDF91CF910895CF93DF9300D01F92B0
:10817000CDB7DEB78091CF269091D026A091D126A1
:10818000B091D22689839A83AB83BC8364E0CE010D
:1081900001960E943E192496CDBFDEBFDF91CF919C
:1081A0000895CF93DF9300D01F92CDB7DEB78091B3
:1081B000D3269091D426A091D526B091D626898336
:1081C0009A83AB83BC8364E0CE0101960E943E1982
:1081D0002496CDBFDEBFDF91CF910895CF93DF937B
:1081E00000D01F92CDB7DEB78091D7269091D826C8
:1081F000A091D926B091DA2689839A83AB83BC8378
:1082000064E0CE0101960E943E192496CDBFDEBFE8
:10821000DF91CF910895CF93DF9300D01F92CDB718
:10822000DEB78091B3269091B426A091B526B09187
:10823000B62689839A83AB83BC8364E0CE01019622
:108240000E943E192496CDBFDEBFDF91CF910895E5
:1082500064E087EB96E20C943E19CF92DF92EF92A6
:10826000FF92FC01C180D280E380F48020E030E006
:1082700040E250E4C701B6010E949E5918166CF006
:1082800020E030E0A901C701B6010E94F95787FF3D
:108290000AC0C12CD12C760106C0C12CD12C80E2A1
:1082A000E82E80E4F82EC092B326D092B426E09255
:1082B000B526F092B62680915D27811109C01092F3
:1082C000AF261092B0261092B1261092B2260CC0A2
:1082D000F7FAF094F7F8F094C092AF26D092B02657
:1082E000E092B126F092B22664E083EB96E2FF9032
:1082F000EF90DF90CF900C943E19CF93DF9300D096
:108300001F92CDB7DEB78091032890910428A091E9
:108310000528B091062889839A83AB83BC8364E0E7
:10832000CE0101960E943E192496CDBFDEBFDF919B
:10833000CF910895EF92FF920F931F93CF93DF9306
:1083400000D01F92CDB7DEB7FC01618172818381BD
:10835000948169837A838B839C83E090B326F09029
:10836000B4260091B5261091B626A8019701505861
:1083700042D869837A838B839C8364E0CE01019623
:108380000E943E1989819A81AB81BC8180938726A6
:1083900090938826A0938926B0938A26BC01CD01AC
:1083A0009F772DEC3CEC4CEC5FE30E94F957881F63
:1083B0008827881F809347282496CDBFDEBFDF9192
:1083C000CF911F910F91FF90EF90089564E087E89F
:1083D00096E20C943E1964E08FE098E20C943E190A
:1083E00064E083E198E20C943E19FC0161817281A2
:1083F0006A30710510F46AE070E060933E28709373
:108400003F2880E090E00E94C75820E030E04AE733
:1084100054E40E94FD5760939B2670939C268093A2
:108420009D2690939E2662E08EE398E20C943E197E
:1084300062E08EE398E20C943E19FC01818188236E
:1084400029F081E080935E2784E003C010925E27CC
:1084500085E00C94571980915E27882311F084E001
:1084600001C085E00C945719FC018181882329F013
:1084700081E080935F2784E003C010925F2785E04E
:108480000E94571940E06CE977E28BE996E20C9480
:108490003033FC018181882329F081E080936027BB
:1084A00084E003C01092602785E00E94571940E0E5
:1084B0006CE977E28BE996E20C943033FC01818120
:1084C000882329F081E08093612784E003C0109223
:1084D000612785E00E94571940E06CE977E28BE95B
:1084E00096E20C943033FC018181882331F081E0E5
:1084F000809362278BD984E00BC010926227109280
:10850000702710927127109272271092732785E0BE
:108510000C94571980915F27882311F084E001C0E3
:1085200085E00C94571980916027882311F084E02E
:1085300001C085E00C94571980916127882311F0C0
:1085400084E001C085E00C9457198091622788234C
:1085500011F084E001C085E00C945719CF93DF93AC
:1085600000D01F92CDB7DEB7809157248823B9F091
:1085700020917B2630917C2640917D2650917E264D
:108580006091EF277091F0278091F1279091F22769
:108590000E94945720E030E04AE754E40CC020E009
:1085A00030E04AE754E46091F3277091F42780911A
:1085B000F5279091F6270E94575A69837A838B8317
:1085C0009C8364E0CE0101960E943E192496CDBFA3
:1085D000DEBFDF91CF910895CF93DF931F921F925B
:1085E000CDB7DEB7ECE9F7E22FB7F89488EA97E267
:1085F00080839183828393838483958389ED97E23B
:108600008683978382E390E0808791871286138622
:108610002FBF20E030E04AE754E460919B26709140
:108620009C2680919D2690919E260E94575A0E94DA
:108630009B5869837A8381E08093482862E0CE0169
:1086400001960E943E191092D0248FB7F894209181
:1086500045253091462520935020309351208FBFDF
:108660000F900F90DF91CF9108951092482885E0E8
:108670000C94571961E00C943E19CF939FB7F8946E
:108680008091A6279FBF8093D02490E06CE977E289
:108690008091D024981718F5492F50E0FB01CFB7EF
:1086A000F894A281B3818D91A283B383268137810F
:1086B0002A173B0720F424813581228333832285C6
:1086C00033852115310521F0215031092287338767
:1086D000CFBFFA01E356FB4D80839F5FD9CF97E070
:1086E000EDE9F4E2A1EDB4E201900D929A95E1F783
:1086F000883020F087508093CF2402C01092CF247E
:1087000068E080ED94E2CF910C943E190F931F9393
:10871000CF93DF93CDB7DEB72897CDBFDEBF1091E3
:10872000CF24012F193008F008E0402F50E060916D
:10873000D02470E0611B710963567B4DCE01019618
:108740000E94015D101B1093CF2468E0CE010196BA
:108750000E943E192896CDBFDEBFDF91CF911F91B9
:108760000F9108950895FC0181819281A381B481C4
:108770008093492890934A28A0934B28B0934C2883
:1087800064E089E498E20C943E19FC0181818093B5
:108790004D2861E08DE498E20E943E1910924E2827
:1087A00008956FEC76E280915527909156270E94AC
:1087B000B74C60937B2670937C2680937D269093A4
:1087C0007E2664E08BE796E20C943E19FC018181E1
:1087D00090915D278917E1F0811109C01092AF26B1
:1087E0001092B0261092B1261092B22611C040917C
:1087F000B3265091B4266091B5267091B626705874
:108800004093AF265093B0266093B1267093B22662
:1088100080935D27882311F084E001C085E00C94EB
:10882000571980915D27882311F084E001C085E00D
:108830000C945719CF92DF92EF92FF920F931F93F0
:10884000CF93DF93FC0101811281D381C48120E0A9
:1088500030E040E85FE36091C7267091C8268091C0
:10886000C9269091CA260E9494576B017C019B01F6
:10887000AC01B8018D2F9C2F0E949E5918161CF434
:108880008601DE2DCF2D4FEC56E2B8018D2F9C2FA7
:1088900009D76FEC76E20E94B74C6093C3267093C1
:1088A000C4268093C5269093C626C0907B26D09080
:1088B0007C26E0907D26F0907E26A70196010E94FE
:1088C0009E59181644F4C092C326D092C426E09252
:1088D000C526F092C62664E083EC96E2DF91CF9144
:1088E0001F910F91FF90EF90DF90CF900C943E1965
:1088F000CF93DF9300D01F92CDB7DEB78091C32610
:108900009091C426A091C526B091C62689839A83EA
:10891000AB83BC8364E0CE0101960E943E1924968D
:10892000CDBFDEBFDF91CF910895CF92DF92EF925E
:10893000FF920F931F93CF93DF93FC01018112816C
:10894000D381C48120E030E040E85FE36091C3263A
:108950007091C4268091C5269091C6260E94955795
:108960006B017C019B01AC01B8018D2F9C2F0E94F3
:10897000F95787FF03C08601DE2DCF2D4FEC56E25D
:10898000B8018D2F9C2F8ED66FEC76E2F0D76093D6
:10899000C7267093C8268093C9269093CA26C09094
:1089A0007B26D0907C26E0907D26F0907E26A70145
:1089B00096010E94F95787FF08C0C092C726D0923F
:1089C000C826E092C926F092CA2664E087EC96E2B7
:1089D000DF91CF911F910F91FF90EF90DF90CF909B
:1089E0000C943E19CF93DF9300D01F92CDB7DEB722
:1089F0008091C7269091C826A091C926B091CA2619
:108A000089839A83AB83BC8364E0CE0101960E9484
:108A10003E192496CDBFDEBFDF91CF910895CF924E
:108A2000DF92EF92FF92CF93DF9300D01F92CDB7EA
:108A3000DEB7FC01C180D280E380F48020E030E02A
:108A400048E452E4C701B6010E94F95787FF05C008
:108A500080E090E0A8E4B2E413C02AE037ED43E2FE
:108A60005CE4C701B6010E949E5918162CF0C98219
:108A7000DA82EB82FC8208C08AE097EDA3E2BCE4D4
:108A800089839A83AB83BC8320E030E048EC52E4D6
:108A900069817A818B819C810E94575A0E949B58E0
:108AA0006093CB267093CC268093CD269093CE26D0
:108AB00064E0CE0101960E943E192496CDBFDEBF30
:108AC000DF91CF91FF90EF90DF90CF900895CF93FB
:108AD000DF9300D01F92CDB7DEB76091CB267091A7
:108AE000CC268091CD269091CE260E94C75820E0BA
:108AF00030E048EC52E40E94FD5769837A838B830F
:108B00009C8364E0CE0101960E943E192496CDBF5D
:108B1000DEBFDF91CF910895CF93DF931F92CDB742
:108B2000DEB7FC0180818150813009F080E08983CB
:108B300064E080EE94E20E943E190F90DF91CF91A5
:108B4000089564E08CED94E20C943E19CF92DF928C
:108B5000EF92FF92CF93DF9300D01F92CDB7DEB795
:108B6000FC01C180D280E380F48020E030E0A901E4
:108B7000C701B6010E94F95787FD05C0C982DA8294
:108B8000EB82FC8204C019821A821B821C828981BA
:108B90009A81AB81BC818093BF269093C026A0931D
:108BA000C126B093C22664E0CE0101960E943E1910
:108BB0002496CDBFDEBFDF91CF91FF90EF90DF9085
:108BC000CF90089564E08FEB96E20C943E19FC017F
:108BD00081818093E726882329F086E08093E72629
:108BE00084E001C085E00C9457198091E726882322
:108BF00011F084E001C085E00C945719EF92FF92C8
:108C00000F931F93FC016181728183819481E12C18
:108C1000F12C08EC12E420E030E048EC52EC0E9429
:108C2000FB396093E9267093EA268093EB269093B4
:108C3000EC2664E089EE96E21F910F91FF90EF9091
:108C40000C943E1964E089EE96E20C943E19EF9282
:108C5000FF920F931F93FC01618172818381948144
:108C6000E12CF12C00EE10E420E030E040EE50EC7E
:108C70000E94FB396093ED267093EE268093EF26D9
:108C80009093F02664E08DEE96E21F910F91FF9095
:108C9000EF900C943E1964E08DEE96E20C943E1930
:108CA000FC018181882329F081E08093E82684E01B
:108CB00003C01092E82685E00C9457198091E826AD
:108CC000882311F084E001C085E00C945719CF93FC
:108CD000C82F8230D9F118F0833059F05AC080E0A3
:108CE00090E00E94FF25C093462880E2809306060C
:108CF00050C041E06CE977E28BE996E20E943033A4
:108D000080914628823069F46091EF277091F027B6
:108D10008091F1279091F2270E94B13A0E94953BF1
:108D200003C088EC809352288091EF279091F02720
:108D3000A091F127B091F2278093DA279093DB2757
:108D4000A093DC27B093DD2783E01BC00E94953BF6
:108D500080914628833089F48091832690918426DF
:108D6000A0918526B09186268093872690938826A9
:108D7000A0938926B0938A2603C088EC809352285A
:108D800082E08093462881E00E94232680E280933F
:108D90000506CF910895CF92DF92EF92FF92CF9385
:108DA000DF9300D01F92CDB7DEB7FC01C080D18029
:108DB000E280F38020E030E0A901C701B6010E9403
:108DC000F95787FD05C0C982DA82EB82FC8204C0B4
:108DD00019821A821B821C8220E030E040E051E4BC
:108DE00069817A818B819C810E949E59181644F476
:108DF00080E090E0A0E0B1E489839A83AB83BC83F8
:108E000064E0CE0101960E943E1989819A81AB816E
:108E1000BC818093932490939424A0939524B09341
:108E200096240E9498322496CDBFDEBFDF91CF9169
:108E3000FF90EF90DF90CF90089564E083E994E293
:108E40000C943E19CF92DF92EF92FF92CF93DF9373
:108E500000D01F92CDB7DEB7FC01C080D180E28088
:108E6000F38020E030E0A901C701B6010E94F95764
:108E700087FD05C0C982DA82EB82FC8204C01982B8
:108E80001A821B821C8264E0CE0101960E943E1968
:108E900089819A81AB81BC81809397249093982497
:108EA000A0939924B0939A240E9498322496CDBF1F
:108EB000DEBFDF91CF91FF90EF90DF90CF900895CC
:108EC000CF93DF9300D01F92CDB7DEB78091972468
:108ED00090919824A0919924B0919A2489839A839F
:108EE000AB83BC8364E0CE0101960E943E192496B8
:108EF000CDBFDEBFDF91CF910895CF93DF93FC010B
:108F0000C081D0E0CB3FD10510F0CAEFD0E08C2F6C
:108F10000E945719C0939B24DF91CF910C949832F3
:108F200080919B240C94571985E00C94571964E0A8
:108F300087E894E20C943E1964E08FE894E20C9484
:108F40003E1964E08BE894E20C943E19CF92DF92D4
:108F5000EF92FF92CF93DF93C091522B6CE171E0BF
:108F600086E39AE20E94FA2FC813C1C18091362A83
:108F70009091372AA091382AB091392A80939F2660
:108F80009093A026A093A126B093A22680913A2A7E
:108F900090913B2AA0913C2AB0913D2A8093A32630
:108FA0009093A426A093A526B093A62680913E2A4E
:108FB00090913F2AA091402AB091412A8093A72600
:108FC0009093A826A093A926B093AA268091422A1E
:108FD0009091432AA091442AB091452A8093AB26D0
:108FE0009093AC26A093AD26B093AE268091462AEE
:108FF0009091472AA091482AB091492A8093AF26A0
:109000009093B026A093B126B093B22680914A2ABD
:1090100090914B2AA0914C2AB0914D2A8093B3266F
:109020009093B426A093B526B093B62680914E2A8D
:1090300090914F2AA091502AB091512A8093B7263F
:109040009093B826A093B926B093BA268091522A5D
:109050009091532AA091542AB091552A8093BB260F
:109060009093BC26A093BD26B093BE268091562A2D
:109070009091572AA091582AB091592A8093BF26DF
:109080009093C026A093C126B093C22680915A2AFD
:1090900090915B2AA0915C2AB0915D2A8093C326AF
:1090A0009093C426A093C526B093C62680915E2ACD
:1090B00090915F2AA091602AB091612A8093C7267F
:1090C0009093C826A093C926B093CA268091622A9D
:1090D0009091632AA091642AB091652A8093CB264F
:1090E0009093CC26A093CD26B093CE268091EC2AE7
:1090F0009091ED2A80935527909356278091662A68
:109100009091672AA091682AB091692A8093CF260E
:109110009093D026A093D126B093D22680916A2A2C
:1091200090916B2AA0916C2AB0916D2A8093D326DE
:109130009093D426A093D526B093D62680916E2AFC
:1091400090916F2AA091702AB091712A8093D726AE
:109150009093D826A093D926B093DA268091722ACC
:109160009091732AA091742AB091752A8093DB267E
:109170009093DC26A093DD26B093DE268091762A9C
:109180009091772AA091782AB091792A8093DF264E
:109190009093E026A093E126B093E22680917A2A6C
:1091A00090917B2AA0917C2AB0917D2A8093E3261E
:1091B0009093E426A093E526B093E6268091F42AC6
:1091C00080935D278091F52A80935E278091F62A0F
:1091D00080935F278091F72A809360278091F82AF7
:1091E000809361278091F92A809362276091FA2AFF
:1091F0007091FB2A8091FC2A9091FD2A0E94B13A3D
:109200008091552790915627809357279093582700
:109210000E94953B80918A2A8093F326809324278D
:1092200026E33AE287E796E243E0FC01E358FF4F8A
:10923000D901AB5ABF4FCD90DD90ED90FC901397C4
:10924000C082D182E282F38278965896CD90DD90EA
:10925000ED90FC901397C082D182E282F3827996DE
:109260005996CD90DD90ED90FC901397C082D182FD
:10927000E282F38278965896CD90DD90ED90FC9046
:10928000C082D182E282F38241502C5F3F4F04962C
:109290004111CBCF80917E2A8093E7268091802A4E
:1092A0009091812AA091822AB091832A8093E92605
:1092B0009093EA26A093EB26B093EC268091842A23
:1092C0009091852AA091862AB091872A8093ED26D5
:1092D0009093EE26A093EF26B093F02680917F2AFC
:1092E0008093E8268091882A9091892A1CC1109247
:1092F0009F261092A0261092A1261092A2261092CC
:10930000A3261092A4261092A5261092A6261092AB
:10931000A7261092A8261092A9261092AA2610928B
:10932000AB261092AC261092AD261092AE2680E0AD
:1093300090E0A0ECBFEB8093AF269093B026A09373
:10934000B126B093B22680E090E0A0ECBFE380931A
:10935000B3269093B426A093B526B093B62680E0AA
:1093600090E0A0EFB0E48093B7269093B826A09346
:10937000B926B093BA2684E393E3A7E1B0E48093DF
:10938000BB269093BC26A093BD26B093BE2680E05A
:1093900090E0A0E8BFE38093BF269093C026A093FF
:1093A000C126B093C22680E090E0A0EAB0EC8093A2
:1093B000C3269093C426A093C526B093C62680E00A
:1093C00090E0A8E4B2E48093C7269093C826A093C7
:1093D000C926B093CA2682E390E0A0E0B0E0809373
:1093E000CB269093CC26A093CD26B093CE2680E2B8
:1093F00096E6A3E3BAE38093CF269093D026A0937A
:10940000D126B093D22680EB97EFA7E9B9E38093FA
:10941000D3269093D426A093D526B093D626109227
:10942000D7261092D8261092D9261092DA2680E0FC
:1094300090EAA7E5B5E48093DB269093DC26A09321
:10944000DD26B093DE2680E090E4ACE1B6E48093C4
:10945000DF269093E026A093E126B093E22680E0F9
:1094600090E0A8ECB1E48093E3269093E426A093E7
:10947000E526B093E62681E080935D2780935E2702
:1094800010925F2710926027109261271092622736
:1094900060E070E088EC91E40E94B13A8091552739
:1094A0009091562780935727909358270E94953B79
:1094B0001092F32610922427E4EFF6E280E090E089
:1094C000A0E8BFE381939193A193B193148A158A85
:1094D000168A178A85A796A7A7A7B0ABEF01CB5B23
:1094E000DF4F188219821A821B8227E2E030F207CE
:1094F00049F71092E72680E090E0A0EFB1EC80936E
:10950000E9269093EA26A093EB26B093EC261092DE
:10951000ED261092EE261092EF261092F026109271
:10952000E82681E090E08093F1269093F22680E097
:1095300090E0A0EEB0E48093642590936525A0931D
:109540006625B093672580E090E0A0EEB0EC8093B4
:10955000602590936125A0936225B0936325DF91E8
:10956000CF91FF90EF90DF90CF9008954F925F9250
:109570006F927F928F929F92AF92BF92CF92DF9223
:10958000EF92FF92CF93DF93EA0123E333E948E8B8
:1095900053E40E9495579B01AC0160E070E080E8C5
:1095A0009FE30E94FD579B01AC01688179818A810C
:1095B0009B810E9494576B017C01488459846A8482
:1095C0007B8420E030E0A901C301B2010E94F95779
:1095D00081110AC0C701B60190582C813D814E818E
:1095E0005F810E94FD574EC020E030E040E450E42F
:1095F0006C817D818E819F810E94FD57A301920124
:109600000E94FD5720E030E040E450E40E94BA5A46
:109610004B015C01A3019201C701B6010E94FD57F5
:1096200020E030E040E05FE30E94575A6B017C018C
:109630009B01AC010E94575AA50194010E949557C5
:109640000E942A5B4B015C01A70196010E9494577E
:109650002BEA3AEA4AEA5EE30E94BA5A2B013C013D
:10966000A5019401C701B6010E9495572BEA3AEA79
:109670004AEA5EE30E94BA5A9B01AC01C301B201FF
:109680000E949457DF91CF91FF90EF90DF90CF90A1
:10969000BF90AF909F908F907F906F905F904F9012
:1096A0000C946A58CF92DF92EF92FF925FDF6B01CA
:1096B0007C0120E030E44CE156E40E9495579B0188
:1096C000AC01C701B6010E94FD5720E030E040E840
:1096D00057E40E94575A6B017C0120E03FEF4FE7AF
:1096E00057E40E949E5918163CF4C12CDD24DA94EC
:1096F0008FE7E82E87E4F82EC701B6010E94065BCB
:109700000E949B58CB01FF90EF90DF90CF9008957F
:109710004F925F926F927F928F929F92AF92BF9281
:10972000CF92DF92EF92FF920F931F93CF93DF932D
:10973000CDB7DEB72897CDBFDEBF6D837E838F8325
:10974000988729013A01D80118968D919D910D9025
:10975000BC91A02D89839A83AB83BC8320E030E049
:10976000A901BC01CD010E94F95781110CC0F8017B
:10977000248535854685578560E070E080E89FE365
:109780000E94FD5725C020E030E040E450E46981AC
:109790007A818B819C810E94575A69837A838B835B
:1097A0009C83C301B2010E94E4599B01AC010E9459
:1097B000575A29813A814B815C810E94575AD801BE
:1097C00014962D913D914D915C9117970E9495575C
:1097D00069837A838B839C8323E333E948E853E4EA
:1097E0006D817E818F8198850E9495579B01AC0188
:1097F0000E94575AA70196010E94FD576D837E83F0
:109800008F83988720E030E44CE156E4C301B20135
:109810000E9495579B01AC010E94575A6B017C0135
:1098200020E030E44CE156E4C301B2010E94575AF3
:109830009B01AC01C701B6010E94FD572D813E81FD
:109840004F8158850E94575A9B01AC0169817A81EA
:109850008B819C810E94575A6B017C01C501B40128
:109860000E94C7589B01AC01C701B6010E94FD5779
:109870002896CDBFDEBFDF91CF911F910F91FF9052
:10988000EF90DF90CF90BF90AF909F908F907F90A0
:109890006F905F904F9008958F929F92AF92BF927A
:1098A000CF92DF92EF92FF920F931F93CF93DF93AC
:1098B00000D01F92CDB7DEB78A010E94E4596983B8
:1098C0007A838B839C8369817A818B819C81898057
:1098D0009A80AB80BC80C980DA80EB80FC80F80184
:1098E00020853185428553850E94575AA5019401F0
:1098F0000E94575AF80124813581468157810E9480
:109900009557A70196010E94575AF801208131818D
:10991000428153810E9495576B017C0120E030E029
:10992000A9010E949E5918164CF4A701960160E007
:1099300070E080E89FE30E94FD5703C060E070E0A4
:10994000CB0123E333E948E853E40E94945724967B
:10995000CDBFDEBFDF91CF911F910F91FF90EF90B0
:10996000DF90CF90BF90AF909F908F9008958F928F
:109970009F92AF92BF92CF92DF92EF92FF920F939E
:109980001F93CF93DF9300D01F92CDB7DEB78B012B
:10999000009731F0BC0180E090E00E94C75804C0FD
:1099A00060E070E080E89FE320E030E040E857E3CB
:1099B0000E94575A6B017C0120E030E44CE156E4F0
:1099C0000E94575A69837A838B839C8389809A800B
:1099D000AB80BC80A701960160E070E080E89FE367
:1099E0000E9494579B01AC01C501B4010E94FD5730
:1099F00069837A838B839C8369817A818B819C8143
:109A0000A8014ADF2496CDBFDEBFDF91CF911F9121
:109A10000F91FF90EF90DF90CF90BF90AF909F900D
:109A20008F9008950C94575A0895FC0160837183B8
:109A300042835383148A158A168A178A108E0895D2
:109A4000DC01ED91FC91119748634087ED91FC9109
:109A5000660F63870895FC01808DA081B181882302
:109A600041F082E019968C9386E0878B168A108EDF
:109A7000089581E0868B178A18968C9118978B7FB2
:109A800018968C93148A158A0190F081E02D83E05A
:109A900081870895FC01A081B18118968C91189757
:109AA0008B7F18968C93A081B1811A968C911A970E
:109AB00080641A968C9381E0878B168A0895CF93E1
:109AC000DF93EC01E881F9818085846080878C894F
:109AD000E881F9818830D8F484859C89FE01E90FFA
:109AE000F11D8483EA81FB8119958C898F5F8C8BB2
:109AF000888DE881F981882339F082E0818786E0CA
:109B00008F8B1E8A188E08C083E0818705C086E08F
:109B1000818782E08F8B1E8ADF91CF910895CF934A
:109B2000DF93FC018589A081B181882351F01A96C9
:109B30008C911A9784FF05C082E019968C9381E07E
:109B400016C08589883080F48589EF01C80FD11D42
:109B50008C851C968C9385898F5F858B0190F08115
:109B6000E02D83E0818705C082E019968C93878B76
:109B7000168ADF91CF910895DC01ED91FC91228549
:109B800021FDCDCF9CCFFC01A081B1811A968C9193
:109B900082FF04C0148A158A84E013C083FF04C0C6
:109BA000148A158A83E00DC086FF06C080FF02C0BC
:109BB000CF0151CFCF016ECF87FF02C0CF01DCCFE5
:109BC00085E0878B168A0895CF93DF931F92CDB7D8
:109BD000DEB78FB78983F89489810F90DF91CF9199
:109BE00008951F920F920FB60F92112408B60F928C
:109BF00018BE09B60F9219BE0BB60F921BBE2F935B
:109C00003F934F935F936F937F938F939F93AF9304
:109C1000BF93EF93FF934091240250912502E0916E
:109C20001825F091192561E080E092E01995FF91E7
:109C3000EF91BF91AF919F918F917F916F915F91C4
:109C40004F913F912F910F900BBE0F9009BE0F9037
:109C500008BE0F900FBE0F901F9018951F920F9285
:109C60000FB60F92112408B60F9218BE09B60F92C4
:109C700019BE0BB60F921BBE2F933F934F935F936A
:109C80006F937F938F939F93AF93BF93EF93FF93C4
:109C900040912C0250912D02E0911825F091192548
:109CA00062E080E092E01995FF91EF91BF91AF9152
:109CB0009F918F917F916F915F914F913F912F91E4
:109CC0000F900BBE0F9009BE0F9008BE0F900FBEF5
:109CD0000F901F9018951F920F920FB60F9211249C
:109CE00008B60F9218BE09B60F9219BE0BB60F92A6
:109CF0001BBE2F933F934F935F936F937F938F93ED
:109D00009F93AF93BF93EF93FF9340913402509191
:109D10003502E0911825F091192564E080E092E089
:109D20001995FF91EF91BF91AF919F918F917F9185
:109D30006F915F914F913F912F910F900BBE0F90BC
:109D400009BE0F9008BE0F900FBE0F901F90189580
:109D50001F920F920FB60F92112408B60F9218BEE1
:109D600009B60F9219BE0BB60F921BBE2F933F93ED
:109D70004F935F936F937F938F939F93AF93BF9313
:109D8000EF93FF9340913C0250913D02E0911825E2
:109D9000F091192568E080E092E01995FF91EF912C
:109DA000BF91AF919F918F917F916F915F914F91F3
:109DB0003F912F910F900BBE0F9009BE0F9008BEE0
:109DC0000F900FBE0F901F901895FF920F931F9347
:109DD000CF93DF9381159240D9F5EB0161E270E0FA
:109DE00082E00E948357082F10E060E270E082E07A
:109DF0000E948357102F0027082BE6DEF82E80E004
:109E000092E00E94A5058091000292E090930002EA
:109E100000930C0210930D022D813E8120931802B5
:109E2000309319029A81909302029C8190930402CC
:109E30009B81909303029981909301028170988194
:109E4000892B8093000280E092E00E94B505FFBE5E
:109E5000DF91CF911F910F91FF900895FF920F9383
:109E60001F93CF93DF93EC018B01AEDEF82ECE0172
:109E70000E94A5058881807CF8018083888D998D5A
:109E8000858396838A8182838C8184838B8183837B
:109E900089818183CE010E94B505FFBEDF91CF91FC
:109EA0001F910F91FF900895CF92DF92EF92FF9252
:109EB0000F931F93CF93DF936C01F62E8A01862FA9
:109EC0008370962F21F49695969582E001C080E0EC
:109ED00090FF8F5FE601A09698E0899FC00DD11D8D
:109EE000112472DEE82EC6010E94A505F8018081CA
:109EF000888382818A8381818983F0FE02C0838185
:109F00008E83C6010E94B505EFBEDF91CF911F91F0
:109F10000F91FF90EF90DF90CF900895CF92DF9256
:109F2000EF92FF920F931F93CF93DF936C01F62E66
:109F30008A01862F8370962F21F49695969582E05C
:109F400001C080E090FF8F5FE601A09698E0899FB6
:109F5000C00DD11D112438DEE82EC6010E94A505D2
:109F60008881F80180838A81828389818183F0FEE0
:109F700002C08E818383C6010E94B505EFBEDF91CA
:109F8000CF911F910F91FF90EF90DF90CF900895A8
:109F9000CF93DF93EC01C03C88E0D80719F468E068
:109FA00083E006C0C03C89E0D80719F468E084E08B
:109FB00089D0888180618883DF91CF910895EF9265
:109FC000FF920F931F93CF937C01C42FB901A80177
:109FD00000E018E428EE31E025D187FD0BC0F70141
:109FE0008081F4E0CF9FA00111244C70837F482B27
:109FF000F7014083CF911F910F91FF90EF9008954B
:10A00000FB01460F571FE417F50751F02191DC01C2
:10A0100013962C93DC0112962C9127FFFBCFF3CFE4
:10A0200080E00895CF93DF931F92CDB7DEB78FB74F
:10A030008983F89489810F90DF91CF910895CF9310
:10A04000C82FF0DFE0E5F0E09081C92BC0838FBF1F
:10A05000CF910895909151009823E1F30895E2DFA4
:10A06000E0E5F0E09681997F968396819683E0E61D
:10A07000F0E09081916090838FBF08958FEF80937F
:10A0800070008093710080937200809373008093BE
:10A090007400809375008093760082E0D0DF82E0C8
:10A0A000D9DF84E0CCDF84E0D5DFD9DF61E080E474
:10A0B00090E033D7B7DFE0E5F0E090819E7F9083BA
:10A0C0008FBF0895CF93DF93C82FD62FABDFEC2F30
:10A0D000F0E0E059FF4FD0959081D923D0838FBF16
:10A0E000DF91CF910895CF93DF93C82FD62F9ADFBA
:10A0F000EC2FF0E0E059FF4F9081D92BD0838FBF38
:10A10000DF91CF9108958091CF0187FDFCCF089515
:10A110001F93CF93DF93C0ECD1E01A858A8761E06B
:10A120008BEC91E0FAD61A87DF91CF911F910895B9
:10A13000CF92DF92EF92FF920F931F93CF93DF9313
:10A140008C017B016A01DFDFCCECD1E08881886083
:10A150008883B801705FA601C7010E94015D8881F4
:10A16000877F8883DF91CF911F910F91FF90EF90B0
:10A17000DF90CF900895C7DF8091CF0181FF07C0A6
:10A1800086E38093CA0161E08BEC91E0C6C6089536
:10A19000CF93DF93C82FD62FB6DFACECB1E08C9114
:10A1A00088608C93EC2FF0E0F05FD0838C91877FF8
:10A1B0008C93DF91CF9108950F931F93CF938C01D0
:10A1C000A2DFC0E0F80161918F018C2FE1DFCF5F4A
:10A1D000C032C1F7CF911F910F910895CF93C82F2F
:10A1E00092DF20E2C29FC0011124E0ECF1E0128274
:10A1F0009183808385E3CF918BCFCF93DF93D82F4B
:10A20000BADF81DFC0E06D2F8C2FC2DFCF5FC0329D
:10A21000D1F7DF91CF91089576DF80E379CF8FEF8B
:10A22000ECDFFACFCF92DF92EF92FF920F931F9362
:10A23000CF93DF93EC016A017B01DB01CA01019737
:10A24000A109B109BC01CD01600F711F821F931FCD
:10A25000A70196010E94AC5B2138310541055105EB
:10A26000F8F4213460F4213260F4213160F42930B3
:10A2700060F4253060F4233060F480E80BC083E0A4
:10A2800009C082E007C082E805C081E003C081E820
:10A2900001C080E098819C77892B888381E001C090
:10A2A0008FEFDF91CF911F910F91FF90EF90DF9093
:10A2B000CF900895CF93DF931F92CDB7DEB78FB7BE
:10A2C0008983F89489810F90DF91CF9108951F922F
:10A2D0000F920FB60F92112408B60F9218BE09B64E
:10A2E0000F9219BE0BB60F921BBE2F933F934F9345
:10A2F0005F936F937F938F939F93AF93BF93EF93EE
:10A30000FF93E0911625F0911725309709F01995E4
:10A31000FF91EF91BF91AF919F918F917F916F913D
:10A320005F914F913F912F910F900BBE0F9009BEFF
:10A330000F9008BE0F900FBE0F901F9018951F92A0
:10A340000F920FB60F92112408B60F9218BE09B6DD
:10A350000F9219BE0BB60F921BBE2F933F934F93D4
:10A360005F936F937F938F939F93AF93BF93EF937D
:10A37000FF93E0911425F0911525309709F0199578
:10A38000FF91EF91BF91AF919F918F917F916F91CD
:10A390005F914F913F912F910F900BBE0F9009BE8F
:10A3A0000F9008BE0F900FBE0F901F9018951F9230
:10A3B0000F920FB60F92112408B60F9218BE09B66D
:10A3C0000F9219BE0BB60F921BBE2F933F934F9364
:10A3D0005F936F937F938F939F93AF93BF93EF930D
:10A3E000FF93E0911225F0911325309709F019950C
:10A3F000FF91EF91BF91AF919F918F917F916F915D
:10A400005F914F913F912F910F900BBE0F9009BE1E
:10A410000F9008BE0F900FBE0F901F9018951F92BF
:10A420000F920FB60F92112408B60F9218BE09B6FC
:10A430000F9219BE0BB60F921BBE2F933F934F93F3
:10A440005F936F937F938F939F93AF93BF93EF939C
:10A45000FF93E0911025F0911125309709F019959F
:10A46000FF91EF91BF91AF919F918F917F916F91EC
:10A470005F914F913F912F910F900BBE0F9009BEAE
:10A480000F9008BE0F900FBE0F901F9018951F924F
:10A490000F920FB60F92112408B60F9218BE09B68C
:10A4A0000F9219BE0BB60F921BBE2F933F934F9383
:10A4B0005F936F937F938F939F93AF93BF93EF932C
:10A4C000FF93E0910E25F0910F25309709F0199533
:10A4D000FF91EF91BF91AF919F918F917F916F917C
:10A4E0005F914F913F912F910F900BBE0F9009BE3E
:10A4F0000F9008BE0F900FBE0F901F9018951F92DF
:10A500000F920FB60F92112408B60F9218BE09B61B
:10A510000F9219BE0BB60F921BBE2F933F934F9312
:10A520005F936F937F938F939F93AF93BF93EF93BB
:10A53000FF93E0910C25F0910D25309709F01995C6
:10A54000FF91EF91BF91AF919F918F917F916F910B
:10A550005F914F913F912F910F900BBE0F9009BECD
:10A560000F9008BE0F900FBE0F901F9018951F926E
:10A570000F920FB60F92112408B60F9218BE09B6AB
:10A580000F9219BE0BB60F921BBE2F933F934F93A2
:10A590005F936F937F938F939F93AF93BF93EF934B
:10A5A000FF93E0910A25F0910B25309709F019955A
:10A5B000FF91EF91BF91AF919F918F917F916F919B
:10A5C0005F914F913F912F910F900BBE0F9009BE5D
:10A5D0000F9008BE0F900FBE0F901F9018951F92FE
:10A5E0000F920FB60F92112408B60F9218BE09B63B
:10A5F0000F9219BE0BB60F921BBE2F933F934F9332
:10A600005F936F937F938F939F93AF93BF93EF93DA
:10A61000FF93E0910825F0910925309709F01995ED
:10A62000FF91EF91BF91AF919F918F917F916F912A
:10A630005F914F913F912F910F900BBE0F9009BEEC
:10A640000F9008BE0F900FBE0F901F9018951F928D
:10A650000F920FB60F92112408B60F9218BE09B6CA
:10A660000F9219BE0BB60F921BBE2F933F934F93C1
:10A670005F936F937F938F939F93AF93BF93EF936A
:10A68000FF93E0910625F0910725309709F0199581
:10A69000FF91EF91BF91AF919F918F917F916F91BA
:10A6A0005F914F913F912F910F900BBE0F9009BE7C
:10A6B0000F9008BE0F900FBE0F901F9018951F921D
:10A6C0000F920FB60F92112408B60F9218BE09B65A
:10A6D0000F9219BE0BB60F921BBE2F933F934F9351
:10A6E0005F936F937F938F939F93AF93BF93EF93FA
:10A6F000FF93E0910425F0910525309709F0199515
:10A70000FF91EF91BF91AF919F918F917F916F9149
:10A710005F914F913F912F910F900BBE0F9009BE0B
:10A720000F9008BE0F900FBE0F901F9018951F92AC
:10A730000F920FB60F92112408B60F9218BE09B6E9
:10A740000F9219BE0BB60F921BBE2F933F934F93E0
:10A750005F936F937F938F939F93AF93BF93EF9389
:10A76000FF93E0910225F0910325309709F01995A8
:10A77000FF91EF91BF91AF919F918F917F916F91D9
:10A780005F914F913F912F910F900BBE0F9009BE9B
:10A790000F9008BE0F900FBE0F901F9018951F923C
:10A7A0000F920FB60F92112408B60F9218BE09B679
:10A7B0000F9219BE0BB60F921BBE2F933F934F9370
:10A7C0005F936F937F938F939F93AF93BF93EF9319
:10A7D000FF93E0910025F0910125309709F019953C
:10A7E000FF91EF91BF91AF919F918F917F916F9169
:10A7F0005F914F913F912F910F900BBE0F9009BE2B
:10A800000F9008BE0F900FBE0F901F9018951F92CB
:10A810000F920FB60F92112408B60F9218BE09B608
:10A820000F9219BE0BB60F921BBE2F933F934F93FF
:10A830005F936F937F938F939F93AF93BF93EF93A8
:10A84000FF93E091FE24F091FF24309709F01995D1
:10A85000FF91EF91BF91AF919F918F917F916F91F8
:10A860005F914F913F912F910F900BBE0F9009BEBA
:10A870000F9008BE0F900FBE0F901F9018951F925B
:10A880000F920FB60F92112408B60F9218BE09B698
:10A890000F9219BE0BB60F921BBE2F933F934F938F
:10A8A0005F936F937F938F939F93AF93BF93EF9338
:10A8B000FF93E091FC24F091FD24309709F0199565
:10A8C000FF91EF91BF91AF919F918F917F916F9188
:10A8D0005F914F913F912F910F900BBE0F9009BE4A
:10A8E0000F9008BE0F900FBE0F901F9018951F92EB
:10A8F0000F920FB60F92112408B60F9218BE09B628
:10A900000F9219BE0BB60F921BBE2F933F934F931E
:10A910005F936F937F938F939F93AF93BF93EF93C7
:10A92000FF93E091FA24F091FB24309709F01995F8
:10A93000FF91EF91BF91AF919F918F917F916F9117
:10A940005F914F913F912F910F900BBE0F9009BED9
:10A950000F9008BE0F900FBE0F901F9018951F927A
:10A960000F920FB60F92112408B60F9218BE09B6B7
:10A970000F9219BE0BB60F921BBE2F933F934F93AE
:10A980005F936F937F938F939F93AF93BF93EF9357
:10A99000FF93E091F824F091F924309709F019958C
:10A9A000FF91EF91BF91AF919F918F917F916F91A7
:10A9B0005F914F913F912F910F900BBE0F9009BE69
:10A9C0000F9008BE0F900FBE0F901F9018951F920A
:10A9D0000F920FB60F92112408B60F9218BE09B647
:10A9E0000F9219BE0BB60F921BBE2F933F934F933E
:10A9F0005F936F937F938F939F93AF93BF93EF93E7
:10AA0000FF93E091F624F091F724309709F019951F
:10AA1000FF91EF91BF91AF919F918F917F916F9136
:10AA20005F914F913F912F910F900BBE0F9009BEF8
:10AA30000F9008BE0F900FBE0F901F9018951F9299
:10AA40000F920FB60F92112408B60F9218BE09B6D6
:10AA50000F9219BE0BB60F921BBE2F933F934F93CD
:10AA60005F936F937F938F939F93AF93BF93EF9376
:10AA7000FF93E091F424F091F524309709F01995B3
:10AA8000FF91EF91BF91AF919F918F917F916F91C6
:10AA90005F914F913F912F910F900BBE0F9009BE88
:10AAA0000F9008BE0F900FBE0F901F9018951F9229
:10AAB0000F920FB60F92112408B60F9218BE09B666
:10AAC0000F9219BE0BB60F921BBE2F933F934F935D
:10AAD0005F936F937F938F939F93AF93BF93EF9306
:10AAE000FF93E091F224F091F324309709F0199547
:10AAF000FF91EF91BF91AF919F918F917F916F9156
:10AB00005F914F913F912F910F900BBE0F9009BE17
:10AB10000F9008BE0F900FBE0F901F9018951F92B8
:10AB20000F920FB60F92112408B60F9218BE09B6F5
:10AB30000F9219BE0BB60F921BBE2F933F934F93EC
:10AB40005F936F937F938F939F93AF93BF93EF9395
:10AB5000FF93E091F024F091F124309709F01995DA
:10AB6000FF91EF91BF91AF919F918F917F916F91E5
:10AB70005F914F913F912F910F900BBE0F9009BEA7
:10AB80000F9008BE0F900FBE0F901F9018951F9248
:10AB90000F920FB60F92112408B60F9218BE09B685
:10ABA0000F9219BE0BB60F921BBE2F933F934F937C
:10ABB0005F936F937F938F939F93AF93BF93EF9325
:10ABC000FF93E091EE24F091EF24309709F019956E
:10ABD000FF91EF91BF91AF919F918F917F916F9175
:10ABE0005F914F913F912F910F900BBE0F9009BE37
:10ABF0000F9008BE0F900FBE0F901F9018951F92D8
:10AC00000F920FB60F92112408B60F9218BE09B614
:10AC10000F9219BE0BB60F921BBE2F933F934F930B
:10AC20005F936F937F938F939F93AF93BF93EF93B4
:10AC3000FF93E091EC24F091ED24309709F0199501
:10AC4000FF91EF91BF91AF919F918F917F916F9104
:10AC50005F914F913F912F910F900BBE0F9009BEC6
:10AC60000F9008BE0F900FBE0F901F9018951F9267
:10AC70000F920FB60F92112408B60F9218BE09B6A4
:10AC80000F9219BE0BB60F921BBE2F933F934F939B
:10AC90005F936F937F938F939F93AF93BF93EF9344
:10ACA000FF93E091EA24F091EB24309709F0199595
:10ACB000FF91EF91BF91AF919F918F917F916F9194
:10ACC0005F914F913F912F910F900BBE0F9009BE56
:10ACD0000F9008BE0F900FBE0F901F9018951F92F7
:10ACE0000F920FB60F92112408B60F9218BE09B634
:10ACF0000F9219BE0BB60F921BBE2F933F934F932B
:10AD00005F936F937F938F939F93AF93BF93EF93D3
:10AD1000FF93E091E824F091E924309709F0199528
:10AD2000FF91EF91BF91AF919F918F917F916F9123
:10AD30005F914F913F912F910F900BBE0F9009BEE5
:10AD40000F9008BE0F900FBE0F901F9018951F9286
:10AD50000F920FB60F92112408B60F9218BE09B6C3
:10AD60000F9219BE0BB60F921BBE2F933F934F93BA
:10AD70005F936F937F938F939F93AF93BF93EF9363
:10AD8000FF93E091E624F091E724309709F01995BC
:10AD9000FF91EF91BF91AF919F918F917F916F91B3
:10ADA0005F914F913F912F910F900BBE0F9009BE75
:10ADB0000F9008BE0F900FBE0F901F9018951F9216
:10ADC0000F920FB60F92112408B60F9218BE09B653
:10ADD0000F9219BE0BB60F921BBE2F933F934F934A
:10ADE0005F936F937F938F939F93AF93BF93EF93F3
:10ADF000FF93E091E424F091E524309709F0199550
:10AE0000FF91EF91BF91AF919F918F917F916F9142
:10AE10005F914F913F912F910F900BBE0F9009BE04
:10AE20000F9008BE0F900FBE0F901F9018951F93A4
:10AE3000CF93DF93EC013EDA182FC11588E0D807D5
:10AE400011F461E005C0C03488E0D80731F462E055
:10AE500083E038D964E083E018C0C11589E0D807E1
:10AE600011F461E005C0C03489E0D80731F462E034
:10AE700084E028D964E084E008C0C115DA4091F488
:10AE800061E085E01FD964E085E01CD98091542BF6
:10AE90008F3F09F4FFCF0EDA9091542B9F5F909370
:10AEA000542B8FBF1FBFDF91CF911F910895811544
:10AEB00028E0920729F460931625709317250895CA
:10AEC000803428E0920729F460930A2570930B25BB
:10AED0000895811529E0920729F460930225709363
:10AEE00003250895803429E0920729F46093F6241D
:10AEF0007093F724089581159A4021F46093EE240D
:10AF00007093EF2408954091CA01E62FF72F8093A4
:10AF1000CA0184914093CA0108951BBEFC0128ED2B
:10AF200024BF6083089508955058BB27AA270ED0E8
:10AF3000CBC1BCD130F0C1D120F031F49F3F11F42E
:10AF40001EF48CC10EF4E095E7FB82C1E92FCDD150
:10AF500080F3BA17620773078407950718F071F436
:10AF60009EF5E5C10EF4E0950B2EBA2FA02D0B0136
:10AF7000B90190010C01CA01A0011124FF27591B3E
:10AF800099F0593F50F4503E68F11A16F040A22F44
:10AF9000232F342F4427585FF3CF469537952795B5
:10AFA000A795F0405395C9F77EF41F16BA0B620BB4
:10AFB000730B840BBAF09150A1F0FF0FBB1F661FFB
:10AFC000771F881FC2F70EC0BA0F621F731F841F3E
:10AFD00048F4879577956795B795F7959E3F08F064
:10AFE000B3CF9395880F08F09927EE0F9795879523
:10AFF00008950AD108F481E008950CD065C15DD1AF
:10B0000040F054D130F021F45F3F19F021C15111CB
:10B010008FC124C16AD198F39923C9F35523B1F3A1
:10B02000951B550BBB27AA2762177307840738F0B7
:10B030009F5F5F4F220F331F441FAA1FA9F333D016
:10B040000E2E3AF0E0E830D091505040E695001CCA
:10B05000CAF729D0FE2F27D0660F771F881FBB1F86
:10B06000261737074807AB07B0E809F0BB0B802D60
:10B07000BF01FF2793585F4F2AF09E3F510568F0AC
:10B08000E7C056C15F3FECF3983EDCF386957795B9
:10B090006795B795F7959F5FC9F7880F911D9695AE
:10B0A000879597F90895E1E0660F771F881FBB1F0A
:10B0B000621773078407BA0720F0621B730B840BB7
:10B0C000BA0BEE1F88F7E095089519F40EF0C0C092
:10B0D0002EC1C4C012D1C8F39638C0F707F80F923A
:10B0E000E8942BE33AEA48EB5FE7EFD10F920F9237
:10B0F0000F924DB75EB70F92A7D1EAE0F2E0B1D060
:10B100004F915F91EF91FF91E595EE1FFF1F49F081
:10B11000FE57E0684427EE0F441FFA95E1F741958A
:10B12000550B19D10F9007FE0DC1089504D06894F6
:10B13000B111FEC00895E1D088F09F5790F0B92F6B
:10B140009927B751A0F0D1F0660F771F881F991F7C
:10B150001AF0BA95C9F712C0B13081F0E8D0B1E069
:10B160000895E5C0672F782F8827B85F39F0B93F79
:10B17000CCF3869577956795B395D9F73EF490957E
:10B180008095709561957F4F8F4F9F4F0895E894FC
:10B1900009C097FB3EF490958095709561957F4F1F
:10B1A0008F4F9F4F9923A9F0F92F96E9BB279395CD
:10B1B000F695879577956795B795F111F8CFFAF4DD
:10B1C000BB0F11F460FF1BC06F5F7F4F8F4F9F4F0E
:10B1D00016C0882311F096E911C0772321F09EE86C
:10B1E000872F762F05C0662371F096E8862F70E0D2
:10B1F00060E02AF09A95660F771F881FDAF7880FAC
:10B200009695879597F90895990F0008550FAA0B01
:10B21000E0E8FEEF16161706E807F907C0F0121669
:10B220001306E407F50798F0621B730B840B950B6C
:10B2300039F40A2661F0232B242B252B21F40895C1
:10B240000A2609F4A140A6958FEF811D811D08955E
:10B2500097F99F6780E870E060E008959FEF80ECC9
:10B260000895DF93CF931F930F93FF92EF92DF9296
:10B270007B018C01689405C0DA2EEF0124D1FE0118
:10B28000E894A5912591359145915591AEF3EF0143
:10B290005DDEFE019701A801DA9479F7DF90EF9067
:10B2A000FF900F911F91CF91DF91089500240A9490
:10B2B0001616170618060906089500240A94121691
:10B2C0001306140605060895092E0394000C11F4C4
:10B2D000882352F0BB0F40F4BF2B11F460FF04C071
:10B2E0006F5F7F4F8F4F9F4F089557FD9058440FCA
:10B2F000551F59F05F3F71F04795880F97FB991FD5
:10B3000061F09F3F79F08795089512161306140691
:10B31000551FF2CF4695F1DF08C01616170618061E
:10B32000991FF1CF86957105610508940895E894F9
:10B33000BB2766277727CB0197F9089565DF08F4C7
:10B340008FEF08959B01AC0160E070E080E89FE31F
:10B3500054CE7ECFD8C1D1DFE8F39923D9F3940F2F
:10B36000511DBBF39150504094F059F0882332F0B6
:10B37000660F771F881F91505040C1F79E3F5105BF
:10B3800044F7880F911D9695879597F908955F3F2B
:10B39000ACF0983E9CF0BB27869577956795B7955E
:10B3A00008F4B1609395C1F7BB0F58F711F460FF33
:10B3B000E8CF6F5F7F4F8F4F9F4FE3CFB9CF0EF036
:10B3C000A2C14CCF689444CF98DFC8F39923D1F33E
:10B3D000C6F3DF93CF931F930F93FF92C92FDD27FF
:10B3E00088232AF02197660F771F881FDAF720E05D
:10B3F00030E040E85FEB9FE3883920F0803E30F09A
:10B4000021968F7792DDE2E3F2E003C08EDDEFE577
:10B41000F2E027DF8B01BE01EC01FB2E6F577109B3
:10B420007595771F880B990BB4DE28E132E741E36D
:10B430005FE349D0AF2D9801AE01FF900F911F91AE
:10B44000CF91DF9183DD40CFFA01DC01AA0FBB1F52
:10B450009B01AC01BF5728F422273327442750789B
:10B460001FC0B75188F4AB2F002446953795279518
:10B47000011CA395D2F3002069F0220F331F441F53
:10B48000B395DAF30DD050CD61307105A0E88A078D
:10B49000B94630F49B01AC0166277727882790785E
:10B4A000309621F0208331834283538308950BD05B
:10B4B0000BCFFCDE28F001DF18F0952309F0C8CE91
:10B4C000CDCE112435CF11DFA0F3959FD1F3950F89
:10B4D00050E0551F629FF001729FBB27F00DB11D18
:10B4E000639FAA27F00DB11DAA1F649F6627B00DA8
:10B4F000A11D661F829F2227B00DA11D621F739F91
:10B50000B00DA11D621F839FA00D611D221F749F9E
:10B510003327A00D611D231F849F600D211D822FE5
:10B52000762F6A2F11249F5750408AF0E1F088232C
:10B530004AF0EE0FFF1FBB1F661F771F881F915039
:10B540005040A9F79E3F510570F082CEF1CE5F3F8B
:10B55000ECF3983EDCF3869577956795B795F7956C
:10B56000E7959F5FC1F7FE2B880F911D96958795F4
:10B5700097F90895FA01EE0FFF1F30962105310566
:10B5800099F16115710561F48038BFE39B0749F1BA
:10B5900068949038810561F08038BFEF9B0741F0D7
:10B5A000992342F5FF3FE1053105210511F1E894AA
:10B5B0000894E795D901AA2329F4AB2FBE2FF85F91
:10B5C000D0F310C0FF5F70F4A695E0F7F73950F0A4
:10B5D00019F0FF3A38F49F779F930CD00F9007FC37
:10B5E000905808953EF03ACE60E070E080E89FE326
:10B5F00008954FE79F775F934F933F932F93E4DE38
:10B600002F913F914F915F9152DF64CD76DEE0F054
:10B610009E37D8F09639B8F49E3848F4672F782FC3
:10B620008827985FF9CF8695779567959395953993
:10B63000D0F3B62FB1706B0F711D811D20F487956B
:10B6400077956795939544C05EC072CE11F40EF461
:10B6500005CE59C052DED0F39923D9F3CEF39F57CC
:10B66000550B87FF5ED00024A0E640EA9001805889
:10B670005695979528F4805C660F771F881F20F0F9
:10B6800026173707480730F4621B730B840B2029F9
:10B6900031294A2BA69517940794202531254A274E
:10B6A00058F7660F771F881F20F0261737074807BF
:10B6B00030F4620B730B840B200D311D411DA095DE
:10B6C00081F7B901842F9158880F96958795089531
:10B6D000882371F4772321F09850872B762F07C0A9
:10B6E000662311F499270DC09051862B70E060E01D
:10B6F0002AF09A95660F771F881FDAF7880F9695BC
:10B70000879597F908959F3F31F0915020F48795E0
:10B7100077956795B795880F911D9695879597F9B9
:10B72000089591505040660F771F881FD2F70895F3
:10B73000AA1BBB1B51E107C0AA1FBB1FA617B70757
:10B7400010F0A61BB70B881F991F5A95A9F7809573
:10B750009095BC01CD010895A1E21A2EAA1BBB1B36
:10B76000FD010DC0AA1FBB1FEE1FFF1FA217B307CD
:10B77000E407F50720F0A21BB30BE40BF50B661FE3
:10B78000771F881F991F1A9469F7609570958095A7
:10B7900090959B01AC01BD01CF010895EE0FFF1FF5
:10B7A000881F8BBF0790F691E02D1BBE19940F9355
:10B7B0001F93CF93DF938230910510F482E090E0E5
:10B7C000E0915B2BF0915C2B20E030E0A0E0B0E05A
:10B7D000309719F14081518102811381481759072F
:10B7E000C8F08417950769F4109731F012960C93FE
:10B7F000129713961C9327C000935B2B10935C2B1E
:10B8000022C02115310519F04217530718F49A0187
:10B81000BD01EF01DF01F801DBCF21153105F9F0A2
:10B82000281B390B2430310580F48A819B816115F6
:10B83000710521F0FB018283938304C080935B2B0D
:10B8400090935C2BFE01329644C0FE01E20FF31F81
:10B850008193919322503109288339833AC02091F2
:10B86000592B30915A2B232B41F4209102203091F7
:10B8700003202093592B30935A2B20910020309194
:10B8800001202115310541F42DB73EB74091042028
:10B8900050910520241B350BE091592BF0915A2B28
:10B8A000E217F307A0F42E1B3F0B2817390778F097
:10B8B000AC014E5F5F4F2417350748F04E0F5F1FF6
:10B8C0004093592B50935A2B8193919302C0E0E0FF
:10B8D000F0E0CF01DF91CF911F910F910895CF93A9
:10B8E000DF93009709F481C0FC0132971282138222
:10B8F000A0915B2BB0915C2B109781F4208131815A
:10B90000820F931F2091592B30915A2B28173907FA
:10B9100051F5E093592BF0935A2B67C0ED0120E0CD
:10B9200030E0CE17DF0740F44A815B819E0141156C
:10B930005105F1F0EA01F5CFC283D38340815181F3
:10B94000840F951FC817D90759F488819981840FEE
:10B95000951F0296808391838A819B818283938342
:10B960002115310529F4E0935B2BF0935C2B3DC04E
:10B97000E901EA83FB8349915991C40FD51FEC1764
:10B98000FD0761F480819181840F951F0296E90182
:10B9900088839983828193818A839B83E0E0F0E0AE
:10B9A00012968D919C911397009719F0FD01DC017F
:10B9B000F7CF8D919C9111979D012E5F3F4F820F84
:10B9C000931F2091592B30915A2B2817390769F46E
:10B9D000309729F410925B2B10925C2B02C01282DC
:10B9E0001382A093592BB0935A2BDF91CF910895D6
:10B9F000FB01DC0102C005900D9241505040D8F788
:10BA00000895FB01DC0102C001900D9241505040AD
:08BA1000D8F70895F894FFCF68
:10BA180000005D2B200047250001010000C84122DD
:0ABA2800E3160000F51C0000A10069
:00000001FF
