:1000000097C60000BBC60000B9C60000B7C6000016
:10001000B5C60000B3C60000B1C60000AFC6000000
:10002000ADC60000ABC60000A9C60000A7C6000010
:10003000A5C60000D0C700000C94F5300C942D31FB
:100040000C9465310C949D310C94D5310C940D3287
:100050000C9445320C947D320C94B5320C94ED32F4
:100060008DC600008BC6000089C6000087C6000050
:1000700085C6000083C6000081C600007FC6000060
:100080007DC600007BC6000079C6000077C6000070
:1000900075C6000073C6000071C600000C946A2E7D
:1000A0000C94A72E0C94E42E0C94212F67C600000C
:1000B00065C600000C9442642AC700000C945535B4
:1000C0000C948D350C94C5350C94FD350C94353657
:1000D0000C946D360C94A5360C94DD360C941537C3
:1000E0000C944D374BC6000049C6000047C60000BF
:1000F00045C6000043C6000041C600003FC60000E0
:100100000C9494683BC6000039C6000037C6000056
:1001100035C6000033C6000031C600000C94762DB1
:100120000C94B32D0C94F02D0C942D2E27C60000AA
:1001300020C700000C9425330C945D330C94953348
:100140000C94CD330C9405340C943D340C947534DC
:100150000C94AD340C94E5340C941D350FC600009E
:100160000DC600000BC6000009C6000007C600004F
:1001700005C6000003C6000001C60000FFC5000060
:10018000FDC50000FBC50000F9C50000F7C5000073
:10019000F5C500000C947A64F1C50000EFC50000BD
:1001A000EDC50000EBC50000E9C50000E8C5000092
:1001B0000C9485370C94BD370C94F5370C942D387E
:1001C0000C9465380C949D380C94D5380C940D39EA
:1001D0000C9445390C947D39D1C50000CFC5000081
:1001E000CDC50000CBC50000C9C50000C7C50000D3
:1001F000C5C50000460C9110B4116F144715721557
:100200007215121B141B161B181B1A1B1E1B221BFC
:100210003E514E515E517D5189519751AB51D25152
:10022000E851EA512A5110520E531A532052685283
:100230009B52A752B352BF52D652E652FB520853BA
:100240000A530E531A53265331534B535753795372
:100250009F5305540554AB53D653445A485A4D5AEC
:10026000525A575A5C5AC85A615AC85A665A6B5AF7
:10027000C85AC85AC85AC85AC85A705A755A945B4C
:10028000975B9B5B9F5BA35BA75BC05BAB5BC05B50
:10029000AF5BB35BC05BC05BC05BC05BC05BB75BAD
:1002A000BB5B395D425D465DE55E4A5D4E5D515D1D
:1002B000555DE55E5D5D645D6D5D735D765D815D83
:1002C000E55E935D9C5DA35DA85DB55DC25DD15D9E
:1002D000DD5D015E085EE55E2D5E345EE55EE55E39
:1002E000E55EE55EE55E3E5E425E475E4C5E4F5E0D
:1002F000525E565EE55EE55EE55EE55EE55EE55E08
:10030000E55EE55EE55E595E605E765EE55EE55E55
:100310007C5E8B5EA05EA95EB25ED35EE160FC6037
:1003200005612061296144614D6156615F616861C9
:1003300071617A6183618C6195619E61A761B06131
:10034000B961C261CB61EC61F56104620D622E623C
:1003500037625A62736207634236B79BD8A71A396D
:10036000685618AEBAAB558C1D3CB7CC5763BD6D03
:10037000EDFD753EF6177231BF000000803F0800AA
:100380000000BE922449123EABAAAA2ABECDCCCC14
:100390004C3E00000080BEABAAAAAA3E00000000AE
:1003A000BF000000803F0000000000084178D3BB80
:1003B0004387D1133D190E3CC3BD4282AD2B3E682D
:1003C000EC8276BED98FE1A93E4C80EFFFBE01C41E
:1003D000FF7F3F00000000004C1A454E554D44453C
:1003E000560000FF04841A5F454E554D434D4402AC
:1003F0000004376952455345540000000100FF3E98
:10040000695F53485554444E0000FFFFD27C5F465D
:100410004143544F5259024005411A5354415455D7
:1004200053000000FF05471A41424F52540000009C
:1004300000FFFF6E695F5245414459000000FF050F
:100440007F6952454144424C4B0002400400005F2A
:100450004857524553455400FFFF017D53415645CF
:100460000000000000FF05ED1A5F53455456455249
:10047000000544056B695F4C4F434B454400010048
:1004800005691A56455253494F4E0000FF040000BB
:10049000000000000000000000FFFF3F1A454E4131
:1004A000424C45000000FFFFD64A54454D5053458D
:1004B000543F010003956254454D50534554000587
:1004C00030036E3E4249504F4C41523F010005857A
:1004D0003E4249504F4C4152000200058E3D434F71
:1004E0004E54524F4C3F010000F876434F4E545249
:1004F0004F4C00020000EE5054454D503F000000AC
:10050000010003084A544552524F523F0001000374
:10051000184943555252454E543F010003004B5475
:10052000454D504D494E3F010003134B54454D502E
:100530004D494E00053003894B54454D504D4158AF
:100540003F0100039C4B54454D504D415800053030
:10055000032A4D4741494E3F0000000100003B4D3A
:100560004741494E0000000002000018484D415824
:10057000435552523F010003AC584D415843555228
:1005800052000530035B46504741494E3F00000191
:1005900000032E54504741494E0000000530036EC1
:1005A00046494E5445473F00000100038254494EDE
:1005B00054454700000005300381464445524956E2
:1005C0003F0000010003D654444552495600000044
:1005D0000530039446534C45573F0000000100038B
:1005E000F745534C455700000000053003CF3D5000
:1005F0004741494E454E3F0100052A555047414964
:100600004E454E00020005E63D494E544547454ED5
:100610003F0100056655494E544547454E000200CE
:1006200005FD3D4445524956454E3F010005A25542
:100630004445524956454E00020005143E534C4570
:1006400057454E3F000100052B3E534C4557454E44
:1006500000000200059649504F5745523F000001E7
:100660000003F549504552494F443F00010001BC89
:1006700049504552494F440000031001A33D504FDB
:100680004C3F00000000010005BA3D504F4C415264
:100690004954590200050E47424554413F000000AD
:1006A0000100035A56424554410000000005300342
:1006B000214752454654454D503F010003B0565224
:1006C000454654454D500005300334475245465287
:1006D00045533F00010003FD565245465245530025
:1006E000000530035E4754434F4546413F0001003B
:1006F00003884754434F4546410000053003A64751
:1007000054434F4546423F00010003A74654434F20
:100710004546420000053003D04754434F45464309
:100720003F00010003FA4754434F4546430000058C
:100730003003105D54455354000000000404014987
:100740003F5245414400000000010003AB3C5345CB
:10075000544441430000053005533D53455453571D
:1007600000000004C005923F494E4344414300004D
:10077000010003803F44454344414300000100031E
:1007800042484D41585057523F000100036D484DBB
:1007900041585057520000053003CE5A494D50453C
:1007A00044413F00000005D15A494D5045444100A5
:1007B00000010005D45A494D504544423F00000015
:1007C00005CE3C494D504544420000010005933F91
:1007D0004552524F523F0000010001BE3F45525268
:1007E0004F52000000031001184043564F4C543F35
:1007F00000000100032A404741494E413F000001EB
:1008000000036C404741494E41000000053003B7EA
:10081000404741494E423F0000010003F640474136
:10082000494E420000000530033E414F46465345C5
:1008300054413F010003F7694F4646534554410078
:1008400005300391414F4646534554423F01000352
:10085000756A4F46465345544200053003DE414D0C
:100860004F4445413F000000000126634D4F444581
:100870004100000002400110424D4F4445423F00FC
:1008800000000001B4634D4F4445420000000240A7
:100890000142424741494E313F000001000384427A
:1008A0004741494E31000000053003EA42474149C3
:1008B0004E323F00000100032C434741494E3200B5
:1008C000000005300392434F4646534554313F01E3
:1008D0000003D0434F46465345543100053003339F
:1008E000444F4646534554323F01000372444F463D
:1008F000465345543200053003D5444D4F444531ED
:100900003F000000FF0110454D4F444531000000FD
:1009100002400166454D4F4445323F000000FF0153
:10092000A1454D4F444532000000024001E44C54C3
:100930005741524E3F0000010003F74C54574152BB
:100940004E0000000530033C4D545249474F55546A
:100950003F0100014977545249474F555400031055
:10096000018E574355525253455400053003B65932
:1009700053544152545700000100015B3E53544F01
:100980005057000000010005F85A57415645494E9E
:10099000464F01000437575741564556414C000118
:1009A00000043B3C534C57534D50444101000494C8
:1009B0004A5746595343414C45053003B54A5746BB
:1009C000584445434641020000875B4750494F3F2A
:1009D000000000020005554841564C5057523F0058
:1009E00000FF03645B54544C5057523F0000FF0318
:1009F0002B3C54454D504C5554000100FF4A4D547A
:100A0000524947494E3F000100015950545249474D
:100A1000494E0000031001A9494C44494D50443F40
:100A200000010003D13C41504F4C3F000000010049
:100A300005E83C41504F4C00000000020005123D0B
:100A400042504F4C3F000000010005293D42504FED
:100A50004C000000000200058349435552525345A3
:100A6000543F010003614C53465459544D54000502
:100A70003003124C53465459544D543F010003BBAC
:100A80004C4C415354493F0000010003D54C4C41AC
:100A90005354563F000001000300004D4C444354A2
:100AA00048520004C00300004D4C44435448523F98
:100AB00000FF0300004D4C524D5448520004C00347
:100AC00000004D4C524D5448523F00FF0300004D72
:100AD0004C534D504C4D0001000000004D4C534D07
:100AE000504C4D3F00FF0000004D4F44454C4B3FE4
:100AF0000000FF0500004D4C4D45414E3F0000FFFA
:100B00000300004D4C5641523F000000FF0300001F
:100B10004D4C53544444563F00FF039D4E4558549A
:100B2000494E56413F00FF03CF4E455854494E565B
:100B3000423F00FF03CB5A544553545241573101B1
:100B40000004CD5A4255464954454D5300FF00CC50
:100B50005A5354524D4441544100FFFA584D4154A8
:100B60005354415254000100006F4D4154494F50BD
:100B700000000004C003304E4154494F503F000074
:100B800000FF03924D415453535444520004C00398
:100B90003C4E415453535444523F00FF030B4E41CB
:100BA0005453534C43540004C0033D4E41545353DB
:100BB0004C43543F00FF03E84D415453535400004D
:100BC0000004C003364E41545353543F000000FF0D
:100BD00003BE3E41544C4354415600010000C43E04
:100BE00041544C435441563F00FF00434E4154533F
:100BF0005354575400024001504E415453535457DC
:100C0000543F00FF01564E4154554C54474E3F004F
:100C1000FF035C4E4154554C5450443F00FF03B415
:100C20006054455354464C5400060C03C83E41548E
:100C300050434E43543F00FF00624E4154544F53C3
:100C4000454300024001824E4154544F5345433FB7
:100C500000FF01014F455854414D494E0004C00367
:100C6000514F455854414D494E3F00FF03574F45A2
:100C70005854414D41580004C003A74F45585441B2
:100C80004D41583F00FF03AD4F455854424D494E2A
:100C90000004C003FD4F455854424D494E3F00FFEC
:100CA000030350455854424D41580004C00353506B
:100CB000455854424D41583F00FF03CC3E455854DF
:100CC00041454E0000010005D73E45585441454E70
:100CD0003F0000FF05E03E45585442454E000001EC
:100CE0000005EB3E45585442454E3F0000FF053697
:100CF0005A4750494F000000000300051E3F454D74
:100D0000415747485400031001F43E454D415747B1
:100D100048543F0100019B3C454D41454E000000B9
:100D20000200058B3C454D41454E3F00000100054A
:100D300011241FBECFEFCDBFDFE3DEBF00E00CBF4D
:100D400018BE19BE1ABE1BBE10E2A0E0B0E2EAEE69
:100D5000F2E001E00BBF02C007900D92A635B1078B
:100D6000D9F71BBE2EE3A6E5B0E201C01D92AF3756
:100D7000B207E1F70E94F27B0C94738141C91F9284
:100D80000F920FB60F92112408B60F9218BE09B633
:100D90000F9219BE0AB60F921ABE0BB60F921BBE67
:100DA0002F933F934F935F936F937F938F939F9373
:100DB000AF93BF93CF93DF93EF93FF93E0915620D0
:100DC000F0915720848183FF06C08860848383E08C
:100DD000838386EF7FC0982F947121F083E0838313
:100DE0008FEF78C086FF41C0A0915820B091592064
:100DF00080915A2090915B2014962D913C911597EB
:100E00008217930764F49C012F5F3F4F20935A2071
:100E100030935B20A80FB91F11968C9122C080914E
:100E20005C2090915D2018962D913C911997821726
:100E30009307C8F420915E20222321F086818160EF
:100E400086834AC016962D913C911797AC014F5F4F
:100E50005F4F40935C2050935D20D901A80FB91FCC
:100E60008C91878339C083E02CC087FF32C0A0916A
:100E70005820B091592080915C2090915D20189667
:100E80002D913C91199782179307F8F416966D915E
:100E90007C9117979C012F5F3F4F20935C203093EC
:100EA0005D204781EB01C80FD91F488318968D91AB
:100EB0009C9119972817390718F482E083830CC096
:100EC00087E083831092602007C083E0838389EFEB
:100ED00001C08BEF80936020FF91EF91DF91CF9164
:100EE000BF91AF919F918F917F916F915F914F9142
:100EF0003F912F910F900BBE0F900ABE0F9009BE2D
:100F00000F9008BE0F900FBE0F901F9018951F9264
:100F10000F920FB60F92112408B60F9218BE09B6A1
:100F20000F9219BE0BB60F921BBE2F933F934F9398
:100F30005F936F937F938F939F93AF93BF93EF9341
:100F4000FF931DDFFF91EF91BF91AF919F918F9123
:100F50007F916F915F914F913F912F910F900BBEB9
:100F60000F9009BE0F9008BE0F900FBE0F901F90FC
:100F700018951F920F920FB60F92112408B60F9278
:100F800018BE09B60F9219BE0BB60F921BBE2F9357
:100F90003F934F935F936F937F938F939F93AF9301
:100FA000BF93EF93FF93EBDEFF91EF91BF91AF9172
:100FB0009F918F917F916F915F914F913F912F9171
:100FC0000F900BBE0F9009BE0F9008BE0F900FBE82
:100FD0000F901F9018951F920F920FB60F92112429
:100FE00008B60F9218BE09B60F9219BE0BB60F9233
:100FF0001BBE2F933F934F935F936F937F938F937A
:101000009F93AF93BF93EF93FF93B9DEFF91EF915F
:10101000BF91AF919F918F917F916F915F914F9110
:101020003F912F910F900BBE0F9009BE0F9008BEFD
:101030000F900FBE0F901F901895FC01DB011496C6
:101040008C91858388EB818381E08483E6E5F0E2FF
:1010500011861286E0EAF0E08281826082837894D1
:1010600080E00895CF93DF931F92CDB7DEB7DC0108
:10107000FB01892B09F444C0309709F441C08285F3
:1010800090915F20992319F081113CC0FFCF8FB759
:101090008983F894898191E090935F2090E8909300
:1010A00060208FBFA0935620B093572060935820A4
:1010B0007093592010925A2010925B2010925C205D
:1010C00010925D2040935E209081990F248135819C
:1010D000232B11F44111916016969C93809160200E
:1010E0008038E1F3E0915620F0915720848183709D
:1010F000813009F0F7CF8091602010925F2003C00B
:1011000088EF01C086EF0F90DF91CF910895CF92C5
:10111000DF92EF92FF92CF93DF9320E030E040E840
:1011200050E460919E2070919F208091A02090912A
:10113000A1200E94C87F2CED3FE049E450E40E94CA
:101140006E7D2091C0203091C1204091C2205091ED
:10115000C3200E946E7D6093B8207093B920809365
:10116000BA209093BB204091C23220E132E0429FEE
:10117000E001439FD00D1124C15CD94C2AE939E923
:1011800049E15FE30E94C87F6CA37DA38EA39FA368
:1011900020E030E048EC52E4609187207091882094
:1011A0008091892090918A200E946E7D6B017C0144
:1011B0006093B4207093B5208093B6209093B720AD
:1011C00020E030E040E05FE30E94C87F68A779A795
:1011D0008AA79BA720E030E040E05EE3C701B601AC
:1011E0000E94C87F6CA77DA78EA79FA7DF91CF9194
:1011F000FF90EF90DF90CF9008954F925F926F92A3
:101200007F928F929F92AF92BF92CF92DF92EF9296
:10121000FF920F931F93CF93DF9300D01F92CDB710
:10122000DEB720E030E0A90160917B3270917C3222
:1012300080917D3290917E320E946A7D20919C2027
:1012400030919D2029833A838090692090906A2074
:10125000A0906B20B0906C2087FF37C0D9011C96FE
:101260004D905D906D907C901F97A5019401C301F6
:10127000B2010E946A7D87FF13C0A30192016091B1
:101280009E2070919F208091A0209091A1200E948B
:10129000067DE981FA8164877587868797875EC0B6
:1012A000A501940160919E2070919F208091A020C3
:1012B0009091A1200E94067DA981BA811C966D9310
:1012C0007D938D939C931F9749C0E981FA81448453
:1012D000558466847784A5019401C301B2010E94FC
:1012E0000F7F20919E2030919F204091A02050910F
:1012F000A12018166CF4C301B2010E94057DA981DA
:10130000BA811C966D937D938D939C931F970AC011
:10131000C501B4010E94057DE981FA816487758762
:1013200086879787E981FA81E45FFE4F808181118A
:1013300015C020E030E0A901A981BA811C966D9109
:101340007D918D919C911F970E946A7D87FF06C0B9
:10135000E981FA81148615861686178609811A8115
:10136000015F1D4FD8018C91882311F081508C931F
:10137000E981FA8184849584A684B78420AD31AD57
:1013800042AD53ADC501B4010E940F7F181674F031
:10139000A981BA81D4962D913D914D915C91D797B9
:1013A000C501B4010E946A7D87FF2AC062E0809176
:1013B000C2320E94EF6A1092692010926A20109245
:1013C0006B2010926C20E0919C20F0919D2024A92C
:1013D00035A946A957A964857585868597850E9494
:1013E0006A7D87FF03C060E170E202C060E270E2E4
:1013F0008091C2320E94365C86E08093BD3294C0F8
:10140000C0909732D0909832E0909932F0909A3212
:101410008090002090900120A0900220B0900320A6
:10142000C701B6019058A50194010E94C87F2B0105
:101430003C018091773290917832A0917932B091CD
:101440007A3289839A83AB83BC839C01AD01C3014B
:10145000B2010E946A7D1816ACF120917B32309166
:101460007C3240917D3250917E32C301B2010E94A4
:101470000F7F87FD27C060919720709198206B3077
:101480007105F0F081E080938B2080E090E00E9475
:10149000387E2091B4323091B5324091B6325091BD
:1014A000B7320E946E7D60930D2070930E20809362
:1014B0000F20909310200E940C7ED8016C9302C0E4
:1014C00010928B20A5019401C701B6010E94C87F2C
:1014D0006B017C019B01AC0169817A818B819C81CC
:1014E0000E946A7D181604F120917B3230917C3283
:1014F00040917D3250917E32C701B6010E946A7DD3
:10150000181694F080918B2080938C2060910D2090
:1015100070910E2080910F20909110200E940C7EDF
:10152000F801608310928B202496CDBFDEBFDF913F
:10153000CF911F910F91FF90EF90DF90CF90BF90D0
:10154000AF909F908F907F906F905F904F90089595
:10155000CF92DF92EF92FF92C0907B32D0907C329C
:10156000E0907D32F0907E3220E030E0A901C701AA
:10157000B6010E946A7D87FF17C0209193203091A9
:1015800094204091952050919620C701B6010E9469
:101590006A7D87FF1FC0C0929320D0929420E09272
:1015A0009520F092962016C020918F2030919020A7
:1015B0004091912050919220C701B6010E940F7F67
:1015C000181644F4C0928F20D0929020E09291207F
:1015D000F0929220FF90EF90DF90CF900895CF92FD
:1015E000DF92EF92FF920F931F93CF93DF93C09000
:1015F0009320D0909420E0909520F0909620E8944D
:10160000F7F800918F2010919020D0919120C091F7
:10161000922098014D2F5C2FC701B6010E940F7FC9
:1016200018161CF48601DE2DCF2DB8018D2F9C2FAE
:10163000DF91CF911F910F91FF90EF90DF90CF90AE
:10164000089510928F201092902010929120109265
:101650009220109293201092942010929520109234
:10166000962008952F923F924F925F926F927F92B1
:101670008F929F92AF92BF92CF92DF92EF92FF92A2
:101680000F931F93CF93DF93CDB7DEB72C97CDBFCA
:10169000DEBF8091972090919820019680939720AB
:1016A0009093982000919C2010919D208091C232AF
:1016B0000E940B65F801E055FE4F608371838283C1
:1016C00093838091C23290E0FC01E55FFD4D208163
:1016D0002223D9F1FC01EE0FFF1FEE0FFF1FE15F88
:1016E000FD4D008111812281338140E1E42E42E0F1
:1016F000F42E8E9DA0018F9D500D9E9D500D1124A6
:101700004F5C574CE0919C20F0919D20E055FE4F9E
:1017100060817181828193810E9476258091C2329D
:101720008E9DF0018F9DF00D1124EF5CF74C8081B0
:101730009181A281B381E0919C20F0919D20E055A0
:10174000FE4F80839183A283B38300919C201091EC
:101750009D20580120E5A21A2EEFB20AF801E85F99
:10176000FE4F2081318142815381D5016D917D9160
:101770008D919C910E94057D6B017C01F501608338
:101780007183828393835801F4E5AF1AFEEFBF0A99
:101790009B01AC01D80114966D917D918D919C9126
:1017A00017970E94067DF50160837183828393837E
:1017B00000918732109188322091893230918A329B
:1017C0004BE752E3C701B6010E947625209177329C
:1017D000309178324091793250917A3260917B32F7
:1017E00070917C3280917D3290917E320E94057D95
:1017F0006093AF207093B0208093B1209093B2207B
:1018000080909C2090909D205401F0E5AF1AFEEF4F
:10181000BF0AD5016D917D918D919C9199DEF40166
:10182000E455FE4FC080D180E280F380E056F14065
:101830002081318142815381C701B6010E940F7F0F
:1018400087FF0DC0F401E85BFF4F208131814281A9
:101850005381C701B6010E946A7D181644F062E008
:101860008091C2320E94EF6A68E070E2CAC0809143
:10187000BD3290E08730910510F00C947F15FC018B
:101880008827E650FF4F8F4F0C9458818091972006
:10189000909198204090AF205090B0206090B1205F
:1018A0007090B2208536910508F45AC0C0907B3202
:1018B000D0907C32E0907D32F0907E32E894F7F860
:1018C0002DEC3CEC4CEC5DE3C701B6010E940F7FB0
:1018D00018160CF045C02FE632E143E85AE3C30185
:1018E000B2019F770E946A7D87FF3AC0809169208C
:1018F00090916A20A0916B20B0916C20BC01CD0129
:101900009F77F40120AD31AD42AD53AD0E946A7DA9
:1019100087FF22C02FE632E143E85AE3C701B60150
:101920000E94C87F2DEC3CEC4CEC5DE30E946E7D88
:101930009B01AC016091092070910A2080910B20DD
:1019400090910C200E94067D6093092070930A20DC
:1019500080930B2090930C20109297201092982047
:101960008091B320843208F4ACC020E030E0A901BB
:10197000C301B2010E940F7F1091A22018167CF4BF
:1019800020E030E0A9016091AB207091AC20809103
:10199000AD209091AE200E946A7D87FD19C020E0A5
:1019A00030E0A901C301B2010E946A7D87FF82C0B5
:1019B00020E030E0A9016091AB207091AC208091D3
:1019C000AD209091AE200E940F7F18160CF072C0CF
:1019D00026EA3BE944EC5AE3C301B2019F770E9437
:1019E0000F7F18160CF066C081E0810F8093A22053
:1019F000193CC0F062E08091C2320E94EF6A60E858
:101A000070E28091C2320E94365C1092692010927E
:101A10006A2010926B2010926C2086E08093BD3279
:101A20000C94C616C0900520D0900620E0900720A8
:101A3000F090082024EA30E74DE75FE3C701B601E4
:101A40000E946A7D87FF3DC02AE037ED43E25CE3F8
:101A5000C701B6010E94067D6093052070930620A1
:101A60008093072090930820F50180819181A281C5
:101A7000B38180937B3290937C32A0937D32B0937C
:101A80007E321092A2202AE037ED43E25CE36091BF
:101A900000207091012080910220909103200E94EB
:101AA000067D609300207093012080930220909324
:101AB000032007C0112329F0FF24FA94F10EF092BD
:101AC000A2204092AB205092AC206092AD20709248
:101AD000AE2080917B3290917C32A0917D32B0918A
:101AE0007E32BC01CD0190582091092030910A200E
:101AF00040910B2050910C200E94C87F6093692078
:101B000070936A2080936B2090936C20D401D896B8
:101B1000ED90FD900D911C91DB97D4962D913D9108
:101B20004D915C91D7970E948229609369207093B0
:101B30006A2080936B2090936C2000916520109117
:101B400066200436110588F1C80164E670E00E9441
:101B50002281892B51F5C0907B32D0907C32E0906D
:101B60007D32F0907E322091612030916220409150
:101B7000632050916420C701B6010E94057D20E0DA
:101B800030E048EC52E40E946E7D6093AF20709389
:101B9000B0208093B1209093B220C0926120D09267
:101BA0006220E0926320F09264208091B32084311F
:101BB00009F476C068F4853091F118F48823D1F0E7
:101BC0009FC18A3009F442C08F3009F454C098C1D3
:101BD000833209F4C8C038F4893109F480C08E31E9
:101BE00009F4A2C08DC1883209F4DCC08D3209F439
:101BF000F8C086C180917B3290917C32A0917D3279
:101C0000B0917E32BC01CD019F7720E030E048E406
:101C100052E40E946A7D87FF75C185E014C08091FF
:101C20007B3290917C32A0917D32B0917E32BC01AA
:101C3000CD019F7720E030E040EA51E40E946A7DC8
:101C400087FF60C18AE08093B3205CC180917B32C2
:101C500090917C32A0917D32B0917E32BC01CD0159
:101C60009F7720E030E040E251E40E946A7D87FFE8
:101C700049C18FE0E8CF80917B3290917C32A09176
:101C80007D32B0917E32BC01CD019F7720E030E003
:101C900040EA50E40E946A7D87FF34C184E1D3CFDB
:101CA000C0907B32D0907C32E0907D32F0907E32DA
:101CB000C701B6019F7720E030E040E050E40E9489
:101CC0006A7D87FF1FC189E18093B320C0926120A4
:101CD000D0926220E0926320F092642013C1C80188
:101CE000019680936520909366200536110508F4CF
:101CF00009C18091AF209091B020A091B120B09106
:101D0000B220BC01CD019F772FE632E143E85AE3D0
:101D10000E946A7D87FF03C08EE18093B3201092FA
:101D2000652010926620EEC0C80101968093652060
:101D3000909366200536110508F4E4C08091AF2029
:101D40009091B020A091B120B091B220BC01CD0102
:101D50009F7722E539E44DE959E30E946A7D87FFC8
:101D6000DECF83E2DACFC80101968093652090939D
:101D700066200536110508F4C5C08091AF2090910A
:101D8000B020A091B120B091B220BC01CD019F77CD
:101D900027E137EB41ED58E30E946A7D87FFBFCF13
:101DA00088E2BBCFC801019680936520909366209E
:101DB0000536110508F4A6C08091AF209091B0209F
:101DC000A091B120B091B220BC01CD019F7722E853
:101DD00038EA4BEF57E30E946A7D87FFA0CF8DE280
:101DE0009CCF7801BFEFEB1AFB0AE0926520F092DE
:101DF00066200536110508F485C0C70164E670E069
:101E00000E942281019709F07DC08090AF209090C0
:101E1000B020A090B120B090B220E894B7F820E0B4
:101E200030E048EC52E460918B3270918C328091BA
:101E30008D3290918E320E946E7D9B01AC01C50166
:101E4000B4010E946A7D87FF6ACFE5EFEE16E1E0FC
:101E5000FE0608F457C081E08093BD3283E0809392
:101E60009B2010929720109298201092652010923B
:101E70006620E0919C20F0919D20E455FE4F40812A
:101E80005181628173814093B9325093BA32609329
:101E9000BB327093BC328091C2320E945D5F8091F0
:101EA000C2320E943A6010927B3210927C321092C1
:101EB0007D3210927E32209100203091012040919D
:101EC00002205091032060919B3270919C3280914E
:101ED0009D3290919E320E94C87F20919F32309116
:101EE000A0324091A1325091A2320E94C87F6093EB
:101EF000BC207093BD208093BE209093BF2002C071
:101F00001092B320209197203091982025363105EA
:101F100008F4C5C08091AA2081111BC0253F314023
:101F200008F4BDC020E030E0A9016091AF207091BD
:101F3000B0208091B1209091B2200E940F7F18169E
:101F400014F481E001C08FEF8093AA201092A920A1
:101F5000A6C0813081F420E030E0A9016091AF207B
:101F60007091B0208091B1209091B2200E946A7D42
:101F700087FF2AC011C08F3F39F520E030E0A9016A
:101F80006091AF207091B0208091B1209091B220EB
:101F90000E940F7F1816C4F48091A920811110C0EF
:101FA0004091692050916A2060916B2070916C2063
:101FB0004093A5205093A6206093A7207093A8205B
:101FC0008F5F8093A92002C01092A9208091A92040
:101FD000853008F464C081E08093BD3283E0809353
:101FE0009B201092972010929820109265201092BA
:101FF00066208091A5209091A620A091A720B09165
:10200000A8208093692090936A20A0936B20B093BE
:102010006C20E0919C20F0919D20E455FE4F408182
:102020005181628173814093B9325093BA32609387
:10203000BB327093BC328091C2320E945D5F80914E
:10204000C2320E943A6010927B3210927C3210921F
:102050007D3210927E3220910020309101204091FB
:1020600002205091032060919B3270919C328091AC
:102070009D3290919E320E94C87F20919F32309174
:10208000A0324091A1325091A2320E94C87F609349
:10209000BC207093BD208093BE209093BF206091A0
:1020A0007B3270917C3280917D3290917E32609350
:1020B0007732709378328093793290937A32E091CC
:1020C0009C20F0919D200091692010916A20209120
:1020D0006B2030916C2004871587268737872091E5
:1020E000A420222309F40BC5E455FE4F0081118181
:1020F000228133810093BE321093BF322093C032CD
:102100003093C13220E030E04AE754E40E94C87FB7
:1021100060937332709374328093753290937632F9
:10212000EEC48091992090919A201C012FEF221AE1
:10213000320A2092992030929A200091AF32109169
:10214000B0328017910708F0EFC080907B329090FA
:102150007C32A0907D32B0907E32D501C401BF7731
:1021600089879A87AB87BC87209100203091012016
:10217000409102205091032060918B3270918C32FB
:1021800080918D3290918E320E94C87F2B013C014C
:10219000B80180E090E00E94387E9B01AC01C30151
:1021A000B2010E94C87F20E030E048EC52E40E9477
:1021B0006E7D9B01AC0169857A858B859C850E942B
:1021C0000F7F18160CF08FC092E02916310408F426
:1021D0008AC020E030E0A901C501B4010E940F7F50
:1021E000181644F54090AF205090B0206090B12078
:1021F0007090B22020E030E0A901C301B2010E943A
:102200000F7F1816BCF4C0906920D0906A20E0902F
:102210006B20F0906C20C701B6019F77A30192015B
:102220005F770E94C87F9B01AC01C701B6010E9485
:10223000057D2EC020E030E0A901C501B4010E9457
:102240006A7D87FF2EC08090AF209090B020A09034
:10225000B120B090B22020E030E0A901C501B40166
:102260000E946A7D87FF1DC0C0906920D0906A20BF
:10227000E0906B20F0906C20C701B6019F77A5011C
:1022800094015F770E94C87FA70196010E94067D96
:102290006093692070936A2080936B2090936C20E8
:1022A0001AC0C092B932D092BA32E092BB32F092E8
:1022B000BC32B701A6018091C2320E945D5F80915D
:1022C000C2320E943A6010927B3210927C3210929D
:1022D0007D3210927E321092992010929A201092A4
:1022E000972010929820E0919C20F0919D20DF0192
:1022F000A455BE4F8D919D910D90BC91A02D8093C2
:10230000BE329093BF32A093C032B093C13280915D
:10231000692090916A20A0916B20B0916C208487F5
:102320009587A687B787EBC38091B320823318F4D3
:1023300082E38093B32082E08093BD3210926820C4
:102340001092672010926520109266207AD9109220
:10235000C0201092C1201092C2201092C32010926F
:10236000992010929A208EC32091BC203091BD20DC
:102370004091BE205091BF206091C0207091C1203B
:102380008091C2209091C3200E946A7D87FFF7C090
:10239000809197209091982069E170E00E942281BD
:1023A000892B09F0ECC0C0907B32D0907C32E09059
:1023B0007D32F0907E3220E030E0A901C701B60105
:1023C0000E946A7D87FF3BC020E030E0A901609158
:1023D0007732709178328091793290917A320E947E
:1023E0006A7D87FF2CC02091692030916A2040913E
:1023F0006B2050916C20D4011C966D917D918D9134
:102400009C911F970E940F7F18160CF05CC02091C2
:10241000AF203091B0204091B1205091B220609116
:10242000AB207091AC208091AD209091AE200E94A5
:102430006A7D881F8827881F91E0892745C020E092
:1024400030E0A901C701B6010E940F7F1816CCF534
:1024500020E030E0A901609177327091783280916C
:10246000793290917A320E940F7F181654F520919C
:10247000692030916A2040916B2050916C20F401CA
:1024800064857585868597850E946A7D87FF1BC058
:1024900011E02091AF203091B0204091B1205091B7
:1024A000B2206091AB207091AC208091AD209091D2
:1024B000AE200E940F7F18160CF010E081E08127FB
:1024C00003C080E001C081E0C0927732D0927832C0
:1024D000E0927932F0927A324091AF205091B02060
:1024E0006091B1207091B2204093AB205093AC200A
:1024F0006093AD207093AE20882309F440C0C09053
:102500009E20D0909F20E090A020F090A12080916C
:10251000692090916A20A0916B20B0916C20BC0141
:10252000CD019F772AE037ED43EA5CE30E94C87F44
:10253000A70196010E940F7F18164CF42FE632E196
:1025400043E85AE3C701B6010E94067D08C026E6AB
:1025500036E646E85FE3C701B6010E94C87F609394
:102560009E2070939F208093A0209093A120809123
:10257000A320811104C010929720109298200E94ED
:10258000FD088091A320811110928C2080918C20D5
:10259000882309F481C110928C20209193203091DE
:1025A0009420409195205091962060918F207091B9
:1025B000902080919120909192200E94057D20E0B2
:1025C00030E040E05FE30E94C87F6B017C01E8944B
:1025D000F7F8C092C020D092C120E092C220F092C1
:1025E000C3208091A4208823C1F0C092BE32D09233
:1025F000BF32E092C032F092C13260919720709168
:10260000982080E090E00E94387E6093733270934F
:10261000743280937532909376328090BC20909083
:10262000BD20A090BE20B090BF20A5019401C7019D
:10263000B6010E946A7D87FF3FC026E636E646E87F
:102640005FE360919E2070919F208091A0209091E7
:10265000A1200E94C87F60939E2070939F2080934A
:10266000A0209093A1201091B320103508F00EC146
:10267000A5019401C701B6010E946E7D20E030E003
:1026800040EF51E40E94C87F0E940C7E82E3860FD7
:1026900065E00E941581982F990F990F890F482F97
:1026A000082E000C550B212F30E0241735070CF0B5
:1026B000EDC08093B320EAC08091682081115BC097
:1026C00040907F32509080326090813270908232A0
:1026D00080918F3290919032A0919132B09192324C
:1026E00089879A87AB87BC872091772030917820A3
:1026F0004091792050917A20C701B6010E94057D52
:102700004B015C01E894B7F8930182014BE750E27A
:10271000C701B6010E9476259301820143E750E28A
:10272000C501B4010E947625C0927720D09278200E
:10273000E0927920F0927A2020917B2030917C20C9
:1027400040917D2050917E20609173207091742083
:1027500080917520909176200E946E7D9B01AC0146
:102760005F7769857A858B859C850E940F7F181617
:102770000CF08CC007C380916720882311F18091F1
:102780000420882319F01092042080C0C0926F208A
:10279000D0927020E0927120F09272208091972068
:1027A0009091982080936D2090936E208091B3201B
:1027B000803518F480E58093B32083E08093BD32A8
:1027C00065C0409083325090843260908532709022
:1027D00086328091933290919432A0919532B0914B
:1027E000963289879A87AB87BC87609197207091D2
:1027F000982080E090E00E94387E6B017C0120915F
:1028000083203091842040918520509186200E9421
:10281000057D4B015C01E894B7F89301820147E81C
:1028200050E2C701B6010E947625930182014FE76D
:1028300050E2C501B4010E947625C0928320D09257
:102840008420E0928520F09286202091872030918C
:1028500088204091892050918A2060917F2070913A
:10286000802080918120909182200E946E7D9B012A
:10287000AC015F7711E069857A858B859C850E9424
:102880000F7F18160CF010E010936720109297201D
:10289000109298200E94210B2091B1323091B232D7
:1028A00080919720909198202817390708F027C128
:1028B00062E070E28091C2320E94365C1092692020
:1028C00010926A2010926B2010926C2062E080912E
:1028D000C2320E94EF6A86E08093BD3210C10E942E
:1028E000FD0880918C20882309F409C110928C2066
:1028F00020919320309194204091952050919620E2
:1029000060918F20709190208091912090919220E1
:102910000E94057D20E030E040E05FE30E94C87F38
:102920006B017C016093C0207093C1208093C22012
:102930009093C3208091A4208823C1F0C092BE321E
:10294000D092BF32E092C032F092C13260919720B3
:102950007091982080E090E00E94387E60937332FE
:1029600070937432809375329093763220919920CF
:1029700030919A202F5F3F4F2093992030939A20D7
:102980008091B332682F70E000916D2010916E201D
:102990002617370708F042C061507109072E000C56
:1029A000880B990B0E943A7E9B01AC0160E070E0BD
:1029B00080E791E40E946E7D4B015C016091B32041
:1029C00070E080E090E00E943A7E9B01AC01C5017E
:1029D000B4010E94067D0E940C7E6093B320A70183
:1029E000960160916F20709170208091712090917C
:1029F00072200E94067D60936F20709370208093F8
:102A00007120909372206091972070919820600FB0
:102A1000711F60936D2070936E2032C0682F70E03C
:102A200080E090E00E94387E6B017C019B01AC014C
:102A300060916F2070917020809171209091722030
:102A40000E946E7D6093C0207093C1208093C2204D
:102A50009093C320B80180E090E00E94387EA701E7
:102A600096010E946E7D60938720709388208093EA
:102A7000892090938A2084E08093BD321092B32005
:102A80000E94210B109297201092982038C00E942B
:102A9000870880919B20833091F08530B9F4809332
:102AA000BD3262E08091C2320E94EF6A66E080919E
:102AB000C2320E94EF6A86E080939B200CC061E0E6
:102AC0008091C2320E94EF6A64E001C062E08091AE
:102AD000C2320E94EF6A61E070E28091C2320E94CD
:102AE000365C0DC01092B320D40118961D921D9231
:102AF0001D921C921B978091C2320E94FF66E0914A
:102B00009C20F0919D2080917B3290917C32A0910D
:102B10007D32B0917E328093773290937832A09359
:102B20007932B0937A328091BD32843008F02EC170
:102B300080AD91ADA2ADB3AD8D839E83AF83B887D9
:102B400084A995A9A6A9B7A989839A83AB83BC83D5
:102B5000E4ACF5AC06AD17ADDF01A053BE4F2D912F
:102B60003D914D915C91E854FE4F6081718182816D
:102B70009381FE0131965F01DE0115966D010E9481
:102B80002227C0909C20D0909D20ED80FE800F8158
:102B9000188529813A814B815C81F60164857585B0
:102BA000868597850E948229D60118966D937D931C
:102BB0008D939C931B978091C2320E94FF66009177
:102BC0009C2010919D20F801EB5FFD4F608180916A
:102BD000C2320E94C420F801E454FE4F6083718326
:102BE0008283938380919C2090919D20AC014054DE
:102BF0005E4FFC01E454FE4F6081718182819381BC
:102C000008E411EE2AE73FE30E9476258091C23264
:102C100090E1E92E92E0F92E8E9D80018F9D100D9E
:102C20001124015C194CF801E454FE4F408151819C
:102C3000628173810E940D22F801EC54FE4F608383
:102C40007183828393832091C2322E9DC0012F9D78
:102C5000900D1124AC014950584CFC01ED50F84C3A
:102C6000608171818281938103E313E323E73FE372
:102C70000E9476251091C2321E9DC0011F9D900DAD
:102C80001124815C994C7C01B4E3EB1ABEEFFB0A82
:102C9000FC01E054FE4FDC01A854BE4F2D913D9144
:102CA0004D915C9160817181828193810E94C87F86
:102CB000F701608371838283938380919C2090913C
:102CC0009D20FC01ED5FFD4F2081253009F05EC0A5
:102CD00033962081222309F459C0389620812F5F32
:102CE000208331978081281708F450C020E030E01D
:102CF0004AE754E460917B3270917C3280917D325E
:102D000090917E320E94C87FAB01BC01812F0E944E
:102D10004368E0919C20F0919D20E55BFE4F4FB70A
:102D2000F894A081B1818C938081918101968083F8
:102D30009183268137812817390720F48481958172
:102D40008083918382859385608571858617970737
:102D500020F40196828793870CC08281938101962B
:102D6000828393832817390720F484819581828395
:102D700093834FBFE0919C20F0919D20E25FFD4F37
:102D8000108204C081E08093682080CD2C96CDBF56
:102D9000DEBFDF91CF911F910F91FF90EF90DF90F9
:102DA000CF90BF90AF909F908F907F906F905F90EB
:102DB0004F903F902F9008950F931F93EFE7F2E30A
:102DC0008DEC9CECACECBDE380839183A283B38358
:102DD00084839583A683B78380879187A287B387EF
:102DE0004FE652E163E87AE3448755876687778741
:102DF000808B918BA28BB38B848B958BA68BB78B9F
:102E0000408F518F628F738F448F558F668F778F6E
:102E100000E010E020EA31E400A311A322A333A3D1
:102E200044A355A366A377A380A791A7A2A7B3A79E
:102E300080E090E0A0E4B0E484A795A7A6A7B7A798
:102E400084EF91E080AB91AB80E395E782AB93ABED
:102E500084E084AB80E090E0A0E2B1E485AB96AB87
:102E6000A7ABB0AF1F910F9108954F925F926F92F1
:102E70007F928F929F92AF92BF92CF92DF92EF920A
:102E8000FF920F931F93CF93DF9390919B20292F55
:102E90002D7F19F0963009F00AC2082F11E0109327
:102EA000BD321092992010929A2010929720109281
:102EB00098200E94210B10928D2010928E2010924B
:102EC0008C2010928B201092B9321092BA3210924C
:102ED000BB321092BC3210927B3210927C32109234
:102EE0007D3210927E3210927732109278321092A8
:102EF000793210927A3210928720109288201092A4
:102F0000892010928A2010929E2010929F20109269
:102F1000A0201092A1201092832010928420109261
:102F200085201092862010927F201092802010928F
:102F300081201092822010927B2010927C2010928F
:102F40007D2010927E20109277201092782010928F
:102F5000792010927A20109273201092742010928F
:102F60007520109276201092BE321092BF321092CD
:102F7000C0321092C1321092733210927432109299
:102F800075321092763210926F201092702010924B
:102F900071201092722010926D2010926E208AE0A3
:102FA00097EDA3E2BCE38093092090930A20A093BD
:102FB0000B20B0930C201092AA201092A9201092FE
:102FC000C0201092C1201092C2201092C3202091E4
:102FD0009F323091A0324091A1325091A232609143
:102FE0009B3270919C3280919D3290919E320E94D2
:102FF000C87F6093BC207093BD208093BE209093C7
:10300000BF201092A2208091873290918832A091A7
:103010008932B0918A328093052090930620A09344
:103020000720B0930820109265201092662010931C
:10303000042080E090E0A0E8BFE38093002090931C
:103040000120A0930220B09303200093C232C02F2E
:10305000D0E080E192E0C89F9001C99F300DD89FD9
:10306000300D1124215C394C20939C2030939D20FD
:10307000F901E25FFE4F1083319610833196108381
:1030800080919B20811102C01092B32020E132E098
:10309000C29FF001C39FF00DD29FF00D1124E15C9F
:1030A000F94CDF01AD5FBD4F9C91943009F49EC097
:1030B00020F0973008F0FBC09FC085E080939B20F4
:1030C0001092692010926A2010926B2010926C204E
:1030D000DF01A45FBE4F1C91C480D580E680F780DD
:1030E000111147C0E455FE4F80809180A280B380CB
:1030F000A5019401C701B6010E946A7D1816B4F0BB
:1031000060E470E2802F0E94365C10926920109279
:103110006A2010926B2010926C2062E08091C23283
:103120000E94EF6A86E08093BD32C2C04090AB320D
:103130005090AC326090AD327090AE32A5019401E7
:10314000C701B6010E94057DA30192010E946A7D1C
:1031500087FF0FC0A3019201C501B4010E94067D43
:103160006093B9327093BA328093BB329093BC3281
:1031700008C0C092B932D092BA32E092BB32F0921B
:10318000BC3280E192E0C89FF001C99FF00DD89F4A
:10319000F00D1124E551F84C80819181A281B38119
:1031A00080936F3290937032A0937132B0937232E9
:1031B0001092BD324091B9325091BA326091BB3217
:1031C0007091BC32802F0E945D5F8091C2320E945C
:1031D0003A608FE692E1A3E8BAE380939E20909351
:1031E0009F20A093A020B093A1204FC0811104C0C4
:1031F00082E080939B2059C020E132E0C29FF00121
:10320000C39FF00DD29FF00D1124E15CF94C408575
:103210005185628573854093692050936A2060933D
:103220006B2070936C208B7F823049F48091AF3299
:103230009091B0328093992090939A200CC08FE6A1
:1032400092E1A3E8BAE380939E2090939F20A093FD
:10325000A020B093A12083E080939B2080E192E0A6
:10326000C89FF001C99FF00DD89FF00D1124E15CBB
:10327000F94C84819581A681B7818093B93290936E
:10328000BA32A093BB32B093BC32E0919C20F09153
:103290009D208091692090916A20A0916B20B0912F
:1032A0006C2084879587A687B78711E001C010E05E
:1032B000812FDF91CF911F910F91FF90EF90DF90C1
:1032C000CF90BF90AF909F908F907F906F905F90C6
:1032D0004F900895E091D233F0E0A091D233B0E066
:1032E000AA53BD4C14968C91E953FF4D8083809175
:1032F000D233811134C08091C620811109C08091E0
:10330000C720863009F04AC081E080935E3208957C
:103310008091C72090915520891720F081E08093FB
:10332000D7330895893031F461E089E790E00E9455
:10333000593AFFCFE82FF0E09F01220F331FE20F31
:10334000F31FE251FC4C20813181232B39F3809310
:10335000603282818093C420811120C016C0809188
:10336000D2339091C420891319C0882361F0282F8B
:1033700030E0F901E953FF4D9081F901E05AFD4C2D
:1033800090838150F2CF1092C4208091A8048F7C4A
:103390008093A80461E082ED9AE1F4C10895CF938F
:1033A000DF931F92CDB7DEB7E82FE695E695E69559
:1033B00090E2E99FF0011124E05FF94F8770E80F78
:1033C000F11D8FB78983F8949981808187708083FC
:1033D0008081886180839FBF0F90DF91CF91089596
:1033E000089588E08093220780E18093220780E29D
:1033F0008093220780E4809322078BE4D0DF8CE463
:10340000CEDF8DE4CCDF8EE4CADF8FE39CE9019749
:10341000F1F700C000008091280783FD03C081E020
:103420008093C5208091280784FD05C08091C52028
:103430008E5F8093C5208091280785FD05C080910F
:10344000C5208C5F8093C5208091280786FD05C02C
:103450008091C520885F8093C5208091C520089504
:103460000E94C32F87E08093A2000E945F3AB9DFD9
:103470006AE679E155D381E08093C620F9C081E006
:1034800099C380915F3296D310925F32089581E0A4
:1034900080935E3280E08EC3CF93DF93CDB7DEB7EB
:1034A0002897CDBFDEBF8BE089831B821C821D82E3
:1034B000809155208A831E821F82188668E070E002
:1034C000CE01019664D32896CDBFDEBFDF91CF91A8
:1034D0000895CF93DF93CDB7DEB72897CDBFDEBF7A
:1034E00040E068E0CE01019670D382E08D8386E4EF
:1034F0008E8368E070E0CE01019649D32896CDBF57
:10350000DEBFDF91CF910895EF92FF921F93CF938B
:10351000DF93CDB7DEB76597CDBFDEBF7C01FC0181
:103520001081812F90E0103148F42DE0289FB001E8
:10353000299F700D112468527C4F09C040972DE0DF
:10354000289FB001299F700D112468557B4F4DE0D5
:1035500050E0CE0101960E946181F70181818111C5
:103560000AC01E878B858F878C85888B8D85898B7C
:1035700064E070E00BC088E0FE013396DE011E9629
:1035800001900D928A95E1F768E070E0CE010E9609
:10359000FED26596CDBFDEBFDF91CF911F91FF9028
:1035A000EF90089560E082ED9AE1ECD01092C62091
:1035B0008091603290E0FC01EE0FFF1F8E0F9F1F85
:1035C000FC01E251FC4C0190F081E02D81E692E398
:1035D000199581E08093C62008950F931F93CF9390
:1035E000DF93CDB7DEB72897CDBFDEBF8C01FC01DE
:1035F00080819181863E904C89F540E068E0CE0163
:103600000196E3D2F801938124814281477050E012
:1036100047305105D0F4FA018827EF5FFE4F8F4FF6
:103620000C945881998313C09A8311C09B830FC057
:103630009C830DC0923049F49D8309C0963429F4CF
:103640009E8305C09F83288702C086E008C040E0B3
:1036500068E0CE010196EED280E001C083E0AAD2FC
:103660002896CDBFDEBFDF91CF911F910F910895B6
:10367000DF92EF92FF920F931F93CF93DF93CDB71B
:10368000DEB72D97CDBFDEBF38EDE32E33E0F32E4E
:103690000EEE13E34DE050E0B701CE0101960E941B
:1036A000618189819A81F801808391838B858283EE
:1036B000FDE0EF0EF11C0D5F1F4F84E30E31180784
:1036C00049F790E1F92EE09055202DE0D22EFE141E
:1036D00008F50F2D10E0C8014097D89EB001D99E83
:1036E000700D112468557B4F4DE050E0CE010196DE
:1036F0000E946181F801EE0FFF1F0E0F1F1FF801DE
:10370000E251FC4C89819A81808391838B858283ED
:10371000F394DDCF80E04ED22D96CDBFDEBFDF919A
:10372000CF911F910F91FF90EF90DF9008958091BE
:10373000C4329091C53201968093C4329093C532C1
:103740000895FB014FB7F8942091C4323091C532EF
:103750004FBF60817181A9012617370730F0461BE2
:10376000570B4817590760F007C041505109461BD5
:10377000570B4817590720F02083318381E00895C3
:1037800080E00895E9E2F0E22091C33244E0249F12
:1037900090011124275D3F4DE217F30749F0208186
:1037A00031812817390711F4628308953496ECCFDC
:1037B0000895CF93DF93EC010E94B53967E97BE16F
:1037C000CE010E94123A8981887F898380E09DE73B
:1037D0008EA39FA38E818C7F8E838E8181608E834A
:1037E0008881807F81608883DF91CF910895FF92E7
:1037F0000F931F93CF93DF93CDB7DEB72997CDBF3C
:10380000DEBF8C01F62E29833A834B835C83220F23
:10381000331F441F551F60E078E488EE91E00E945A
:103820003681DA01C9010597A109B1098D839E830B
:10383000AF83B887F9860115110509F4F1C0003C82
:10384000110511F460E105C0003484E0180719F493
:1038500068E080E0E3C00115E4E01E0711F464E0D5
:10386000F8CF0038F1E01F0711F462E0F2CF011544
:1038700081E0180711F461E0ECCF0038E3E01E07A7
:1038800011F461E017C00039F3E01F0711F461E0A3
:1038900018C0011582E0180711F462E00BC0003473
:1038A000E2E01E0711F462E00CC00115F3E01F070F
:1038B00019F464E081E0B2C0003283E0180719F423
:1038C00064E082E0ABC00115E8E01E0711F461E09E
:1038D0008FC00115F9E01F0711F461E090C00115D8
:1038E0008AE0180711F461E091C00115EBE01E07B2
:1038F00011F461E092C00034F8E01F0711F462E0B7
:1039000077C0003489E0180711F462E078C0003411
:10391000EAE01E0711F462E079C00034FBE01F0703
:1039200011F462E07AC0003988E0180711F464E00D
:103930005FC00039E9E01E0711F464E060C000399F
:10394000FAE01F0711F464E061C000398BE018074A
:1039500011F464E062C0003CE8E01E0711F468E086
:1039600047C0003CF9E01F0711F468E048C0003C84
:103970008AE0180711F468E049C0003CEBE01E073C
:1039800011F468E04AC0003AF8E01F0711F460E162
:103990002FC0003A89E0180711F460E130C0003A06
:1039A000EAE01E0711F460E131C0003AFBE01F07B6
:1039B00011F460E132C0003B88E0180711F460E2C6
:1039C00017C0003BE9E01E0711F460E218C0003B9D
:1039D000FAE01F0711F460E219C0003B8BE0180702
:1039E00011F460E21AC00038E4E01E0719F460E444
:1039F00083E014C00039F4E01F0719F460E484E0A8
:103A00000DC0003A84E0180719F460E485E006C0B0
:103A1000003BE4E01E0721F460E486E00E940130F0
:103A2000BE016F5F7F4FC8010E941D08F8018181B0
:103A3000886081832996CDBFDEBFDF91CF911F9132
:103A40000F91FF90089520E731E141E050E060E5FB
:103A500080E994E0CCCECF93DF93CDB7DEB72B9740
:103A6000CDBFDEBFFE0131963BE0DF011D923A95EE
:103A7000E9F729836F83788750E049875A8721E0E7
:103A80002B8728EE33E0DC0114964C9143704130D3
:103A900029F440E0BF010E94320804C021503109DE
:103AA00091F78DEF2B96CDBFDEBFDF91CF910895BB
:103AB000242F462FBC0180E994E0CDCFCF93DF9334
:103AC000CDB7DEB72B97CDBFDEBFFE0131963BE011
:103AD000DF011D923A95E9F729836F83788750E0DB
:103AE00049875A8721E02B8728EE33E0DC011496C2
:103AF0004C914370413021F4BF010E94320804C050
:103B00002150310999F78DEF2B96CDBFDEBFDF91A4
:103B1000CF910895242F462FBC0180E994E0CECFA9
:103B20000F931F93CF93C82F8B0160E485E00E9411
:103B30000130A80160EA74E0809111209091122078
:103B40000E945E2C40EC6C2F8091112090911220ED
:103B50000E94702C209111203091122080E090E082
:103B6000F901E80FF91F1482019688309105C1F719
:103B700080E090E0F901E80FF91F148601968115A5
:103B800041E09407B9F7CF911F910F9108956130EB
:103B900021E0720748F4AB01BC01809111209091A3
:103BA00012200C960E946A818091A8048063809301
:103BB000A8040895E0911120F09112208487E0EA92
:103BC000F4E08085806380870895DF92EF92FF9212
:103BD0000F931F93CF93DF93CDB7DEB7A097CDBFE1
:103BE000DEBFD82E092F842F162F613208F010E285
:103BF00040E250E09E012F5F3F4F7901B90130E272
:103C0000839FC00111240E943930ED2DF02FD70180
:103C10008A2F8E19811718F48D918193F9CFA09670
:103C2000CDBFDEBFDF91CF911F910F91FF90EF903D
:103C3000DF9008957F928F929F92AF92BF92CF9222
:103C4000DF92EF92FF920F931F93CF93DF93CDB745
:103C5000DEB7A097CDBFDEBF962E842E8E010F5FFC
:103C60001F4F20E2F80111922A95E9F7F0E24F9FE9
:103C7000500111246C017801F801DC01702E8E2FA7
:103C8000801B891518F48D918193F9CFC8010E948A
:103C90007030882D0E94823040E250E0B801C501AA
:103CA0000E9439308E2D8719891550F4F7019191B2
:103CB0007F01F60181916F019817A1F381E001C0A6
:103CC00080E0A096CDBFDEBFDF91CF911F910F9115
:103CD000FF90EF90DF90CF90BF90AF909F908F902C
:103CE0007F900895CF92DF92EF92FF920F931F93F0
:103CF0006B017C01CC24DD24EE2420E8F2228B0130
:103D00009C013F77012B022B032BB1F18B019C010E
:103D10000027112720783F7747E13695279517959B
:103D200007954A95D1F7F801309731F1DC01CB01C5
:103D3000AF77BB27AC01BD013CE076956795579501
:103D400047953A95D1F7CA01EF3FF10521F4892B48
:103D500009F043C006C0C801805791098F31910511
:103D60003CF0CD28CE28CF28D9F180E09CEF3DC093
:103D70008A3DEFEF9E073CF4CD28CE28CF2899F559
:103D800080E090E032C0181619068CF0CD28CE28BD
:103D9000CF2849F50256110902C0569547950A9554
:103DA000E2F74F5F5F4FCA01969587951EC09C0151
:103DB000322F2227330F330F4F5F5F4F56954795B2
:103DC000CD28CE28CF2829F0CA019068822B932BCA
:103DD0000CC0C901842B952B08C080E09EEF05C064
:103DE00080E09CE702C080E090E81F910F91FF9077
:103DF000EF90DF90CF9008954F925F926F927F92F5
:103E0000AF92BF92CF92DF92EF92FF920F931F93E8
:103E1000CF93DF939C013F77232B09F46FC08C0174
:103E200000271C77012F1127069506956C0123E0CA
:103E3000D2220F31110551F4CD2809F063C097FD4E
:103E400066C060E070E080E89FE765C0011511057D
:103E500039F0412C512C20E8622E2FE3722E03C042
:103E6000412C512C3201EC0189E0E82EF12CAA24DE
:103E7000A394B12CA3019201C301B2010E94067D5B
:103E80002B013C01C5010E2C02C0880F991F0A941A
:103E9000E2F78C219D21892B51F020E030E040E8B1
:103EA0005FE3C301B2010E94067D2B013C0181E06A
:103EB000E81AF108F8F6B80169517109072E000CEB
:103EC000880B990B0E943A7E9B01AC0160E070E088
:103ED00080E090E40E942B809B01AC01C301B20101
:103EE0000E94C87F012B31F420E030E040E059E32C
:103EF0000E94C87FD7FF0FC090580DC060E070E0EF
:103F0000CB0109C060E070E080EC9FE704C060E096
:103F100070E080E89FEFDF91CF911F910F91FF90AC
:103F2000EF90DF90CF90BF90AF907F906F905F90B9
:103F30004F900895CF93DF931F921F92CDB7DEB7B6
:103F400019821A820097E1F121E02093E60620E031
:103F500030E040913320509134202417350720F46D
:103F600000002F5F3F4FF5CF21E02093E50620E0D2
:103F700030E040913120509132202417350720F451
:103F800000002F5F3F4FF5CF21E02093E606FC01B4
:103F900021812093C30B2091C20B27FFFCCF2091DE
:103FA000C30B2A83FC0180818093C30B8091C20BD9
:103FB00087FFFCCF8091C30B898381E08093E50666
:103FC00089819A810F900F90DF91CF910895EFEC46
:103FD000F0E28081837084628083E0EDF0E2808192
:103FE000807883608062806880830895CF92DF92BA
:103FF000EF92FF920F931F93CF93C82F8091C00B26
:104000008F7B8093C00B009135201091362020913A
:10401000372030913820C12CD12C760143E060E06C
:1040200070E080EC9BE00E94832F8091C00B806445
:104030008093C00BC770CC0F8091D020817F8C2BD8
:1040400080688093D0208FEC90E274DF80E090E075
:104050002091693230916A328217930718F4000078
:104060000196F6CF8091D0208F778093D0208FEC6F
:1040700090E260DF80E090E02091693230916A3216
:104080008217930718F400000196F6CF8FEC90E2A8
:1040900051DF80E090E02091693230916A328217DE
:1040A000930718F400000196F6CF8FEC90E2CF91C1
:1040B0001F910F91FF90EF90DF90CF903BCFCF9368
:1040C000C82FCB01BA012FE632E143E05AE30E9448
:1040D0000F7F18167CF4EC2FF0E0EE0FFF1FED5E63
:1040E000FF4D808191818C3221E092071CF4019672
:1040F00080839183CF910895CF92DF92EF92FF92C8
:10410000CF93C82F73DFBC01C43000F1EC2FF0E077
:10411000EE0FFF1FE55FFF4D208131816901032E06
:10412000000CEE08FF08CB01072E000CAA0BBB0BFE
:104130008C199D09AE09BF0981159048AF4FBF4F3B
:104140001CF0621B730B02C060E070E8072E000CCD
:10415000880B990B0E943A7E2FE632E143E850E447
:104160000E94C87F20E030E040E05FE30E94C87F0B
:1041700020E03EEF4FEF56E40E946E7DCF91FF901E
:10418000EF90DF90CF900895CF93C62F8C5FB4DF70
:104190002FE632E143E050E40E94067DCC2329F073
:1041A00025ED38E749EE5EE304C027ED33EA40E34E
:1041B00050E40E94C87FCF910895AF92BF92CF92F2
:1041C000DF92EF92FF920F931F93CF93DF9300D074
:1041D00000D0CDB7DEB71D821E8219821A820097E9
:1041E00009F464C05C019091C00B9F7B9093C00B5D
:1041F000C12CD12C760100E412E42FE030E040E045
:1042000060E070E080EC9BE00E94832F9091C00BF7
:1042100090649093C00B82E08093E606F501818163
:1042200092818B839C838C818093C30B8091C20B82
:1042300087FFFCCF8091C30B8B818093C30B809150
:10424000C20B87FFFCCF8091C30B82E08093E50611
:104250008093E6069A819093C30B8091C20B87FFEF
:10426000FCCF8091C30B89818093C30B2091C20B3B
:1042700027FFFCCF2091C30B22E02093E50620937B
:10428000E6069093C30B9091C20B97FFFCCF9091E1
:10429000C30B9E838093C30B8091C20B87FFFCCF1F
:1042A0008091C30B8D8382E08093E5068D819E8192
:1042B0009F702696CDBFDEBFDF91CF911F910F91EA
:1042C000FF90EF90DF90CF90BF90AF900895CF9286
:1042D000DF92EF92FF920F931F93CF93DF931F9282
:1042E0001F92CDB7DEB789839A838091C00B8F7BF5
:1042F0008093C00BC12CD12C760100E412E42FE096
:1043000030E040E060E070E080EC9BE00E94832FB2
:104310008091C00B80648093C00B82E08093E6069E
:104320008A818093C30B8091C20B87FFFCCF809161
:10433000C30B89818093C30B8091C20B87FFFCCF95
:104340008091C30B82E08093E5060F900F90DF9180
:10435000CF911F910F91FF90EF90DF90CF90089534
:10436000CF9381E08093D1208091D4208D708460A0
:1043700088608093D4208CE08093D5208091D420D5
:104380009091D520A4DF8091D320817088608E7FAA
:104390008093D3201092D2208091D2209091D3206C
:1043A00096DF8091D92096E69093D8208F738E7FE8
:1043B0008093D920C0E18C2F8F71982F990F809115
:1043C000D920817C892B8093D9208091D82090910D
:1043D000D9207DDFCF5FCF71C43169F7CF910895C8
:1043E0008430C0F4880F86702091D220611105C0FE
:1043F0008295807F2F78822B08C08F5F8770982FDF
:104400009295907F822F8F78892B8093D22081ED97
:1044100090E2D3CE80E090E008958F929F92AF9289
:10442000BF92CF92DF92EF92FF92CF93DF93B82E9D
:104430006A017B0160E0D4DFEC0161E08B2DD0DF0D
:10444000BE01681B790B77FF03C0719561957109F7
:10445000072E000C880B990B0E943A7E20E030E07A
:1044600040EA5AE30E94C87F20E030E040E351E494
:104470000E94C87F4B015C012AE037ED43EA5CE310
:10448000C701B6010E94C87F9B01AC015F77C501DF
:10449000B4010E94057DDF91CF91FF90EF90DF90F6
:1044A000CF90BF90AF909F908F9008958F929F92E2
:1044B000AF92BF92CF92DF92EF92FF920F931F9332
:1044C000CF93DF9300D01F92CDB7DEB7A62EB42EC8
:1044D00083702093DB203093DC20880F80618093F1
:1044E000DD203091DE209091DC2039838A839B830C
:1044F0002C8380EC882E8BE0982EF40180818F7BBA
:104500008083C12CD12C760100E412E42FE030E04E
:1045100042E060E070E080EC9BE00E94832FF401B9
:104520008081806480830A2D069506950695F0E2C9
:104530000F9F800111241A5F8A2D8770EE24E39467
:10454000F12C470101C0880C8A95EAF7F8018682B0
:1045500043E050E0BE016E5F7F4F80EC9BE00E9425
:10456000A42FF8018582EB2DE695E695E69590E27D
:10457000E99FF0011124FA5F9B2D977001C0EE0CAA
:104580009A95EAF7E682E5822496CDBFDEBFDF91F9
:10459000CF911F910F91FF90EF90DF90CF90BF9040
:1045A000AF909F908F9008959B0148E06DE37ECF80
:1045B0009B014FE36CE37ACF82E08093260660E0B4
:1045C0008CE00E94353B60E08DE00C94353B4F92CF
:1045D0005F926F927F928F92BF92CF92DF92EF9213
:1045E000FF920F931F93CF93DF9300D01F92CDB70D
:1045F000DEB72C01892B09F4F0C084E0E3EEF0E291
:10460000DF011D928A95E9F78091E6208770886224
:104610008093E6208091E3209091E420A091E52012
:10462000B091E620BF778093E3209093E420A0939D
:10463000E520B093E620B093DF20A093E020909394
:10464000E1208093E220E22EE694E694E694B0E244
:10465000EB9E70011124EAEFFE1A277081E001C081
:10466000880F2A95EAF7282F80E090E0DC01F70117
:104670003085322359F0883EF3E09F07A105B1054C
:1046800009F4ADC00196A11DB11DF1CF883E934044
:10469000A105B10509F4A3C0A42FA695A695A695DA
:1046A00030E2A39FD0011124BA5F477021E030E0CF
:1046B00001C0220F4A95EAF716962C9316974FEDF4
:1046C00050E2CE0105968E010F5F1F4FFA01F19067
:1046D000AF01FB01F382C12CD12C7601FB01B2802A
:1046E000B7FC0DC0F8EECF16F3E0DF06E104F104ED
:1046F000B9F0FFEFCF1ADF0AEF0AFF0AEFCFE8EEBB
:10470000CE16E3E0DE06E104F10451F0FB01F38094
:10471000FC01F292CF010E171F07C1F680E001C025
:104720008DEF15962C9381115BC0298122952695DA
:1047300027709A81392F330F330F330F632E622A7C
:10474000292F2295269527709B81392F330F330F00
:10475000330F732E722A9295969597702C81322F73
:10476000330F330F330F832E892AE82C6301CC24B7
:10477000E7FCC394DD24EE2491E0322F307225FF54
:1047800090E09C15C1F0682DA30170E031111EC0AE
:104790007F6FA091E720B0E0AA0FBB1FA851BF4DCB
:1047A000CD90DC900D2C000CEE08FF084C0D5D1D2B
:1047B0006E1D7F1D0BC088202CF041E050E060E8AA
:1047C0007FEF04C04FEF5FEF6FE770E0D2014D93D2
:1047D0005D936D937C93139703C080E001C08DEFD0
:1047E0002496CDBFDEBFDF91CF911F910F91FF9037
:1047F000EF90DF90CF90BF908F907F906F905F9001
:104800004F900895DB01843090F4282F30E0F901B7
:10481000EE0FFF1FEF5BFF4D60817181F901E35CDB
:10482000FF4D4081F901E75CFF4D208104C020E08D
:1048300040E060E070E08093E720CD01C8DE082E04
:10484000000C990B08958BE0E0EFF0E2DF011D9280
:104850008A95E9F7CF0111C1CF93DF9321E030E0D2
:10486000A90102C0440F551F6A95E2F7BA010097EB
:1048700061F0FC012081213041F4EC0180EF90E2F5
:10488000DFD0CE01DF91CF9121C08FEF9FEFDF917D
:10489000CF910895009749F0FC012081211105C0B6
:1048A00021E0208381E090E008958FEF9FEF08954D
:1048B000CF93DF93009729F0EC01ECDF22E029830E
:1048C00002C08FEF9FEFDF91CF910895009759F0CD
:1048D000FC012081213039F44085678105961AD981
:1048E00081E090E008958FEF9FEF0895CF93DF93DD
:1048F000009789F0FC012081213069F4EC0184E10A
:10490000808782E08783CF01A7DF8D819E819827F2
:104910008927982702C080E090E0DF91CF91089529
:10492000813069F038F0823099F4E62FF0E0E057FA
:10493000F94F09C0E62FF0E0E05FF94F04C0E62F21
:10494000F0E0E059F94F8081108281E090E0089515
:104950008EEF9FEF08958130A9F058F08230E9F48E
:1049600081E090E001C0880F6A95EAF780938106A4
:1049700011C081E090E001C0880F6A95EAF780934A
:10498000010608C081E090E001C0880F6A95EAF74F
:104990008093610681E090E008958EEF9FEF089587
:1049A0000F931F93CF93DF93009779F1EC011A8552
:1049B0000985602F812FCFDF1130B1F060F0123008
:1049C000E1F481E090E0002E01C0880F0A94EAF73C
:1049D0008093850612C081E090E0002E01C0880F10
:1049E0000A94EAF78093050681E090E0002E01C06A
:1049F000880F0A94EAF780936506602F812F90DF75
:104A000081E0888381E090E002C08FEF9FEFDF912B
:104A1000CF911F910F910895009749F0FC012081DB
:104A2000213029F4408563818181928141D88FEFC3
:104A30009FEF0895009709F0B3CF8FEF9FEF089590
:104A4000CF93DF931F92CDB7DEB7009781F0FC01C3
:104A50002081213061F4678369832383CE0101962D
:104A600081839283CF01D8DF81E090E002C08FEF95
:104A70009FEF0F90DF91CF910895009749F023E0C9
:104A8000FC012187128621E0278320E72087D2CFEF
:104A90008FEF9FEF0895CF93DF931F92CDB7DEB7CF
:104AA00091E001C0990F6A95EAF79983482F61E078
:104AB000CE0101960E94581D0F90DF91CF9108956D
:104AC000CF93DF931F921F92CDB7DEB719826A830F
:104AD000682F81E7E0DF4EE262E0CE0101960E949E
:104AE000581D0F900F90DF91CF9108954F925F92D4
:104AF0006F927F928F929F92AF92BF92CF92DF92EE
:104B0000EF92FF920F931F93CF93DF932B013C0102
:104B1000EA0148015901C880D980EA80FB8020E081
:104B200030E0A901C701B6010E946A7D811105C06C
:104B3000488259826A827B821EC0A501940160E08E
:104B400070E080E89FE30E94057DA30192010E942E
:104B5000C87F2B013C01A5019401C701B6010E9449
:104B6000C87F9B01AC01C301B2010E94067D68832E
:104B700079838A839B83DF91CF911F910F91FF905F
:104B8000EF90DF90CF90BF90AF909F908F907F90ED
:104B90006F905F904F9008952F923F924F925F9247
:104BA0006F927F928F929F92AF92BF92CF92DF923D
:104BB000EF92FF920F931F93CF93DF93CDB7DEB7A2
:104BC0002797CDBFDEBF8C011B014F83FC01E25153
:104BD000FF4F608170E080E090E00E943A7ED80153
:104BE00014962D913D914D915C9117970E94C87F2D
:104BF0002B013C01F801E151FF4F608170E080E042
:104C000090E00E943A7EF8012085318542855385E7
:104C10000E94C87F4B015C01F801E051FF4F6081A9
:104C200070E080E090E00E943A7ED8011C962D91C1
:104C30003D914D915C911F970E94C87F6B017C0153
:104C4000F801ED5FFE4F408251826282738220E064
:104C500030E0A901C501B4010E946A7DF801E95F55
:104C6000FE4FED83FE8381110AC0108211821282F1
:104C700013823C9610821182128213825BC020E064
:104C800030E0A901C701B6010E946A7DF801E55034
:104C9000FF4FE983FA83882381F0A7019601C501BC
:104CA000B4010E94C87F0E949B80A981BA816D9344
:104CB0007D938D939C9313970AC0C501B4010E9404
:104CC0009B80E981FA816083718382839383D80119
:104CD0008D919D910D90BC91A02D89839A83AB837A
:104CE000BC839C01AD01C301B2010E94C87FA50134
:104CF00094010E946E7DED81FE81608371838283C9
:104D0000938398012D5E3E4F2D833E83F801E5503D
:104D1000FF4F208131814281538169817A818B816A
:104D20009C810E946E7DAD81BE816D937D938D933C
:104D30009C931397F801ED50FF4F80819181A281E0
:104D4000B38189839A83AB83BC83D8012D913D9134
:104D50004D915C9169817A818B819C810E94C87F91
:104D6000A70196010E94067D4B015C01F801E55FF9
:104D7000FE4FED83FE839B01AC01C701B6010E948B
:104D80006E7DAD81BE816D937D938D939C931397C2
:104D9000F801E15FFE4FED83FE8329813A814B816B
:104DA0005C81C301B2010E94C87FA70196010E94E5
:104DB000C87FA50194010E946E7DAD81BE816D9377
:104DC0007D938D939C931397BF81BB23B1F0F10129
:104DD000EF59FF4F80819181A281B3813D978083FC
:104DE0009183A283B3833897108211821282138237
:104DF00034961082118212821382F101EB55FF4F1B
:104E00001082789780E090E0A0EAB1E480839183FB
:104E1000A283B383799610822796CDBFDEBFDF9140
:104E2000CF911F910F91FF90EF90DF90CF90BF90A7
:104E3000AF909F908F907F906F905F904F903F903A
:104E40002F9008954F925F926F927F92AF92BF9290
:104E5000CF92DF92EF92FF920F931F93CF93DF9346
:104E600000D000D0CDB7DEB729013A01E982FA823D
:104E70000B831C83CD82DE8220E030E0A9010E94FA
:104E80000F7F181684F5A3019201C801B7010E9493
:104E90006E7D0E949B802B013C01F60120813181B7
:104EA000428153810E946A7D87FF05C0F6014082DE
:104EB00051826282738220E030E0A901F5016081B5
:104EC0007181828193810E946A7D87FF0CC0ED8190
:104ED000FE8180819181A281B381B058F5018083E8
:104EE0009183A283B3832696CDBFDEBFDF91CF919E
:104EF0001F910F91FF90EF90DF90CF90BF90AF90F8
:104F00007F906F905F904F9008952F923F924F92B5
:104F10005F926F927F928F929F92AF92BF92CF9249
:104F2000DF92EF92FF920F931F93CF93DF93CDB752
:104F3000DEB76C97CDBFDEBF6B8B7C8B8D8B9E8B72
:104F400029013A01E98EFA8E0B8F1C8F1601A98672
:104F5000BA86D60158966D917D918D919C915B9703
:104F60006D837E838F8398875496CD90DD90ED90EE
:104F7000FC905797C982DA82EB82FC825C962D9175
:104F80003D914D915C915F972B873C874D875E8764
:104F9000F501EB57FF4F20813181428153812F87EB
:104FA000388B498B5A8BF101E451FF4F208121113D
:104FB00020C09B01AC010E94C87F6D837E838F83DC
:104FC00098872B853C854D855E85CA01B9010E9475
:104FD000C87F6B877C878D879E872F853889498915
:104FE0005A89CA01B9010E94C87F6F87788B898B63
:104FF0009A8BF101E150FF4FC080D180E280F380B5
:1050000020E030E0A901C701B6010E946A7DE98570
:10501000FA85EC5AFF4F882331F0D101AF50BF4FD2
:105020008C91811105C0408251826282738237C0A7
:1050300080809180A280B380A5019401C301B20158
:105040000E94057D562E472E3C01262F372FAC019E
:10505000C701B6010E946A7D87FD10C0F7FAF0947F
:10506000F7F8F094252D342DA301C701B6010E9455
:105070000F7F18161CF0C52CD42C730169847A8418
:1050800034E5630E711CA7019601C501B4010E94AD
:10509000067DD3016D937D938D939C931397E98542
:1050A000FA85EC5AFF4FEF8BF88F208131814281D6
:1050B0005381F101E950FF4F6081718182819381B9
:1050C0000E94C87F2B893C894D895E890E94057D9D
:1050D000F101ED5FFE4F20813181428153810E94B9
:1050E000C87F6B017C01E985FA85E85BFF4F60832F
:1050F00071838283938369847A84F0E56F0E711CD7
:10510000D3012D913D914D915C91F101E55FFE4FF1
:1051100060817181828193810E94C87F4B015C0113
:10512000E985FA85EC5BFF4F208131814281538113
:105130006B897C898D899E890E94057DF101E15FE3
:10514000FE4F20813181428153810E94C87F9B01A3
:10515000AC01C501B4010E94057D9B01AC01F301C6
:10516000608371838283938349845A84FCE44F0E65
:10517000511CC701B6010E94067DD2012D913D91BF
:105180004D915C910E94067D298D3A8D4B8D5C8DF1
:105190000E94067D3B014C01E985FA85E359FF4FEA
:1051A0006081718182819381FE0131965F019E0150
:1051B0002B5F3F4F6901EB84FC840D851E852F8595
:1051C000388949895A893EDECD80DE80EF80F884B7
:1051D00009811A81AB80BC809601A701B301C4018B
:1051E0000E940F7F18166CF09801A501B301C4014D
:1051F0000E946A7D87FF03C06801750102C06301D8
:1052000074012B893C894D895E89AF89B88D6D9178
:105210007D918D919C910E94057DF101E95FFE4F8A
:1052200020813181428153810E94C87FF201208117
:105230003181428153810E94067D6B877C878D87F7
:105240009E875101FDEEAF1AFEEFBF0A9301A40144
:10525000B601C7010E94057DD5012D913D914D916B
:105260005C910E94C87F9B01AC016B857C858D851C
:105270009E850E94067DF201608371838283938301
:10528000E985FA85EC5BFF4F2B893C894D895E8966
:105290002083318342835383F101E451FF4F8081A6
:1052A000B601811118C0C7016C96CDBFDEBFDF917A
:1052B000CF911F910F91FF90EF90DF90CF90BF9013
:1052C000AF909F908F907F906F905F904F903F90A6
:1052D0002F900C949B80C7016C96CDBFDEBFDF91F1
:1052E000CF911F910F91FF90EF90DF90CF90BF90E3
:1052F000AF909F908F907F906F905F904F903F9076
:105300002F9008958F929F92AF92BF92CF92DF928B
:10531000EF92FF920F931F93CF93DF936B01D82FE0
:10532000C92F49015A019701A8010E940F7F181641
:105330006CF09401A501B6018D2F9C2F0E946A7D0F
:1053400087FF07C06401DA2DCB2D03C06701D02F82
:10535000C12FB6018D2F9C2FDF91CF911F910F91FF
:10536000FF90EF90DF90CF90BF90AF909F908F9085
:1053700008951F93CF93DF9366DACBEFD0E219E065
:10538000FE01812F11928A95E9F7CE0191DA2996D3
:10539000E1E2CF31DE07A1F7DF91CF911F910895B0
:1053A000682F29E0829FC001112485509F4D9ECA1D
:1053B0004F925F926F927F928F929F92AF92BF9225
:1053C000CF92DF92EF92FF92CF93DF93EA0123E334
:1053D00033E948E853E40E94067D9B01AC0160E09C
:1053E00070E080E89FE30E946E7D9B01AC016881C4
:1053F00079818A819B810E94057D6B017C014884B3
:1054000059846A847B8420E030E0A901C301B201A1
:105410000E946A7D81110AC0C701B60190582C8193
:105420003D814E815F810E946E7D4EC020E030E064
:1054300040E450E46C817D818E819F810E946E7D6D
:10544000A30192010E946E7D20E030E040E450E430
:105450000E942B804B015C01A3019201C701B601A0
:105460000E946E7D20E030E040E05FE30E94C87F54
:105470006B017C019B01AC010E94C87FA5019401D6
:105480000E94067D0E949B804B015C01A701960152
:105490000E94057D2BEA3AEA4AEA5EE30E942B80ED
:1054A0002B013C01A5019401C701B6010E94067DB4
:1054B0002BEA3AEA4AEA5EE30E942B809B01AC01A8
:1054C000C301B2010E94057DDF91CF91FF90EF9063
:1054D000DF90CF90BF90AF909F908F907F906F9014
:1054E0005F904F900C94DB7DCF92DF92EF92FF9212
:1054F0005FDF6B017C0120E030E44CE156E40E9468
:10550000067D9B01AC01C701B6010E946E7D20E0C3
:1055100030E040E857E40E94C87F6B017C0120E046
:105520003FEF4FE757E40E940F7F18163CF4C12C61
:10553000DD24DA948FE7E82E87E4F82EC701B60160
:105540000E9477800E940C7ECB01FF90EF90DF904D
:10555000CF9008954F925F926F927F928F929F9219
:10556000AF92BF92CF92DF92EF92FF920F931F9371
:10557000CF93DF93CDB7DEB72897CDBFDEBF6D8366
:105580007E838F83988729013A01D80118968D91DF
:105590009D910D90BC91A02D89839A83AB83BC8390
:1055A00020E030E0A901BC01CD010E946A7D81119B
:1055B0000CC0F801248535854685578560E070E08C
:1055C00080E89FE30E946E7D25C020E030E040E44B
:1055D00050E469817A818B819C810E94C87F6983B4
:1055E0007A838B839C83C301B2010E94557F9B0108
:1055F000AC010E94C87F29813A814B815C810E9465
:10560000C87FD80114962D913D914D915C911797CB
:105610000E94067D69837A838B839C8323E333E92D
:1056200048E853E46D817E818F8198850E94067DD4
:105630009B01AC010E94C87FA70196010E946E7D6C
:105640006D837E838F83988720E030E44CE156E4BD
:10565000C301B2010E94067D9B01AC010E94C87F7C
:105660006B017C0120E030E44CE156E4C301B2015F
:105670000E94C87F9B01AC01C701B6010E946E7DEC
:105680002D813E814F8158850E94C87F9B01AC01CE
:1056900069817A818B819C810E94C87F6B017C012A
:1056A000C501B4010E94387E9B01AC01C701B6015F
:1056B0000E946E7D2896CDBFDEBFDF91CF911F91F6
:1056C0000F91FF90EF90DF90CF90BF90AF909F90A1
:1056D0008F907F906F905F904F9008958F929F92E0
:1056E000AF92BF92CF92DF92EF92FF920F931F93F0
:1056F000CF93DF9300D01F92CDB7DEB78A010E940F
:10570000557F69837A838B839C8369817A818B81BE
:105710009C8189809A80AB80BC80C980DA80EB80D4
:10572000FC80F80120853185428553850E94C87F21
:10573000A50194010E94C87FF8012481358146812A
:1057400057810E94067DA70196010E94C87FF8013B
:1057500020813181428153810E94067D6B017C0151
:1057600020E030E0A9010E940F7F18164CF4A70139
:10577000960160E070E080E89FE30E946E7D03C0C8
:1057800060E070E0CB0123E333E948E853E40E9492
:10579000057D2496CDBFDEBFDF91CF911F910F9184
:1057A000FF90EF90DF90CF90BF90AF909F908F9041
:1057B00008958F929F92AF92BF92CF92DF92EF9215
:1057C000FF920F931F93CF93DF9300D01F92CDB71B
:1057D000DEB78B01009731F0BC0180E090E00E94C1
:1057E000387E04C060E070E080E89FE320E030E0B5
:1057F00040E857E30E94C87F6B017C0120E030E461
:105800004CE156E40E94C87F69837A838B839C8332
:1058100089809A80AB80BC80A701960160E070E02F
:1058200080E89FE30E94057D9B01AC01C501B401A6
:105830000E946E7D69837A838B839C8369817A81E0
:105840008B819C81A8014ADF2496CDBFDEBFDF910A
:10585000CF911F910F91FF90EF90DF90CF90BF906D
:10586000AF909F908F9008958F929F92AF92BF922A
:10587000CF92DF92EF92FF9249015A010E943A7E45
:105880006B017C01C501B4010E94387E9B01AC0113
:10589000C701B6010E946E7D20E030E040EA5FE380
:1058A0000E94C87FFF90EF90DF90CF90BF90AF90A5
:1058B0009F908F9008950C94C87F0895FC01608399
:1058C000718342835383E45FFE4F108231961082CE
:1058D000118232961082319610823196108208958C
:1058E000DC01ED91FC91119748634087ED91FC91AB
:1058F000660F63870895CF93DF93FC018F5E9E4F01
:10590000DC012C911197EF01C15FDE4F222359F08A
:105910000190F081E02D22E0218726E02C9318826F
:10592000FC01108217C081E088831C92A081B181A4
:1059300018968C9118978B7F18968C93DF01A45F33
:10594000BE4F1C9211961D921C920190F081E02D89
:1059500083E08187DF91CF910895DC01ED91FC9187
:10596000119720852B7F2087ED91FC912285206463
:105970002287FC01E05FFE4F21E0208331971082F7
:1059800008950F931F93CF93DF93EC01E881F98182
:105990008085846080878E01045F1E4FF8018081BE
:1059A000E881F981883028F58485F8019081FE012D
:1059B000E90FF11D8483EA81FB811995F80180814B
:1059C0008F5F8083DE01AF5EBE4F8C91E881F981ED
:1059D000882361F082E08187FE01E05FFE4F86E070
:1059E0008083C15FDE4F18821C920DC083E08187E7
:1059F0000AC086E08187FE01E05FFE4F82E080837F
:105A0000C15FDE4F1882DF91CF911F910F910895F2
:105A1000CF93DF93FC01E35FFE4F20813181EC01E6
:105A2000A881B981232B59F01A962C911A9724FF3B
:105A300006C022E019962C93339621E01FC02081E6
:105A400031812F3F310509F098F4C081D181C80F11
:105A5000D91F2C851C962C93208131812F5F3F4FBD
:105A600020833183DC01ED91FC9183E0818709C0C3
:105A700022E019962C93FC01E05FFE4F20833197C2
:105A80001082DF91CF910895DC01ED91FC91228588
:105A900021FDBECF76CFDC01ED91FC91228522FF66
:105AA0000AC0FC01E45FFE4F108231961082118221
:105AB000339624E017C023FF0AC0FC01E45FFE4FC9
:105AC0001082319610821182339623E00BC026FF9C
:105AD00003C020FD10CF41CF27FDD6CFFC01E05FF2
:105AE000FE4F25E020833197108208951F920F9278
:105AF0000FB60F92112408B60F9218BE09B60F9276
:105B000019BE0BB60F921BBE2F933F934F935F931B
:105B10006F937F938F939F93AF93BF93EF93FF9375
:105B20004091240250912502E0916D32F0916E3245
:105B300061E080E092E01995FF91EF91BF91AF9104
:105B40009F918F917F916F915F914F913F912F9195
:105B50000F900BBE0F9009BE0F9008BE0F900FBEA6
:105B60000F901F9018951F920F920FB60F9211244D
:105B700008B60F9218BE09B60F9219BE0BB60F9257
:105B80001BBE2F933F934F935F936F937F938F939E
:105B90009F93AF93BF93EF93FF9340912C0250914B
:105BA0002D02E0916D32F0916E3262E080E092E081
:105BB0001995FF91EF91BF91AF919F918F917F9137
:105BC0006F915F914F913F912F910F900BBE0F906E
:105BD00009BE0F9008BE0F900FBE0F901F90189532
:105BE0001F920F920FB60F92112408B60F9218BE93
:105BF00009B60F9219BE0BB60F921BBE2F933F939F
:105C00004F935F936F937F938F939F93AF93BF93C4
:105C1000EF93FF934091340250913502E0916D3241
:105C2000F0916E3264E080E092E01995FF91EF917F
:105C3000BF91AF919F918F917F916F915F914F91A4
:105C40003F912F910F900BBE0F9009BE0F9008BE91
:105C50000F900FBE0F901F9018951F920F920FB6C6
:105C60000F92112408B60F9218BE09B60F9219BEF2
:105C70000BB60F921BBE2F933F934F935F936F937F
:105C80007F938F939F93AF93BF93EF93FF93409135
:105C90003C0250913D02E0916D32F0916E3268E02D
:105CA00080E092E01995FF91EF91BF91AF919F91A4
:105CB0008F917F916F915F914F913F912F910F90B5
:105CC0000BBE0F9009BE0F9008BE0F900FBE0F9035
:105CD0001F9018951F920F920FB60F92112408B6BD
:105CE0000F9218BE09B60F9219BE0BB60F921BBECB
:105CF0002F933F934F935F936F937F938F939F93D4
:105D0000AF93BF93EF93FF9340916402509165026C
:105D1000E0916B32F0916C3261E080E492E0199591
:105D2000FF91EF91BF91AF919F918F917F916F9173
:105D30005F914F913F912F910F900BBE0F9009BE35
:105D40000F9008BE0F900FBE0F901F9018951F92D6
:105D50000F920FB60F92112408B60F9218BE09B613
:105D60000F9219BE0BB60F921BBE2F933F934F930A
:105D70005F936F937F938F939F93AF93BF93EF93B3
:105D8000FF9340916C0250916D02E0916B32F09163
:105D90006C3262E080E492E01995FF91EF91BF913F
:105DA000AF919F918F917F916F915F914F913F91B3
:105DB0002F910F900BBE0F9009BE0F9008BE0F9051
:105DC0000FBE0F901F9018951F920F920FB60F9253
:105DD000112408B60F9218BE09B60F9219BE0BB661
:105DE0000F921BBE2F933F934F935F936F937F93BD
:105DF0008F939F93AF93BF93EF93FF934091740260
:105E000050917502E0916B32F0916C3264E080E465
:105E100092E01995FF91EF91BF91AF919F918F9172
:105E20007F916F915F914F913F912F910F900BBE9A
:105E30000F9009BE0F9008BE0F900FBE0F901F90DD
:105E400018951F920F920FB60F92112408B60F9259
:105E500018BE09B60F9219BE0BB60F921BBE2F9338
:105E60003F934F935F936F937F938F939F93AF93E2
:105E7000BF93EF93FF9340917C0250917D02E0919C
:105E80006B32F0916C3268E080E492E01995FF91FA
:105E9000EF91BF91AF919F918F917F916F915F91A2
:105EA0004F913F912F910F900BBE0F9009BE0F9015
:105EB00008BE0F900FBE0F901F901895CF93DF93E1
:105EC000EC01C03C88E0D80719F468E083E014C016
:105ED000C03C89E0D80719F468E084E00DC0C03CFC
:105EE0008AE0D80719F468E085E006C0C03C8BE082
:105EF000D80719F468E086E084D0888180618883BF
:105F0000DF91CF910895EF92FF920F931F93CF935C
:105F10007C01C42FB901A80100E018E428EE31E0AB
:105F20000FD187FD0BC0F7018081F4E0CF9FA00166
:105F300011244C70837F482BF7014083CF911F9130
:105F40000F91FF90EF900895FB01460F571FE41744
:105F5000F50751F02191DC0113962C93DC01129688
:105F60002C9127FFFBCFF3CF80E00895CF93DF93F1
:105F70001F92CDB7DEB78FB78983F89489810F90D0
:105F8000DF91CF9108958FEF80937000809371001F
:105F900080937200809373008093740080937500E7
:105FA00080937600E3DF90915000926090935000D0
:105FB0008FBF8091510081FFFCCFD8DF90915000BE
:105FC0009460909350008FBF8091510082FFFCCF6E
:105FD000CDDF909156009D7F909356009091600088
:105FE0009160909360008FBF61E080E490E00E9438
:105FF000593ABCDF909150009E7F909350008FBF24
:106000000895CF93DF93C82FD62FB0DFEC2FF0E0A9
:10601000E059FF4FD0959081D923D0838FBFDF9176
:10602000CF9108958091CF0187FDFCCF08951F93F4
:10603000CF93DF93C0ECD1E01A858A8761E08BECC7
:1060400091E00E94593A1A87DF91CF911F910895EC
:10605000CF93DF93EC01E6DFECECF1E08081886028
:106060008083D05F88819081977F9083DF91CF91EB
:106070000895CF92DF92EF92FF920F931F93CF93E9
:10608000DF938C017B016A01CDDFCCECD1E088810C
:1060900088608883B801705FA601C7010E946A8189
:1060A0008881877F8883DF91CF911F910F91FF9027
:1060B000EF90DF90CF900895CF93DF93C82FD62F26
:1060C000B1DFACECB1E08C9188608C93EC2FF0E008
:1060D000F05FD0838C91877F8C93DF91CF9108956F
:1060E0000F931F93CF938C019DDFC0E0F801619166
:1060F0008F018C2FE1DFCF5FC032C1F7CF911F91AD
:106100000F910895CF93C82F8DDF20E2C29FC00169
:106110001124E0ECF1E012829183808385E3CF913A
:1061200086CF1F93CF93DF93182F7CDFC0ECD1E095
:10613000188387E07CDF8C81DF91CF911F910895D8
:10614000CF92DF92EF92FF920F931F93CF93DF9343
:10615000EC016A017B01DB01CA010197A109B109C8
:10616000BC01CD01600F711F821F931FA701960113
:106170000E9436812138310541055105F8F421345A
:1061800060F4213260F4213160F4293060F425306C
:1061900060F4233060F480E80BC083E009C082E043
:1061A00007C082E805C081E003C081E801C080E04B
:1061B00098819C77892B888381E001C08FEFDF91E4
:1061C000CF911F910F91FF90EF90DF90CF900895A6
:1061D000CF93DF931F92CDB7DEB78FB78983F89443
:1061E00089810F90DF91CF9108951F920F920FB682
:1061F0000F92112408B60F9218BE09B60F9219BE5D
:106200000BB60F921BBE2F933F934F935F936F93E9
:106210007F938F939F93AF93BF93EF93FF93E091FF
:106220006D21F0916E21309709F01995FF91EF9152
:10623000BF91AF919F918F917F916F915F914F919E
:106240003F912F910F900BBE0F9009BE0F9008BE8B
:106250000F900FBE0F901F9018951F920F920FB6C0
:106260000F92112408B60F9218BE09B60F9219BEEC
:106270000BB60F921BBE2F933F934F935F936F9379
:106280007F938F939F93AF93BF93EF93FF93E0918F
:106290006B21F0916C21309709F01995FF91EF91E6
:1062A000BF91AF919F918F917F916F915F914F912E
:1062B0003F912F910F900BBE0F9009BE0F9008BE1B
:1062C0000F900FBE0F901F9018951F920F920FB650
:1062D0000F92112408B60F9218BE09B60F9219BE7C
:1062E0000BB60F921BBE2F933F934F935F936F9309
:1062F0007F938F939F93AF93BF93EF93FF93E0911F
:106300006921F0916A21309709F01995FF91EF9179
:10631000BF91AF919F918F917F916F915F914F91BD
:106320003F912F910F900BBE0F9009BE0F9008BEAA
:106330000F900FBE0F901F9018951F920F920FB6DF
:106340000F92112408B60F9218BE09B60F9219BE0B
:106350000BB60F921BBE2F933F934F935F936F9398
:106360007F938F939F93AF93BF93EF93FF93E091AE
:106370006721F0916821309709F01995FF91EF910D
:10638000BF91AF919F918F917F916F915F914F914D
:106390003F912F910F900BBE0F9009BE0F9008BE3A
:1063A0000F900FBE0F901F9018951F920F920FB66F
:1063B0000F92112408B60F9218BE09B60F9219BE9B
:1063C0000BB60F921BBE2F933F934F935F936F9328
:1063D0007F938F939F93AF93BF93EF93FF93E0913E
:1063E0006521F0916621309709F01995FF91EF91A1
:1063F000BF91AF919F918F917F916F915F914F91DD
:106400003F912F910F900BBE0F9009BE0F9008BEC9
:106410000F900FBE0F901F9018951F920F920FB6FE
:106420000F92112408B60F9218BE09B60F9219BE2A
:106430000BB60F921BBE2F933F934F935F936F93B7
:106440007F938F939F93AF93BF93EF93FF93E091CD
:106450006321F0916421309709F01995FF91EF9134
:10646000BF91AF919F918F917F916F915F914F916C
:106470003F912F910F900BBE0F9009BE0F9008BE59
:106480000F900FBE0F901F9018951F920F920FB68E
:106490000F92112408B60F9218BE09B60F9219BEBA
:1064A0000BB60F921BBE2F933F934F935F936F9347
:1064B0007F938F939F93AF93BF93EF93FF93E0915D
:1064C0006121F0916221309709F01995FF91EF91C8
:1064D000BF91AF919F918F917F916F915F914F91FC
:1064E0003F912F910F900BBE0F9009BE0F9008BEE9
:1064F0000F900FBE0F901F9018951F920F920FB61E
:106500000F92112408B60F9218BE09B60F9219BE49
:106510000BB60F921BBE2F933F934F935F936F93D6
:106520007F938F939F93AF93BF93EF93FF93E091EC
:106530005F21F0916021309709F01995FF91EF915B
:10654000BF91AF919F918F917F916F915F914F918B
:106550003F912F910F900BBE0F9009BE0F9008BE78
:106560000F900FBE0F901F9018951F920F920FB6AD
:106570000F92112408B60F9218BE09B60F9219BED9
:106580000BB60F921BBE2F933F934F935F936F9366
:106590007F938F939F93AF93BF93EF93FF93E0917C
:1065A0005D21F0915E21309709F01995FF91EF91EF
:1065B000BF91AF919F918F917F916F915F914F911B
:1065C0003F912F910F900BBE0F9009BE0F9008BE08
:1065D0000F900FBE0F901F9018951F920F920FB63D
:1065E0000F92112408B60F9218BE09B60F9219BE69
:1065F0000BB60F921BBE2F933F934F935F936F93F6
:106600007F938F939F93AF93BF93EF93FF93E0910B
:106610005B21F0915C21309709F01995FF91EF9182
:10662000BF91AF919F918F917F916F915F914F91AA
:106630003F912F910F900BBE0F9009BE0F9008BE97
:106640000F900FBE0F901F9018951F920F920FB6CC
:106650000F92112408B60F9218BE09B60F9219BEF8
:106660000BB60F921BBE2F933F934F935F936F9385
:106670007F938F939F93AF93BF93EF93FF93E0919B
:106680005921F0915A21309709F01995FF91EF9116
:10669000BF91AF919F918F917F916F915F914F913A
:1066A0003F912F910F900BBE0F9009BE0F9008BE27
:1066B0000F900FBE0F901F9018951F920F920FB65C
:1066C0000F92112408B60F9218BE09B60F9219BE88
:1066D0000BB60F921BBE2F933F934F935F936F9315
:1066E0007F938F939F93AF93BF93EF93FF93E0912B
:1066F0005721F0915821309709F01995FF91EF91AA
:10670000BF91AF919F918F917F916F915F914F91C9
:106710003F912F910F900BBE0F9009BE0F9008BEB6
:106720000F900FBE0F901F9018951F920F920FB6EB
:106730000F92112408B60F9218BE09B60F9219BE17
:106740000BB60F921BBE2F933F934F935F936F93A4
:106750007F938F939F93AF93BF93EF93FF93E091BA
:106760005521F0915621309709F01995FF91EF913D
:10677000BF91AF919F918F917F916F915F914F9159
:106780003F912F910F900BBE0F9009BE0F9008BE46
:106790000F900FBE0F901F9018951F920F920FB67B
:1067A0000F92112408B60F9218BE09B60F9219BEA7
:1067B0000BB60F921BBE2F933F934F935F936F9334
:1067C0007F938F939F93AF93BF93EF93FF93E0914A
:1067D0005321F0915421309709F01995FF91EF91D1
:1067E000BF91AF919F918F917F916F915F914F91E9
:1067F0003F912F910F900BBE0F9009BE0F9008BED6
:106800000F900FBE0F901F9018951F920F920FB60A
:106810000F92112408B60F9218BE09B60F9219BE36
:106820000BB60F921BBE2F933F934F935F936F93C3
:106830007F938F939F93AF93BF93EF93FF93E091D9
:106840005121F0915221309709F01995FF91EF9164
:10685000BF91AF919F918F917F916F915F914F9178
:106860003F912F910F900BBE0F9009BE0F9008BE65
:106870000F900FBE0F901F9018951F920F920FB69A
:106880000F92112408B60F9218BE09B60F9219BEC6
:106890000BB60F921BBE2F933F934F935F936F9353
:1068A0007F938F939F93AF93BF93EF93FF93E09169
:1068B0004F21F0915021309709F01995FF91EF91F8
:1068C000BF91AF919F918F917F916F915F914F9108
:1068D0003F912F910F900BBE0F9009BE0F9008BEF5
:1068E0000F900FBE0F901F9018951F920F920FB62A
:1068F0000F92112408B60F9218BE09B60F9219BE56
:106900000BB60F921BBE2F933F934F935F936F93E2
:106910007F938F939F93AF93BF93EF93FF93E091F8
:106920004D21F0914E21309709F01995FF91EF918B
:10693000BF91AF919F918F917F916F915F914F9197
:106940003F912F910F900BBE0F9009BE0F9008BE84
:106950000F900FBE0F901F9018951F920F920FB6B9
:106960000F92112408B60F9218BE09B60F9219BEE5
:106970000BB60F921BBE2F933F934F935F936F9372
:106980007F938F939F93AF93BF93EF93FF93E09188
:106990004B21F0914C21309709F01995FF91EF911F
:1069A000BF91AF919F918F917F916F915F914F9127
:1069B0003F912F910F900BBE0F9009BE0F9008BE14
:1069C0000F900FBE0F901F9018951F920F920FB649
:1069D0000F92112408B60F9218BE09B60F9219BE75
:1069E0000BB60F921BBE2F933F934F935F936F9302
:1069F0007F938F939F93AF93BF93EF93FF93E09118
:106A00004921F0914A21309709F01995FF91EF91B2
:106A1000BF91AF919F918F917F916F915F914F91B6
:106A20003F912F910F900BBE0F9009BE0F9008BEA3
:106A30000F900FBE0F901F9018951F920F920FB6D8
:106A40000F92112408B60F9218BE09B60F9219BE04
:106A50000BB60F921BBE2F933F934F935F936F9391
:106A60007F938F939F93AF93BF93EF93FF93E091A7
:106A70004721F0914821309709F01995FF91EF9146
:106A8000BF91AF919F918F917F916F915F914F9146
:106A90003F912F910F900BBE0F9009BE0F9008BE33
:106AA0000F900FBE0F901F9018951F920F920FB668
:106AB0000F92112408B60F9218BE09B60F9219BE94
:106AC0000BB60F921BBE2F933F934F935F936F9321
:106AD0007F938F939F93AF93BF93EF93FF93E09137
:106AE0004521F0914621309709F01995FF91EF91DA
:106AF000BF91AF919F918F917F916F915F914F91D6
:106B00003F912F910F900BBE0F9009BE0F9008BEC2
:106B10000F900FBE0F901F9018951F920F920FB6F7
:106B20000F92112408B60F9218BE09B60F9219BE23
:106B30000BB60F921BBE2F933F934F935F936F93B0
:106B40007F938F939F93AF93BF93EF93FF93E091C6
:106B50004321F0914421309709F01995FF91EF916D
:106B6000BF91AF919F918F917F916F915F914F9165
:106B70003F912F910F900BBE0F9009BE0F9008BE52
:106B80000F900FBE0F901F9018951F920F920FB687
:106B90000F92112408B60F9218BE09B60F9219BEB3
:106BA0000BB60F921BBE2F933F934F935F936F9340
:106BB0007F938F939F93AF93BF93EF93FF93E09156
:106BC0004121F0914221309709F01995FF91EF9101
:106BD000BF91AF919F918F917F916F915F914F91F5
:106BE0003F912F910F900BBE0F9009BE0F9008BEE2
:106BF0000F900FBE0F901F9018951F920F920FB617
:106C00000F92112408B60F9218BE09B60F9219BE42
:106C10000BB60F921BBE2F933F934F935F936F93CF
:106C20007F938F939F93AF93BF93EF93FF93E091E5
:106C30003F21F0914021309709F01995FF91EF9194
:106C4000BF91AF919F918F917F916F915F914F9184
:106C50003F912F910F900BBE0F9009BE0F9008BE71
:106C60000F900FBE0F901F9018951F920F920FB6A6
:106C70000F92112408B60F9218BE09B60F9219BED2
:106C80000BB60F921BBE2F933F934F935F936F935F
:106C90007F938F939F93AF93BF93EF93FF93E09175
:106CA0003D21F0913E21309709F01995FF91EF9128
:106CB000BF91AF919F918F917F916F915F914F9114
:106CC0003F912F910F900BBE0F9009BE0F9008BE01
:106CD0000F900FBE0F901F9018951F920F920FB636
:106CE0000F92112408B60F9218BE09B60F9219BE62
:106CF0000BB60F921BBE2F933F934F935F936F93EF
:106D00007F938F939F93AF93BF93EF93FF93E09104
:106D10003B21F0913C21309709F01995FF91EF91BB
:106D2000BF91AF919F918F917F916F915F914F91A3
:106D30003F912F910F900BBE0F9009BE0F9008BE90
:106D40000F900FBE0F901F9018951F920F920FB6C5
:106D50000F92112408B60F9218BE09B60F9219BEF1
:106D60000BB60F921BBE2F933F934F935F936F937E
:106D70007F938F939F93AF93BF93EF93FF93E09194
:106D80003921F0913A21309709F01995FF91EF914F
:106D9000BF91AF919F918F917F916F915F914F9133
:106DA0003F912F910F900BBE0F9009BE0F9008BE20
:106DB0000F900FBE0F901F9018951F920F920FB655
:106DC0000F92112408B60F9218BE09B60F9219BE81
:106DD0000BB60F921BBE2F933F934F935F936F930E
:106DE0007F938F939F93AF93BF93EF93FF93E09124
:106DF0003721F0913821309709F01995FF91EF91E3
:106E0000BF91AF919F918F917F916F915F914F91C2
:106E10003F912F910F900BBE0F9009BE0F9008BEAF
:106E20000F900FBE0F901F9018951F920F920FB6E4
:106E30000F92112408B60F9218BE09B60F9219BE10
:106E40000BB60F921BBE2F933F934F935F936F939D
:106E50007F938F939F93AF93BF93EF93FF93E091B3
:106E60003521F0913621309709F01995FF91EF9176
:106E7000BF91AF919F918F917F916F915F914F9152
:106E80003F912F910F900BBE0F9009BE0F9008BE3F
:106E90000F900FBE0F901F9018951F920F920FB674
:106EA0000F92112408B60F9218BE09B60F9219BEA0
:106EB0000BB60F921BBE2F933F934F935F936F932D
:106EC0007F938F939F93AF93BF93EF93FF93E09143
:106ED0003321F0913421309709F01995FF91EF910A
:106EE000BF91AF919F918F917F916F915F914F91E2
:106EF0003F912F910F900BBE0F9009BE0F9008BECF
:106F00000F900FBE0F901F9018951F920F920FB603
:106F10000F92112408B60F9218BE09B60F9219BE2F
:106F20000BB60F921BBE2F933F934F935F936F93BC
:106F30007F938F939F93AF93BF93EF93FF93E091D2
:106F40003121F0913221309709F01995FF91EF919D
:106F5000BF91AF919F918F917F916F915F914F9171
:106F60003F912F910F900BBE0F9009BE0F9008BE5E
:106F70000F900FBE0F901F9018951F920F920FB693
:106F80000F92112408B60F9218BE09B60F9219BEBF
:106F90000BB60F921BBE2F933F934F935F936F934C
:106FA0007F938F939F93AF93BF93EF93FF93E09162
:106FB0002F21F0913021309709F01995FF91EF9131
:106FC000BF91AF919F918F917F916F915F914F9101
:106FD0003F912F910F900BBE0F9009BE0F9008BEEE
:106FE0000F900FBE0F901F9018951F920F920FB623
:106FF0000F92112408B60F9218BE09B60F9219BE4F
:107000000BB60F921BBE2F933F934F935F936F93DB
:107010007F938F939F93AF93BF93EF93FF93E091F1
:107020002D21F0912E21309709F01995FF91EF91C4
:10703000BF91AF919F918F917F916F915F914F9190
:107040003F912F910F900BBE0F9009BE0F9008BE7D
:107050000F900FBE0F901F9018951F920F920FB6B2
:107060000F92112408B60F9218BE09B60F9219BEDE
:107070000BB60F921BBE2F933F934F935F936F936B
:107080007F938F939F93AF93BF93EF93FF93E09181
:107090002B21F0912C21309709F01995FF91EF9158
:1070A000BF91AF919F918F917F916F915F914F9120
:1070B0003F912F910F900BBE0F9009BE0F9008BE0D
:1070C0000F900FBE0F901F9018951F920F920FB642
:1070D0000F92112408B60F9218BE09B60F9219BE6E
:1070E0000BB60F921BBE2F933F934F935F936F93FB
:1070F0007F938F939F93AF93BF93EF93FF93E09111
:107100002921F0912A21309709F01995FF91EF91EB
:10711000BF91AF919F918F917F916F915F914F91AF
:107120003F912F910F900BBE0F9009BE0F9008BE9C
:107130000F900FBE0F901F9018951F920F920FB6D1
:107140000F92112408B60F9218BE09B60F9219BEFD
:107150000BB60F921BBE2F933F934F935F936F938A
:107160007F938F939F93AF93BF93EF93FF93E091A0
:107170002721F0912821309709F01995FF91EF917F
:10718000BF91AF919F918F917F916F915F914F913F
:107190003F912F910F900BBE0F9009BE0F9008BE2C
:1071A0000F900FBE0F901F9018951F920F920FB661
:1071B0000F92112408B60F9218BE09B60F9219BE8D
:1071C0000BB60F921BBE2F933F934F935F936F931A
:1071D0007F938F939F93AF93BF93EF93FF93E09130
:1071E0002521F0912621309709F01995FF91EF9113
:1071F000BF91AF919F918F917F916F915F914F91CF
:107200003F912F910F900BBE0F9009BE0F9008BEBB
:107210000F900FBE0F901F9018951F920F920FB6F0
:107220000F92112408B60F9218BE09B60F9219BE1C
:107230000BB60F921BBE2F933F934F935F936F93A9
:107240007F938F939F93AF93BF93EF93FF93E091BF
:107250002321F0912421309709F01995FF91EF91A6
:10726000BF91AF919F918F917F916F915F914F915E
:107270003F912F910F900BBE0F9009BE0F9008BE4B
:107280000F900FBE0F901F9018951F920F920FB680
:107290000F92112408B60F9218BE09B60F9219BEAC
:1072A0000BB60F921BBE2F933F934F935F936F9339
:1072B0007F938F939F93AF93BF93EF93FF93E0914F
:1072C0002121F0912221309709F01995FF91EF913A
:1072D000BF91AF919F918F917F916F915F914F91EE
:1072E0003F912F910F900BBE0F9009BE0F9008BEDB
:1072F0000F900FBE0F901F9018951F920F920FB610
:107300000F92112408B60F9218BE09B60F9219BE3B
:107310000BB60F921BBE2F933F934F935F936F93C8
:107320007F938F939F93AF93BF93EF93FF93E091DE
:107330001F21F0912021309709F01995FF91EF91CD
:10734000BF91AF919F918F917F916F915F914F917D
:107350003F912F910F900BBE0F9009BE0F9008BE6A
:107360000F900FBE0F901F9018951F93CF93DF9330
:10737000EC010E94E830182FC11588E0D80711F4FD
:1073800061E005C0C03488E0D80739F462E083E0EA
:107390000E94013064E083E031C0C11589E0D80764
:1073A00011F461E005C0C03489E0D80739F462E027
:1073B00084E00E94013064E084E020C0C1158AE0CE
:1073C000D80711F461E005C0C0348AE0D80739F469
:1073D00062E085E00E94013064E085E00FC0C115E5
:1073E0008BE0D80711F461E004C0C034DB40A9F49D
:1073F00062E086E00E94013064E086E00E94013095
:107400008091D9338F3F09F4FFCF0E94E8309091EB
:10741000D9339F5F9093D9338FBF1FBFDF91CF9137
:107420001F910895811528E0920729F460936D213A
:1074300070936E210895803428E0920729F46093B8
:107440006121709362210895811529E0920729F442
:107450006093592170935A210895803429E092074E
:1074600029F460934D2170934E21089581152AE0EF
:10747000920729F460934521709346210895803442
:107480002AE0920729F46093392170933A210895F4
:1074900081152BE0920729F46093312170933221FA
:1074A000089580349B4021F4609325217093262118
:1074B00008951BBEFC0128ED24BF60830895089544
:1074C000DF92EF92FF920F931F93CF93DF931F9260
:1074D0001F92CDB7DEB776276727762769837A8331
:1074E000843080F4282F30E0F901EE0FFF1FE35BBA
:1074F000FF4D0190F081E02DD901A75BBF4D9C911C
:10750000D12C05C087EFD82E90E0E0E0F0E0092F05
:1075100006950695069580E2089F800111241A5F62
:10752000977021E030E0790101C0EE0C9A95EAF7FE
:10753000D8011696EC9242E050E0BE016F5F7F4F9B
:10754000CF010E94A42FF801E5828D2DDD0C990B4F
:107550000F900F90DF91CF911F910F91FF90EF90BF
:10756000DF900895E82FE695E695E69540E2E49FE2
:10757000F0011124FA5F877021E030E0A90102C018
:10758000440F551F8A95E2F7662311F0458308954D
:1075900046830895E0E4F6E08FEF8683818380934D
:1075A000B000108A81E0868382E0868384E086834F
:1075B00088E0868380E1868380E2868380E4868318
:1075C00080E886830895CF93C82F880F60E0805F9E
:1075D000C9DF8C2F880F60E08F5ECF91C3CF1F93E0
:1075E000CF93DF93C62FD0E0162F110F882351F0D1
:1075F000CE01089660E0880FB5DF00C061E081E150
:10760000810F09C060E081E1810FACDF00C0CE01D5
:10761000089661E0880FDF91CF911F91A3CFCF93A0
:10762000DF931F921F92CDB7DEB78FE489831A8252
:1076300042E262E0CE0101960E94581D86E08983F5
:107640001A8242E262E0CE0101960E94581D87E054
:1076500089831A8242E262E0CE0101960E94581D9F
:107660000F900F90DF91CF910895FF920F931F938A
:10767000CF93DF931F921F92CDB7DEB7182FF62E50
:10768000082F06950695069582E0800F89831A8259
:1076900042E261E0CE0101960E94581D42E261E0A3
:1076A000CE0102960E948A1D812F90E0202F30E0AB
:1076B0004A8153E0220F331F5A95E1F7821B930B47
:1076C00021E030E0FF2039F001C0220F8A95EAF76F
:1076D000242B2A830AC0B90102C0660F771F8A953E
:1076E000E2F7CB01809584238A8342E262E0CE01F7
:1076F00001960E94581D0F900F90DF91CF911F911E
:107700000F91FF900895CF92DF92EF92FF926B015D
:107710007C0180915522882379F02CEF39EA41EDE4
:1077200050E4C701B6010E940F7F1816DCF028E272
:1077300039E44CE156E40EC020E030E040E251E490
:10774000C701B6010E940F7F181664F020E03CECE0
:107750004CEC55E4C701B6010E94C87F0E940C7E24
:10776000CB0102C08FEF9FEFFF90EF90DF90CF90A3
:107770000895843008F080E090915522992369F0B3
:10778000823031F0833031F0813031F083E0089580
:1077900081E0089580E0089582E008950F931F939B
:1077A000CF93DF9320E132E0482F429FC001439FF7
:1077B000900D1124EC01C15CD94C8E01015E1E4F6D
:1077C00028A139A14AA15BA168A979A98AA99BA985
:1077D0000E94C87F20E030E040E752E40E946E7DC6
:1077E000F8016083718382839383EC51FF4F808122
:1077F000843061F4E456F109C455DE4F88819981E3
:10780000AA81BB8180839183A283B383DF91CF91CF
:107810001F910F910895CF93DF9380915522882374
:1078200029F060E070E080E292E404C060E070E083
:1078300084E392E4CFE7D6E3288139814A815B81F2
:107840000E94057DC05FDD4F2EE3CF3BD207A1F73D
:10785000DF91CF910895FC01808181508ADF809370
:1078600056321092222010922320E0EAF4E0808524
:107870008063808708950895FC01680F791F80E078
:10788000E617F70719F09191890FFACF08958F92B3
:107890009F92AF92BF92CF92DF92EF92FF92CF93DF
:1078A000DF93C82F0E947C2020E030E040EA50E4C3
:1078B0000E94C87F6B017C0184E0C89FE001112415
:1078C000CF52DE4D23E333E343E75FE36881798101
:1078D0008A819B810E94C87F4B015C0120ED3CECBA
:1078E0004CE45DE3C701B6010E94C87FA501940185
:1078F0000E94067D688379838A839B83C701B601D2
:10790000DF91CF91FF90EF90DF90CF90BF90AF903D
:107910009F908F900895FC01808181502ADFE82F8D
:10792000F0E0E55FFD4D8081882311F084E001C027
:1079300085E00C94DA1DCF93DF93EC0188818150B0
:1079400018DF9981E82FF0E0E55FFD4D9083CE01CF
:10795000DF91CF91E0CF0F931F93CF938C01FC0168
:107960008081815006DFC82F843010F086E011C07E
:107970002FE236E24BE956E4F8016181728183819E
:1079800094810E94C87F0E940C7E8C2F0E94D4227A
:1079900081E0CF911F910F910C94DA1D81E00C943E
:1079A000DA1DFC0180818150E4DE20E132E0F82F15
:1079B000F29FC001F39F900D1124FC01E455F94C96
:1079C0008081882311F084E001C085E00C94DA1DE9
:1079D000CF93DF93EC0188818150CBDE298190E049
:1079E000222379F020E132E0829FF001839FF00DA5
:1079F000929FF00D1124E455F94C81E0808384E0DE
:107A00000DC020E132E0829FF001839FF00D929F34
:107A1000F00D1124E455F94C108285E0DF91CF91EF
:107A20000C94DA1DFC0180818150A3DE20E132E05C
:107A3000F82FF29FC001F39F900D1124FC01E25238
:107A4000F94C8081882311F084E001C085E00C941A
:107A5000DA1DCF93DF93EC01888181508ADE298182
:107A600090E0222379F020E132E0829FF001839FB1
:107A7000F00D929FF00D1124E252F94C81E08083C9
:107A800084E00DC020E132E0829FF001839FF00D81
:107A9000929FF00D1124E252F94C108285E0DF91A3
:107AA000CF910C94DA1DCF92DF92EF92FF92FC01FE
:107AB000C080D180E280F38020E030E040EA50E4F2
:107AC000C701B6010E940F7F18169CF02AE939E918
:107AD00049E15FE3C701B6010E946A7D87FF0FC0DD
:107AE0009AE9C92E99E9D92E99E1E92E9FE3F92E59
:107AF00006C0C12CD12C80EAE82E80E4F82EC0927A
:107B00004C3AD0924D3AE0924E3AF0924F3A80E0A1
:107B1000FF90EF90DF90CF900C94DA1DFC018081F4
:107B2000815027DE20E132E0F82FF29FC001F39F61
:107B3000900D1124FC01EE5BF74C8081863009F436
:107B400085E00C94DA1DFC018081815012DE20E179
:107B500032E0F82FF29FC001F39F900D1124FC0139
:107B6000E45BF84C8081882311F084E001C085E05B
:107B70000C94DA1DCF93DF93EC0188818150F9DDFD
:107B8000998120E132E0829FF001839FF00D112462
:107B9000E45BF84C9083CE01DF91CF91D4CFFC0110
:107BA00080818150E6DD20E132E0F82FF29FC001B4
:107BB000F39F900D1124FC01E35BF84C8081882336
:107BC00011F084E001C085E00C94DA1DFC01808195
:107BD0008150CFDD20E132E0F82FF29FC001F39F0A
:107BE000900D1124FC01E25BF84C8081882311F098
:107BF00084E001C085E00C94DA1DFC018081815095
:107C0000B8DD20E132E0F82FF29FC001F39F900D24
:107C10001124FC01E15BF84C8081882311F084E0A1
:107C200001C085E00C94DA1DFC0180818150A1DD4A
:107C300020E132E0F82FF29FC001F39F900D112454
:107C4000FC01E05BF84C8081882311F084E001C0E6
:107C500085E00C94DA1DCF93DF93EC01888181508D
:107C600088DD9981282F30E040E152E0992369F0C6
:107C7000249FF001259FF00D349FF00D1124E05B4F
:107C8000F84C91E090838ADD12C0249FC001259FAB
:107C9000900D349F900D1124815C994CFC01EF5E96
:107CA000FE4F10823E961082118212821382CE0104
:107CB000DF91CF91B9CFFC01808181505ADD20E165
:107CC00032E0F82FF29FC001F39F900D1124FC01C8
:107CD000EB5BF74C108285E00C94DA1DFC0180818F
:107CE000815047DD20E132E0F82FF29FC001F39F81
:107CF000900D1124FC01E55BF84C8081882311F084
:107D000084E001C085E00C94DA1DCF93DF93EC0191
:107D1000888181502EDD298190E040E152E0849FEE
:107D2000F001859FF00D949FF00D1124E15CF94C5A
:107D3000DF01A45FBE4F3C91231781F0211105C0E4
:107D400014AA15AA16AA17AA09C040AD51AD62AD72
:107D500073AD705844AB55AB66AB77AB40E152E0C6
:107D6000849FF001859FF00D949FF00D1124E55B39
:107D7000F84C2083CE01DF91CF91B0CFFC01808100
:107D80008093B3320C94DA1D8091B3320C94DA1DD7
:107D90008091B3200C94DA1DFC0180818093E12155
:107DA000882311F084E001C085E00C94DA1D8091F5
:107DB000E121882311F084E001C085E00C94DA1DF4
:107DC000FC0180818093E221882311F084E001C0CE
:107DD00085E00C94DA1D8091E221882311F084E083
:107DE00001C085E00C94DA1DCF93DF931F921F92A0
:107DF000CDB7DEB7FC0180818150BBDCF4E08F9F02
:107E0000C0011124FC01E15FFD4D20E030E048ECB1
:107E100052E460817181828193810E94C87F0E94B7
:107E20000C7E69837A8362E070E0CE0101960E9445
:107E3000C71D0F900F90DF91CF9108950F931F935F
:107E4000CF93DF93EC018881815093DC24E0829F03
:107E5000C00111248C01015F1D4D69817A81643656
:107E6000710510F063E670E080E090E00E94387EDB
:107E700020E030E048EC52E40E946E7DF80160831F
:107E8000718382839383CE01DF91CF911F910F91F4
:107E9000ABCFCF93DF9300D01F92CDB7DEB7FC01FD
:107EA0008081815066DC20E132E0F82FF29FC00132
:107EB000F39F900D1124FC01E95DF74C6081718105
:107EC000828193810E943A7E20E030E040E250E4DB
:107ED0000E94C87F20E030E040E853E30E94C87F62
:107EE00069837A838B839C8364E070E0CE01019682
:107EF0000E94C71D2496CDBFDEBFDF91CF910895AC
:107F0000FC018081815035DC20E132E0F82FF29FC6
:107F1000C001F39F900D112464E070E0815C994CE6
:107F20000C94C71DEDCFCF93DF9300D0CDB7DEB754
:107F3000FC01808181501DDC8B832B8180E192E0EC
:107F4000289FF001299FF00D1124EA5BF74C8081F6
:107F50009181906C89839A83EB81F0E0EF52FE4D22
:107F600081E0808362E070E0CE0101960E94C71D2F
:107F70002396CDBFDEBFDF91CF9108950F931F935E
:107F8000CF93DF9300D0CDB7DEB78C01FC018081A9
:107F90008150EFDB8B83F8018181928189839A8301
:107FA0002B8140E152E0249FF001259FF00D112428
:107FB000EA5BF74C208131813F73232BE1F02B8169
:107FC000249FF001259FF00D1124EA5BF74C80956A
:107FD0009095208131818223932380839183E1EDE9
:107FE000F1E28191882339F081E2E53DF807C9F794
:107FF00081E0809325072B8180E192E0289FF001AA
:10800000299FF00D1124EA5BF74C80819181906CDF
:1080100089839A8362E070E0CE0101960E94C71DB9
:108020002396CDBFDEBFDF91CF911F910F910895B1
:10803000FC01808181509DDB20E132E0F82FF29F2E
:10804000C001F39F900D112464E070E08950984CBA
:108050000C94C71DCF93DF9300D01F92CDB7DEB72E
:10806000FC018081815085DB40E050E060E87FE3E7
:1080700049835A836B837C83282F30E080E192E030
:10808000289FF001299FF00D389FF00D1124E55530
:10809000F94C90819923A1F084E8829FA001839FED
:1080A000500D1124892F90E00197840F951F880FA0
:1080B000991F880F991F64E070E08355994C04C0A4
:1080C00064E070E0CE0101960E94C71D2496CDBFEA
:1080D000DEBFDF91CF910895AF92BF92DF92EF9212
:1080E000FF920F931F93CF93DF93EC018881815010
:1080F00040DBA82E69817A818B819C81B12C20E1A3
:1081000032E0A29EF001A39EF00DB29EF00D11246C
:10811000E555F94CD080E12CF12C08EC12E420E07C
:1081200030E048EC52EC0E948229DD20A9F0ED2DD0
:10813000F0E044E84A9D90014B9D300D11243197A9
:10814000E20FF31FEE0FFF1FEE0FFF1FE355F94C79
:108150006083718382839383CE01DF91CF911F91DE
:108160000F91FF90EF90DF90BF90AF9073CFCF93C0
:10817000DF9300D01F92CDB7DEB7FC018081815024
:10818000F8DA40E050E060E87FE349835A836B838C
:108190007C83282F30E080E192E0289FF001299F26
:1081A000F00D389FF00D1124E352F94C4081442327
:1081B00089F054E8529FC001539F900D1124840F01
:1081C000911D880F991F880F991F64E070E08552F8
:1081D000994C04C064E070E0CE0101960E94C71D76
:1081E0002496CDBFDEBFDF91CF910895BF92CF928D
:1081F000DF92EF92FF920F931F93CF93DF93EC01E7
:1082000088818150B6DAC82E69817A818B819C8100
:10821000D12C20E132E0C29EF001C39EF00DD29E2F
:10822000F00D1124E352F94CB080E12CF12C08EC54
:1082300012E420E030E048EC52EC0E948229BB209E
:1082400091F024E82C9DF0012D9DF00D1124EB0DF3
:10825000F11DEE0FFF1FEE0FFF1FE552F94C60837B
:10826000718382839383CE01DF91CF911F910F9110
:10827000FF90EF90DF90CF90BF9079CF0F931F9337
:10828000CF93DF9300D01F92CDB7DEB7FC01808182
:1082900081506FDA19821A821B821C82482F50E0AB
:1082A00080E192E0489F9001499F300D589F300D2A
:1082B0001124215C394CF901E459FF4F9081992335
:1082C00011F1923061F47E96D901AC5FBE4F0D91F1
:1082D0001D912D913C91008311832283338384E887
:1082E000849F9001859F300D1124892F90E0019784
:1082F000820F931F880F991F880F991F64E070E009
:108300008B53994C04C064E070E0CE0101960E944A
:10831000C71D2496CDBFDEBFDF91CF911F910F9176
:108320000895CF93DF9300D01F92CDB7DEB7FC0145
:10833000808181501EDA19821A821B821C82482F8A
:1083400050E080E192E0489F9001499F300D589F96
:10835000300D1124215C394CF901E256FF4F608148
:10836000662301F1623069F47E96D901AC5FBE4F9D
:108370008D919D910D90BC91A02D80839183A283BE
:10838000B38324E8249FC001259F900D1124860FFC
:10839000911D880F991F880F991F64E070E08D5020
:1083A000994C04C064E070E0CE0101960E94C71DA4
:1083B0002496CDBFDEBFDF91CF910895EF92FF925B
:1083C0000F931F93CF93DF931F921F92CDB7DEB70A
:1083D00019821A820BEA16E3F12CF801E080EE20F4
:1083E00051F08F2DC6D990E00196982F88278E0DD9
:1083F000911D89839A83F394005F1D4FF4E0FF126F
:10840000ECCF62E070E0CE0101960E94C71D0F9094
:108410000F90DF91CF911F910F91FF90EF900895F2
:10842000EF92FF920F931F93CF93DF931F921F92B0
:10843000CDB7DEB719821A820DED16E3F12CF801E3
:10844000E080EE2051F08F2D94D990E00196982F86
:1084500088278E0D911D89839A83F394005F1D4FA9
:10846000F4E0FF12ECCF62E070E0CE0101960E94D2
:10847000C71D0F900F90DF91CF911F910F91FF902B
:10848000EF900895CF93DF9300D01F92CDB7DEB762
:10849000FC01808181506DD940E050E060E87FE3CD
:1084A00049835A836B837C83282F30E080E192E0FC
:1084B000289FF001299FF00D389FF00D1124E15FF6
:1084C000F84C90819923A1F084E8829FA001839FBA
:1084D000500D1124892F90E00197840F951F880F6C
:1084E000991F880F991F64E070E0805F984C04C06A
:1084F00064E070E0CE0101960E94C71D2496CDBFB6
:10850000DEBFDF91CF910895DF92EF92FF920F933C
:108510001F93CF93DF9300D01F92CDB7DEB78C01AE
:10852000FC018081815025D9D82EF80161817281AA
:108530008381948169837A838B839C83E12CF12CE2
:1085400008EC12E420E030E048EC52EC0E94822972
:1085500069837A838B839C834D2D50E020E132E048
:10856000429FF001439FF00D529FF00D1124E15FF7
:10857000F84CE081EE23A9F0F0E0A4E8A49F90017C
:10858000A59F300D11243197E20FF31FEE0FFF1F4F
:10859000EE0FFF1FE05FF84C60837183828393834B
:1085A00008C080E090E0A0E8BFE389839A83AB83B2
:1085B000BC8364E070E0CE0101960E94C71D249642
:1085C000CDBFDEBFDF91CF911F910F91FF90EF9054
:1085D000DF900895CF93DF9300D01F92CDB7DEB721
:1085E000FC0180818150C5D840E050E060E87FE325
:1085F00049835A836B837C83282F30E080E192E0AB
:10860000289FF001299FF00D389FF00D1124E85D9F
:10861000F84C90819923A1F084E8829FA001839F68
:10862000500D1124892F90E00197840F951F880F1A
:10863000991F880F991F64E070E0875D984C04C013
:1086400064E070E0CE0101960E94C71D2496CDBF64
:10865000DEBFDF91CF910895DF92EF92FF920F93EB
:108660001F93CF93DF9300D01F92CDB7DEB78C015D
:10867000FC01808181507DD8D82EF8016181728102
:108680008381948169837A838B839C83E12CF12C91
:1086900008EC12E420E030E048EC52EC0E94822921
:1086A00069837A838B839C834D2D50E020E132E0F7
:1086B000429FF001439FF00D529FF00D1124E85DA1
:1086C000F84CE081EE23A9F0F0E0A4E8A49F90012B
:1086D000A59F300D11243197E20FF31FEE0FFF1FFE
:1086E000EE0FFF1FE75DF84C6083718382839383F5
:1086F00008C080E090E0A0E8BFE389839A83AB8361
:10870000BC8364E070E0CE0101960E94C71D2496F0
:10871000CDBFDEBFDF91CF911F910F91FF90EF9002
:10872000DF900895CF93DF9300D01F92CDB7DEB7CF
:10873000FC01808181501DD819821A821B821C8203
:10874000282F30E080E192E0289FF001299FF00D72
:10875000389FF00D1124E15FF84C90819923A1F02E
:1087600084E8829FA001839F500D1124892F90E0FF
:108770000197840F951F880F991F880F991F64E038
:1087800070E0845E984C04C064E070E0CE01019615
:108790000E94C71D2496CDBFDEBFDF91CF91089503
:1087A000DF92EF92FF920F931F93CF93DF9300D04E
:1087B0001F92CDB7DEB78C01FC01808181500E94F1
:1087C000B93BD82EF80161817281838194816983DC
:1087D0007A838B839C83E12CF12C00E211E420E06E
:1087E00030E040E251EC0E94822969837A838B83D6
:1087F0009C834D2D50E020E132E0429FF001439FE9
:10880000F00D529FF00D1124E15FF84CE081EE2352
:10881000A9F0F0E0A4E8A49F9001A59F300D1124D9
:108820003197E20FF31FEE0FFF1FEE0FFF1FE45E05
:10883000F84C608371838283938304C019821A8207
:108840001B821C8264E070E0CE0101960E94C71D6D
:108850002496CDBFDEBFDF91CF911F910F91FF9086
:10886000EF90DF900895CF93DF9300D01F92CDB7A4
:10887000DEB7FC01808181500E94B93B19821A82C7
:108880001B821C82282F30E080E192E0289FF001BB
:10889000299FF00D389FF00D1124E85DF84C908170
:1088A0009923A1F084E8829FA001839F500D112499
:1088B000892F90E00197840F951F880F991F880FCB
:1088C000991F64E070E08B5C984C04C064E070E039
:1088D000CE0101960E94C71D2496CDBFDEBFDF9159
:1088E000CF910895DF92EF92FF920F931F93CF9352
:1088F000DF9300D01F92CDB7DEB78C01FC018081E1
:1089000081500E94B93BD82EF80161817281838128
:10891000948169837A838B839C83E12CF12C00E220
:1089200011E420E030E040E251EC0E9482296983AA
:108930007A838B839C834D2D50E020E132E0429F6F
:10894000F001439FF00D529FF00D1124E85DF84CAB
:10895000E081EE23A9F0F0E0A4E8A49F9001A59F98
:10896000300D11243197E20FF31FEE0FFF1FEE0FB2
:10897000FF1FEB5CF84C608371838283938304C098
:1089800019821A821B821C8264E070E0CE0101967B
:108990000E94C71D2496CDBFDEBFDF91CF911F91EE
:1089A0000F91FF90EF90DF900895EF92FF920F9359
:1089B0001F93CF93DF931F921F92CDB7DEB719821B
:1089C0001A8260E08EE00E94353B0FE017E3F12C45
:1089D000F801E080EE2079F08F2D0E94B93B90E005
:1089E0000196982F88278E0D911D89839A8361E0C7
:1089F0008EE00E94353BF394005F1D4FF4E0FF12C0
:108A0000E7CF62E070E0CE0101960E94C71D0F9093
:108A10000F90DF91CF911F910F91FF90EF900895EC
:108A2000EF92FF920F931F93CF93DF931F921F92AA
:108A3000CDB7DEB77C01FC01818181500E94B93B3A
:108A4000082FF7011081143008F010E060E08EE08C
:108A50000E94353B10920F3710921F3910922F3B16
:108A600010923F3D60E070E080E00E94D82260E01C
:108A700070E081E00E94D82280E192E0089FF0013E
:108A8000099FF00D1124E15FF84C1083802F0E94A4
:108A9000B93B90E00196982F8827810F911D89831B
:108AA0009A83112321F061E08EE00E94353B62E061
:108AB00070E0CE0101960E94C71D0F900F90DF91CC
:108AC000CF911F910F91FF90EF900895EF92FF9239
:108AD0000F931F93CF93DF931F921F92CDB7DEB7F3
:108AE00019821A8260E08FE00E94353B08E217E3AA
:108AF000F12CF801E080EE2079F08F2D0E94B93B37
:108B000090E00196982F88278E0D911D89839A8376
:108B100061E08FE00E94353BF394005F1D4FF4E06D
:108B2000FF12E7CF62E070E0CE0101960E94C71D00
:108B30000F900F90DF91CF911F910F91FF90EF90C9
:108B40000895EF92FF920F931F93CF93DF931F929D
:108B50001F92CDB7DEB77C01FC01818181500E945C
:108B6000B93B082FF7011081143008F010E060E0E5
:108B70008FE00E94353B10922837109238391092BE
:108B8000483B1092583D60E070E082E00E94D8229D
:108B900060E070E083E00E94D82280E192E0089FCC
:108BA000F001099FF00D1124E85DF84C1083802F2F
:108BB0000E94B93B90E00196982F8827810F911D64
:108BC00089839A83112321F061E08FE00E94353B75
:108BD00062E070E0CE0101960E94C71D0F900F90D9
:108BE000DF91CF911F910F91FF90EF900895CF9259
:108BF000DF92EF92FF921F93CF93DF9300D01F92EB
:108C0000CDB7DEB77C01FC01808181500E94B93B69
:108C1000182FF701C180D280E380F48020E030E09B
:108C2000A901C701B6010E946A7D87FD05C0C982FE
:108C3000DA82EB82FC8204C019821A821B821C82B7
:108C400069817A818B819C8120E132E0129FF00161
:108C5000139FF00D1124E15CF94C60AB71AB82AB5A
:108C600093AB7F0121EEE21A2EEFF20A20A131A18F
:108C700042A153A10E94C87F20E030E040E752E4C7
:108C80000E946E7DF7016083718382839383812FBD
:108C90000E94CE3B64E070E0CE0101960E94C71DA9
:108CA0002496CDBFDEBFDF91CF911F91FF90EF9053
:108CB000DF90CF900895FC01808181500E94B93BE4
:108CC00020E132E0F82FF29FC001F39F900D1124B4
:108CD00064E070E08D59994C0C94C71DFC018081B3
:108CE00081500E94B93B20E132E0F82FF29FC00191
:108CF000F39F900D112464E070E08959994C0C9415
:108D0000C71DFC01808181500E94B93B20E132E007
:108D1000F82FF29FC001F39F900D112464E070E0E2
:108D20008559994C0C94C71DFC01808181500E948B
:108D3000B93B20E132E0F82FF29FC001F39F900D84
:108D4000112464E070E08159994C0C94C71DCF92B6
:108D5000DF92EF92FF920F931F93CF93DF9300D098
:108D60001F92CDB7DEB77C01FC01808181500E944B
:108D7000B93B182FF701C180D280E380F480C9820B
:108D8000DA82EB82FC8220E030E0A901C701B60163
:108D90000E946A7D212F30E040E152E0882329F1D2
:108DA000249FC001259F900D349F900D1124815C5C
:108DB000994CFC01E85AFF4FC082D182E282F382D3
:108DC0008C01005A1F4FA701960160E070E080E817
:108DD0009FE30E946E7DF801608371838283938399
:108DE00064E070E0CE0101960BC0249FC001259F76
:108DF000900D349F900D112464E070E08956994CD9
:108E00000E94C71D2496CDBFDEBFDF91CF911F9179
:108E10000F91FF90EF90DF90CF900895FC0180813B
:108E200081500E94B93B20E132E0F82FF29FC0014F
:108E3000F39F900D112464E070E08156994C0C94DE
:108E4000C71DFC01808181500E94B93B20E132E0C6
:108E5000F82FF29FC001F39F900D112464E070E0A1
:108E60008955994C0C94C71DCF93DF9300D01F9266
:108E7000CDB7DEB7FC01808181500E94B93B20E173
:108E800032E0F82FF29FC001F39F900D1124FC01F6
:108E9000ED55F94C80819181A281B38189839A83B8
:108EA000AB83BC8364E070E0CE0101960E94C71DD5
:108EB0002496CDBFDEBFDF91CF910895CF93DF938E
:108EC00000D01F92CDB7DEB7FC01808181500E9497
:108ED000B93B20E132E0F82FF29FC001F39F900DE3
:108EE0001124FC01ED56F94C80819181A281B3815E
:108EF00089839A83AB83BC8364E070E0CE010196E2
:108F00000E94C71D2496CDBFDEBFDF91CF9108958B
:108F1000CF93DF93EC01888181500E94B93B498156
:108F20005A816B817C8120E132E0E82FE29FC00111
:108F3000E39F900D1124FC01ED56F94C40835183C1
:108F400062837383CE01DF91CF91B8CFCF93DF934C
:108F500000D01F92CDB7DEB7FC01808181500E9406
:108F6000B93B20E132E0F82FF29FC001F39F900D52
:108F70001124FC01E956F94C80819181A281B381D1
:108F800089839A83AB83BC8364E070E0CE01019651
:108F90000E94C71D2496CDBFDEBFDF91CF910895FB
:108FA000CF93DF9300D01F92CDB7DEB7FC01808155
:108FB00081500E94B93B20E132E0F82FF29FC001BE
:108FC000F39F900D1124FC01E556F94C80819181AD
:108FD000A281B38189839A83AB83BC8364E070E010
:108FE000CE0101960E94C71D2496CDBFDEBFDF9142
:108FF000CF910895CF93DF93EC01888181500E9437
:10900000B93B49815A816B817C8120E132E0E82FB4
:10901000E29FC001E39F900D1124FC01E556F94C3D
:109020004083518362837383CE01DF91CF91B8CFA8
:10903000CF93DF9300D01F92CDB7DEB7FC018081C4
:1090400081500E94B93B20E132E0F82FF29FC0012D
:10905000F39F900D1124FC01E15CF94C80AD91ADC2
:10906000A2ADB3AD89839A83AB83BC8364E070E027
:10907000CE0101960E94C71D2496CDBFDEBFDF91B1
:10908000CF910895FC01808181500E94B93B20E17D
:1090900032E0F82FF29FC001F39F900D112464E09D
:1090A00070E08558994C0C94C71DCF93DF9300D086
:1090B0001F92CDB7DEB70E940B3C69837A838B8306
:1090C0009C8364E070E0CE0101960E94C71D249647
:1090D000CDBFDEBFDF91CF9108958F929F92AF9267
:1090E000BF92CF92DF92EF92FF920F931F93CF9395
:1090F000DF9300D01F92CDB7DEB77C01FC018081E9
:1091000081500E94B93B082FF701C180D280E380D3
:10911000F4802DEC3CEC4CEC5DE3C701B6010E9401
:109120006A7D87FD05C0C982DA82EB82FC8208C0B5
:109130008DEC9CECACECBDE389839A83AB83BC8360
:109140000E940B3C4B015C019FE3E92E96E3F92E54
:1091500060E070E0CB0110E0011739F0F70124ADB9
:1091600035AD46AD57AD0E94067D1F5FF0EFEF1A9B
:10917000FDEFFF0A143081F79B01AC01C501B4017A
:109180000E94057D6B017C0120E030E040EA51E463
:109190000E940F7F181634F4C12CD12C80EAE82EDF
:1091A00081E4F82E29813A814B815C81C701B601A7
:1091B0000E946A7D87FF04C0C982DA82EB82FC824A
:1091C00020E030E0A901C701B6010E946A7D87FF57
:1091D00008C08DEC9CECACECBDE389839A83AB8337
:1091E000BC8380E192E0089FF001099FF00D1124FB
:1091F000E15CF94C89819A81AB81BC8184AF95AFE8
:10920000A6AFB7AF64E070E0CE0101960E94C71D23
:109210002496CDBFDEBFDF91CF911F910F91FF90BC
:10922000EF90DF90CF90BF90AF909F908F90089578
:109230000F931F93CF93DF93CDB7DEB72597CDBFA5
:10924000DEBFFC01808181500E94B93B8D8380E0AC
:1092500090E0A0E8BFEB89839A83AB83BC838D81C8
:1092600000E112E0809FF001819FF00D1124E15C8C
:10927000F94C20E030E0A9016085718582859385F5
:109280000E946A7D87FF0EC08D81809FF001819FC3
:10929000F00D1124E150F84C80819181A281B381BD
:1092A000B0580CC08D81809FF001819FF00D11247A
:1092B000E150F84C80819181A281B38189839A83A6
:1092C000AB83BC8389819A81AB81BC81BC01CD0118
:1092D0009F772FE632E143E05AE30E946A7D87FFE1
:1092E00004C019821A821B821C8264E070E0CE01E5
:1092F00001960E94C71D2596CDBFDEBFDF91CF919D
:109300001F910F910895FC01808181500E94B93B0B
:1093100020E132E0F82FF29FC001F39F900D11245D
:1093200064E070E0855B994C0C94C71DFC01808162
:1093300081500E94B93B20E132E0F82FF29FC0013A
:10934000F39F900D112464E070E0855F974C0C94BE
:10935000C71DFC01808181500E94B93B20E132E0B1
:10936000F82FF29FC001F39F900D112464E070E08C
:10937000815F974C0C94C71D0F931F93CF93DF937E
:10938000EC01888181500E94B93B69817A816A3001
:10939000710510F46AE070E020E132E0829FE001A4
:1093A000839FD00D11248E01015C194CF801E5500A
:1093B000FE4F6083718380E090E00E94387E20E061
:1093C00030E04AE754E40E946E7DF80160A371A387
:1093D00082A393A362E070E0CE01865C974CDF919C
:1093E000CF911F910F910C94C71DFC01808181507A
:1093F0000E94B93B20E132E0F82FF29FC001F39FB9
:10940000900D112462E070E0865C974C0C94C71DAF
:109410008F929F92AF92BF92EF92FF920F931F9302
:10942000CF93DF9300D01F92CDB7DEB7FC018081D0
:1094300081500E94B93B9091A420082F10E09923FD
:10944000D9F080E192E0089FF001099FF00D189F8C
:10945000F00D1124EE5BF74C8081853069F480912A
:10946000733290917432A0917532B09176328983C3
:109470009A83AB83BC8331C020E132E0029FC001FC
:10948000039F900D129F900D11249C01215C394C7B
:109490007901F901E055FE4F80809180A280B38070
:1094A00020E030E04AE754E4C501B4010E94C87FDF
:1094B00069837A838B839C83F701EA5FFD4F808108
:1094C000882359F0000F111F000F111FF801E05DF4
:1094D000FD4D80829182A282B38269817A818B81E3
:1094E0009C81E12C14E2F12E04E719E420E034E23F
:1094F00044E759EC0E94822969837A838B839C8399
:1095000064E070E0CE0101960E94C71D2496CDBF95
:10951000DEBFDF91CF911F910F91FF90EF90BF9031
:10952000AF909F908F900895CF93DF93EC01888147
:1095300081500E94B93B49815A816B817C8120E135
:1095400032E0E82FE29FC001E39F900D1124FC015F
:10955000E85BF74C408351836283738364E070E07F
:10956000CF01DF91CF910C94C71DCF93DF93EC0116
:10957000888181500E94B93B498120E132E0582F17
:10958000529FC001539F900D11249C01215C394CC6
:10959000F901E35FFD4F40833196108261E070E096
:1095A000845B974CDF91CF910C94C71DCF93DF93D1
:1095B00000D01F92CDB7DEB7FC01808181500E94A0
:1095C000B93B20E132E0F82FF29FC001F39F900DEC
:1095D0001124FC01E15CF94C84819581A681B7815D
:1095E00089839A83AB83BC8364E070E0CE010196EB
:1095F0000E94C71D2496CDBFDEBFDF91CF91089595
:10960000FC01808181500E94B93B20E132E0F82FBB
:10961000F29FC001F39F900D112464E070E0895720
:10962000994C0C94C71D8F929F92AF92BF92CF928C
:10963000DF92EF92FF920F931F93CF93DF93EC0192
:10964000888181500E94B93BA980BA80CB80DC80A0
:10965000E82EF12C80E192E0E89EF001E99EF00D09
:10966000F89EF00D1124E557F94C20E030E040E879
:109670005FE360817181828193810E94057D4B014E
:109680008C019B01AC01B501C6010E940F7F181629
:1096900014F45401680180E192E0E89E8001E99EA3
:1096A000100DF89E100D1124C8018D56994C7C01A7
:1096B000AC01B501C6010E94742AB7010E94D92BE2
:1096C000F801E15CF94C8F01085B1F4FD8016D93E5
:1096D0007D938D939C931397C480D580E680F7800B
:1096E000A70196010E940F7F18162CF4F801C08282
:1096F000D182E282F382CE01DF91CF911F910F914F
:10970000FF90EF90DF90CF90BF90AF909F908F90A1
:1097100077CFFC01808181500E94B93B20E132E08B
:10972000F82FF29FC001F39F900D112464E070E0C8
:109730008557994C0C94C71D8F929F92AF92BF9200
:10974000CF92DF92EF92FF920F931F93CF93DF930D
:10975000EC01888181500E94B93BA980BA80CB80FE
:10976000DC80E82EF12C80E192E0E89EF001E99E99
:10977000F00DF89EF00D1124E957F94C20E030E08F
:1097800040E85FE360817181828193810E94067D60
:109790004B018C019B01AC01B501C6010E946A7DA1
:1097A00087FF02C05401680180E192E0E89E8001D9
:1097B000E99E100DF89E100D1124C8018D56994C8C
:1097C0007C01AC01B501C6010E94742AB7010E9458
:1097D000D92BF801E15CF94C8F01045B1F4FD801D4
:1097E0006D937D938D939C931397C480D580E68071
:1097F000F780A70196010E946A7D87FF05C0F801E6
:10980000C082D182E282F382CE01DF91CF911F919B
:109810000F91FF90EF90DF90CF90BF90AF909F900F
:109820008F9077CFCF93DF9300D01F92CDB7DEB765
:10983000FC01808181500E94B93B90E020E132E040
:10984000829FF001839FF00D929FF00D1124E1574C
:10985000F94C40815181628173814F355644614A90
:10986000710540F04AE050E060E070E040835183D1
:109870006283738320E132E0829FF001839FF00DC9
:10988000929FF00D1124E157F94C60817181828122
:1098900093810E94387E20E030E048EC52E40E9440
:1098A0006E7D69837A838B839C8364E070E0CE0154
:1098B00001960E94C71D2496CDBFDEBFDF91CF91D8
:1098C0000895BF92CF92DF92EF92FF920F931F9372
:1098D000CF93DF93EC01888181500E94B93BB82E71
:1098E000C980DA80EB80FC802DEC3CEC4CEC5DE335
:1098F000C701B6010E946A7D87FD13C02AE037EDDB
:1099000043E25CE4C701B6010E940F7F181684F49D
:109910009AE0C92E97EDD92E93E2E92E9CE4F92E18
:1099200007C08DECC82E8CECD82EED2C8DE3F82ED4
:1099300080E192E0B89E8001B99E100D112401577C
:10994000194C20E030E048EC52E4C701B6010E9417
:10995000C87F0E940C7EF8016083718382839383A9
:10996000CE01DF91CF911F910F91FF90EF90DF908B
:10997000CF90BF9057CFCF93DF931F92CDB7DEB775
:10998000FC01808181500E94B93B89838981F4E088
:109990008F9FC001112464E070E0815D994C0E94AA
:1099A000C71D0F90DF91CF910895FC0180818150F8
:1099B0000E94B93BF4E08F9FC001112464E070E085
:1099C00082529C4C0C94C71DFC01808181500E94E6
:1099D000B93B20E132E0F82FF29FC001F39F900DD8
:1099E000112464E070E08D57994C0C94C71DCF9200
:1099F000DF92EF92FF921F93CF93DF93EC01888168
:109A000081500E94B93B182FC980DA80EB80FC801E
:109A100020E030E0A901C701B6010E946A7D87FFFE
:109A200003C0C12CD12C760180E192E0189FF00197
:109A3000199FF00D1124ED57F94CC082D182E282BA
:109A4000F382CE01DF91CF911F91FF90EF90DF90D5
:109A5000CF90BACFCF93DF931F92CDB7DEB781E01F
:109A6000898361E070E0CE0101960E94C71D0F90CE
:109A7000DF91CF910895EECFFC01808181500E944B
:109A8000B93B90E0880F991F62E070E0885B9D4DC4
:109A90000C94C71DFC01808181500E94B93B90E06D
:109AA000880F991F62E070E0805C9D4D0C94C71D8B
:109AB000CF93DF931F92CDB7DEB7FC018081815039
:109AC0000E94B93B0E943517898361E070E0CE01A6
:109AD00001960E94C71D0F90DF91CF910895CF93FB
:109AE000DF9300D01F92CDB7DEB7FC01808191815A
:109AF000A281B38189839A83AB83BC8380936920DD
:109B000090936A20A0936B20B0936C2064E070E087
:109B1000CE0101960E94C71D2496CDBFDEBFDF9106
:109B2000CF910895CF92DF92EF92FF92CF93DF9380
:109B300000D01F92CDB7DEB7FC01C080D180E2809B
:109B4000F3802FE632E143E85AE3C701B6010E94F1
:109B50006A7D87FD05C0C982DA82EB82FC8208C07B
:109B60008FE692E1A3E8BAE389839A83AB83BC834F
:109B700020E030E048EC52E469817A818B819C815D
:109B80000E940F7F181644F480E090E0A8ECB2E445
:109B900089839A83AB83BC8389819A81AB81BC81A1
:109BA00080938B3290938C32A0938D32B0938E320F
:109BB00064E070E0CE0101960E94C71D2496CDBFDF
:109BC000DEBFDF91CF91FF90EF90DF90CF900895AF
:109BD000CF93DF9300D01F92CDB7DEB7FC01808119
:109BE0009181A281B38189839A83AB83BC83809363
:109BF0008B3290938C32A0938D32B0938E3264E08E
:109C000070E0CE0101960E94C71D2496CDBFDEBF35
:109C1000DF91CF910895CF93DF9300D01F92CDB7FE
:109C2000DEB7FC0180819181A281B38189839A830F
:109C3000AB83BC83EFE7F2E3808B918BA28BB38B7A
:109C4000848B958BA68BB78B64E070E0CE01019678
:109C50000E94C71D2496CDBFDEBFDF91CF9108952E
:109C600064E070E089E690E20C94C71D64E070E067
:109C70008BE892E30C94C71DF9CF64E070E08FE8A5
:109C800092E30C94C71DFC01808191818093AF32D7
:109C90009093B03262E070E08FEA92E30C94C71DBB
:109CA00062E070E08FEA92E30C94C71D64E070E01C
:109CB00088EB90E20C94C71D64E070E084EB90E2C6
:109CC0000C94C71DCF93DF931F921F92CDB7DEB7C1
:109CD000FC018081918189839A8344E6489F9001A9
:109CE000499F300D11242093B1323093B23262E09B
:109CF00070E0CE0101960E94C71D0F900F90DF917A
:109D0000CF910895CF93DF931F921F92CDB7DEB707
:109D10008091B1329091B23264E670E00E9422816B
:109D200069837A8362E070E0CE0101960E94C71DCC
:109D30000F900F90DF91CF910895EF92FF920F93C4
:109D40001F93CF93DF9300D01F92CDB7DEB7E3EE22
:109D5000F1E2E480F5800681178120813181428122
:109D600053816091D9217091DA218091DB2190910A
:109D7000DC210E94822969837A838B839C8364E03F
:109D800070E0CE0101960E94C71D2496CDBFDEBFB4
:109D9000DF91CF911F910F91FF90EF900895EF9277
:109DA000FF920F931F93CF93DF9300D01F92CDB7F5
:109DB000DEB7E3EEF1E2E584F684078510892185BC
:109DC0003285438554856091DD217091DE2180913B
:109DD000DF219091E0210E94822969837A838B831D
:109DE0009C8364E070E0CE0101960E94C71D24961A
:109DF000CDBFDEBFDF91CF911F910F91FF90EF900C
:109E00000895CF92DF92EF92FF92FC01C080D18043
:109E1000E280F38020E030E040E251ECC701B6017F
:109E20000E946A7D87FD09C0C092E321D092E4219F
:109E3000E092E521F092E6210CC080E090E0A0E203
:109E4000B1EC8093E3219093E421A093E521B093BA
:109E5000E621C090E721D090E821E090E921F09040
:109E6000EA21A70196016091E3217091E42180919C
:109E7000E5219091E6210E940F7F181644F4C092CC
:109E8000E321D092E421E092E521F092E62164E022
:109E900070E083EE91E2FF90EF90DF90CF900C9412
:109EA000C71D64E070E083EE91E20C94C71DCF9271
:109EB000DF92EF92FF92FC01C080D180E280F380BC
:109EC00020E030E040E251E4C701B6010E940F7F7C
:109ED00018164CF0C092E721D092E821E092E921D7
:109EE000F092EA210CC080E090E0A0E2B1E480931F
:109EF000E7219093E821A093E921B093EA21C09053
:109F0000E321D090E421E090E521F090E62120913A
:109F1000E7213091E8214091E9215091EA21C701E0
:109F2000B6010E940F7F181644F4C092E721D09228
:109F3000E821E092E921F092EA2164E070E087EE06
:109F400091E2FF90EF90DF90CF900C94C71D64E0FA
:109F500070E087EE91E20C94C71DCF92DF92EF92F2
:109F6000FF92FC01C080D180E280F38020E030E0ED
:109F700040E251ECC701B6010E946A7D87FD09C02D
:109F8000C092EC21D092ED21E092EE21F092EF21EF
:109F90000CC080E090E0A0E2B1EC8093EC219093C3
:109FA000ED21A093EE21B093EF21C090F021D0904D
:109FB000F121E090F221F090F321A7019601609148
:109FC000EC217091ED218091EE219091EF210E9482
:109FD0000F7F181644F4C092EC21D092ED21E0924C
:109FE000EE21F092EF2164E070E08CEE91E2FF90C0
:109FF000EF90DF90CF900C94C71D64E070E08CEE82
:10A0000091E20C94C71DCF92DF92EF92FF92FC0178
:10A01000C080D180E280F38020E030E040E251E473
:10A02000C701B6010E940F7F18164CF0C092F021B4
:10A03000D092F121E092F221F092F3210CC080E065
:10A0400090E0A0E2B1E48093F0219093F121A093FD
:10A05000F221B093F321C090EC21D090ED21E0905B
:10A06000EE21F090EF212091F0213091F1214091EB
:10A07000F2215091F321C701B6010E940F7F1816FB
:10A0800044F4C092F021D092F121E092F221F092BA
:10A09000F32164E070E080EF91E2FF90EF90DF90B9
:10A0A000CF900C94C71D64E070E080EF91E20C94B7
:10A0B000C71DFF920F931F93CF93DF938C01FC0179
:10A0C000808181500E94B93BF82EF801C181D28174
:10A0D00082E090E00E942830813011F4CC27D078C3
:10A0E0009E013F77C115F0E8DF0721F023303105ED
:10A0F00008F052C08F2D90E02330310580F420E12C
:10A1000032E0829FF001839FF00D929FF00D1124A9
:10A11000EE5BF74C2081223011F0253048F0FC0135
:10A12000EE0FFF1FE05CFD4DC081D181CC27D078C0
:10A13000FC01EE0FFF1FE05CFD4DC083D1839E014B
:10A140003F77A901415051094230510528F540910E
:10A15000680642FD03C0D7FF26C002C0D7FD23C05A
:10A160002130310501F540E152E0849F9001859F47
:10A17000300D949F300D1124C901815C994CFC0174
:10A18000ED5FFD4F2081233038F42D5F2083FC01EB
:10A19000EC5FFD4F21E02083C801DF91CF911F913B
:10A1A0000F91FF9077CC40E152E0849F9001859F12
:10A1B000300D949F300D1124215C394CF901ED5F75
:10A1C000FD4F8081833040F363E00E9409819083DA
:10A1D000F901EC5FFD4F81E08083DECF8F929F928B
:10A1E000AF92BF92CF92DF92EF92FF920F931F93A5
:10A1F000CF93DF93CDB7DEB72897CDBFDEBF1D82EB
:10A200001E821F821886FC01808181500E94B93B0A
:10A21000982F282F30E0E0915C32F0915D3230973A
:10A2200009F4D8C240E152E0249FD001259FB00D2F
:10A23000349FB00D1124A55DB74CED90FC90319783
:10A24000E532F10508F0E1C28827E85FFE4F8F4F45
:10A250000C94588100912820C12CD12C760110E05B
:10A2600040E152E0249FC001259F900D349F900D46
:10A2700011249C01295D374C5901B4C080E192E062
:10A28000289FF001299FF00D389FF00D1124E15C0B
:10A29000F94C80859185A285B385C6C280E192E0A4
:10A2A000289FF001299FF00D389FF00D1124E95DE2
:10A2B000F74C6081718182819381A7C140E152E0B6
:10A2C000249FC001259F900D349F900D1124815C27
:10A2D000994CFC01E15CFE4FC080D180E280F380AC
:10A2E000E755FF4F60817181828193810E943A7EA0
:10A2F000A70196010E945B2C54C280E192E0289F46
:10A30000F001299FF00D389FF00D1124E258F84C10
:10A3100087C280E192E0289FF001299FF00D389FCD
:10A32000F00D1124E85CF74C608171815FC180E120
:10A3300092E0289FF001299FF00D389FF00D112425
:10A34000EC5BF74C8081882309F472C280E090E0D6
:10A35000A0E8BFE369C240E152E0249FC001259F0D
:10A36000900D349F900D1124815C994CFC01E55BAC
:10A37000FE4F0190F081E02D3197DC01A15BBE4FD3
:10A380002D913C91E217F30730F4FC01EF5AFE4F98
:10A390000190F081E02D6081062E000C770B880B78
:10A3A000990B33C180E192E0289FF001299FF00DC5
:10A3B000389FF00D1124E95DF74C60817181828135
:10A3C000938120E030E040E850E00E94342C8CC1C2
:10A3D00082E001C083E00E947C2020E030E040EA7F
:10A3E00050E480C1101789F0F5016081718182818C
:10A3F00093810E943A7E9B01AC01C701B6010E9485
:10A40000067D6B017C011F5FEDCF612F70E080E066
:10A4100090E00E943A7E9B01AC01C701B6018CC15D
:10A4200040E152E0249FF001259FF00D349FF00D94
:10A430001124EC5BF74C6081892F0E94C42054C129
:10A4400080E192E0289F8001299F100D389F100D18
:10A450001124015C194CF801EE5FFE4F608171819F
:10A4600080E090E00E94387E4B015C01B70180E003
:10A4700090E00E94387E9B01AC01C501B4010E94AE
:10A48000057D6B017C01F801E251FE4F6081718115
:10A49000072E000C880B990B0E943A7E9B01AC01A1
:10A4A000C701B6010E94067D6D837E838F839887E6
:10A4B000F801E95BFE4FC080D180E280F3800E940A
:10A4C000077E0E943A7EA70196010E945B2C0CC178
:10A4D00080E192E0289F8001299F100D389F100D88
:10A4E0001124015C194CF801EE5FFE4F608171810F
:10A4F00080E090E00E94387E4B015C01B70180E073
:10A5000090E00E94387E9B01AC01C501B4010E941D
:10A51000057D6B017C01F801E251FE4F6081718184
:10A52000072E000C880B990B0E943A7E9B01AC0110
:10A53000C701B60193C080E192E0289FF001299FF6
:10A54000F00D389FF00D1124EE52F84C3AC180E125
:10A5500092E0289FF001299FF00D389FF00D112403
:10A56000E652F84C2EC180E192E0289FF001299F2D
:10A57000F00D389FF00D1124EA52F84C22C1BE01B3
:10A580006F5F7F4F892F0E94022469817A818B81BE
:10A590009C810E943A7E20E030E040E250E40E943C
:10A5A000C87F20E030E040E853E39CC0B70180E082
:10A5B00090E00E94387E20E030E040E250E40E94CB
:10A5C000C87F20E030E040E857E38CC08FB7F894B4
:10A5D00040E152E0249FF001259FF00D349FF00DE3
:10A5E0001124EC56F84C608171818FBF80E090E0BF
:10A5F0000E94387E79C0BE016F5F7F4F892F0E9415
:10A60000022469817A818B819C810E943A7E6CC090
:10A6100080E001C081E00E947C2066C080E192E081
:10A62000289FF001299FF00D389FF00D1124E25270
:10A63000F84CF6C080E192E0289FF001299FF00DD0
:10A64000389FF00D1124E25AF84CBBC084E0890F0A
:10A650000E947C202FE632E143E050E40E94067D18
:10A6600043C080E192E0289FF001299FF00D389FC0
:10A67000F00D1124E151F84C20E030E04AE754E4B9
:10A6800060817181828193810E94C87F0E94721EC5
:10A690000E94FC1E29C080E192E0289FF001299FC2
:10A6A000F00D389FF00D1124E950F84CB9C040E18D
:10A6B00052E0249FC001259F900D349F900D1124DE
:10A6C0009C01215C394CF901E054FE4FC080D180DF
:10A6D000E280F380C701B6019F77389720813181EE
:10A6E000428153810E94C87F6D837E838F839887C8
:10A6F0009FC080E192E0289F8001299F100D389F24
:10A70000100D1124015C194CF801E854FE4FC08073
:10A71000D180E280F38020E030E0A901C701B601DA
:10A720000E940F7F18160CF083C0A7019601F80154
:10A7300064AD75AD86AD97AD0E946E7DD5CF80E1DD
:10A7400092E0289FF001299FF00D389FF00D112411
:10A75000E95EF74C65C040E152E0249FC001259FAF
:10A76000900D349F900D11249C01215C394CF9010E
:10A77000ED55FE4F60817181828193818901095578
:10A780001E4F9B01AC010E94C87F9B01AC01F801E8
:10A7900060817181828193810E94057D9F770E94F3
:10A7A0009B8020E030E04AE754E49CCF80E192E0D7
:10A7B000289FF001299FF00D389FF00D1124EE51D4
:10A7C000F84C20E030E04AE754E4608171818281F6
:10A7D000938188CF8091A4208823B9F080E192E012
:10A7E000289FF001299FF00D389FF00D1124EE5B9A
:10A7F000F74C8081853049F48091BE329091BF3210
:10A80000A091C032B091C1320FC080E192E0289F88
:10A81000F001299FF00D389FF00D1124E551F84CFF
:10A8200080819181A281B3818D839E83AF83B8871C
:10A8300064E070E0CE0105960E94C71D2896CDBF4A
:10A84000DEBFDF91CF911F910F91FF90EF90DF90CE
:10A85000CF90BF90AF909F908F900895CF92DF924E
:10A86000EF92FF921F93CF93DF9300D01F92CDB74B
:10A87000DEB77C01FC01808181500E94B93B182F1A
:10A88000F701C180D280E380F48020E030E0A901AC
:10A89000C701B6010E946A7D87FD05C0C982DA82C0
:10A8A000EB82FC8204C019821A821B821C8220E186
:10A8B00032E0129FC001139F900D1124FC01E15C56
:10A8C000F94C49815A816B817C8144A355A366A3CD
:10A8D00077A3BC016657784C40E0815A994C0E949E
:10A8E000CC2564E070E0CE0101960E94C71D24963D
:10A8F000CDBFDEBFDF91CF911F91FF90EF90DF9032
:10A90000CF900895CF92DF92EF92FF921F93CF9353
:10A91000DF9300D01F92CDB7DEB77C01FC018081B0
:10A9200081500E94B93B182FF701C180D280E3808B
:10A93000F48020E030E0A901C701B6010E946A7DE1
:10A9400087FD05C0C982DA82EB82FC8204C01982CD
:10A950001A821B821C8220E132E0129FC001139FE9
:10A96000900D1124FC01E15CF94C49815A816B8105
:10A970007C8140A751A762A773A7BC016657784C9A
:10A9800040E0815A994C0E94CC2564E070E0CE01F1
:10A9900001960E94C71D2496CDBFDEBFDF91CF91E7
:10A9A0001F91FF90EF90DF90CF900895CF92DF92AC
:10A9B000EF92FF921F93CF93DF9300D01F92CDB7FA
:10A9C000DEB77C01FC01808181500E94B93B182FC9
:10A9D000F701C180D280E380F48020E030E0A9015B
:10A9E000C701B6010E946A7D87FD05C0C982DA826F
:10A9F000EB82FC8204C019821A821B821C8220E135
:10AA000032E0129FC001139F900D1124FC01E15C04
:10AA1000F94C49815A816B817C8144A755A766A76F
:10AA200077A7BC016657784C40E0815A994C0E9448
:10AA3000CC2564E070E0CE0101960E94C71D2496EB
:10AA4000CDBFDEBFDF91CF911F91FF90EF90DF90E0
:10AA5000CF900895CF93DF93EC01888181500E94BD
:10AA6000B93B9981282F30E0992371F080E192E081
:10AA7000289FF001299FF00D389FF00D1124E35B12
:10AA8000F84C81E080830CC080E192E0289FF001C7
:10AA9000299FF00D389FF00D1124E35BF84C1082D4
:10AAA00040E152E0249FC001259F900D349F900DFE
:10AAB0001124BC016657784C40E0815A994C0E94A1
:10AAC000CC25CE01DF91CF910C94CF3DCF93DF9376
:10AAD000EC01888181500E94B93B9981282F30E098
:10AAE000992371F080E192E0289FF001299FF00DF9
:10AAF000389FF00D1124E25BF84C81E080830CC09C
:10AB000080E192E0289FF001299FF00D389FF00D21
:10AB10001124E25BF84C108240E152E0249FC00116
:10AB2000259F900D349F900D1124BC016657784CE1
:10AB300040E0815A994C0E94CC25CE01DF91CF9103
:10AB40000C94E63DCF93DF93EC01888181500E9405
:10AB5000B93B9981282F30E0992371F080E192E090
:10AB6000289FF001299FF00D389FF00D1124E15B23
:10AB7000F84C81E080830CC080E192E0289FF001D6
:10AB8000299FF00D389FF00D1124E15BF84C1082E5
:10AB900040E152E0249FC001259F900D349F900D0D
:10ABA0001124BC016657784C40E0815A994C0E94B0
:10ABB000CC25CE01DF91CF910C94FD3D4F925F9259
:10ABC0006F927F928F929F92AF92BF92CF92DF92BD
:10ABD000EF92FF920F931F93CF93DF9320E132E028
:10ABE000482F429FC001439F900D1124EC01C15C8E
:10ABF000D94CFE01E05AFF4F2081318142815381BF
:10AC000060E070E080E89FE30E946E7D6B017C0154
:10AC1000FE01E85AFF4F60837183828393833C96E1
:10AC200060817181828193810E94557F2B013C015B
:10AC30008E010C5A1F4FFE01E859FF4F23E333E901
:10AC400048E853E460817181828193810E94067D8E
:10AC50009B01AC0160E070E080E89FE30E946E7DA4
:10AC60004B015C01A3019201C701B6010E94C87F9C
:10AC70009B01AC01C501B4010E94057DF801608310
:10AC8000718382839383C45ADF4F188219821A8298
:10AC90001B82DF91CF911F910F91FF90EF90DF907A
:10ACA000CF90BF90AF909F908F907F906F905F906C
:10ACB0004F900895CF92DF92EF92FF921F93CF9320
:10ACC000DF9300D01F92CDB7DEB77C01FC018081FD
:10ACD00081500E94B93B182FF701C180D280E380D8
:10ACE000F480C982DA82EB82FC8220E030E0A901A4
:10ACF000C701B6010E946A7D212F30E08823B1F0A0
:10AD000080E192E0289FF001299FF00D389FF00D1F
:10AD10001124E156F94CC082D182E282F382812F64
:10AD20004DDF64E070E0CE0101960DC040E152E0DD
:10AD3000249FC001259F900D349F900D112464E045
:10AD400070E08156994C0E94C71D2496CDBFDEBF8E
:10AD5000DF91CF911F91FF90EF90DF90CF900895FA
:10AD6000CF92DF92EF92FF921F93CF93DF93EC018C
:10AD7000888181500E94B93B182FC980DA80EB800E
:10AD8000FC8023E333E948E853ECC701B6010E9495
:10AD90006A7D87FD11C020E030E04AE754E4C70136
:10ADA000B6010E940F7F18167CF4C12CD12C9AE7B3
:10ADB000E92E94E4F92E08C083E3C82E83E9D82E47
:10ADC00088E8E82E83ECF82E80E192E0189FF001ED
:10ADD000199FF00D1124E955F94CC082D182E2820D
:10ADE000F382812FEBDECE01DF91CF911F91FF9097
:10ADF000EF90DF90CF900C942147CF92DF92EF92AB
:10AE0000FF921F93CF93DF93EC01888181500E94C2
:10AE1000B93B182FC980DA80EB80FC8020E030E05D
:10AE200040E85FE3C701B6010E946A7D87FF06C064
:10AE3000C12CD12C80E8E82E8FE3F82E80E192E03F
:10AE4000189FF001199FF00D1124ED55F94CC082A7
:10AE5000D182E282F382812FB1DECE01DF91CF91E8
:10AE60001F91FF90EF90DF90CF900C9434470F9399
:10AE70001F93CF93DF93CDB7DEB72897CDBFDEBF4B
:10AE8000FC01808181500E94B93B1091A721012FC4
:10AE9000193008F008E0402F50E098E0899FF00159
:10AEA0001124E855FE4D608170E0611B71096B58FB
:10AEB0007E4DCE0101960E946A81101B1093A7213E
:10AEC00068E070E0CE0101960E94C71D2896CDBFB4
:10AED000DEBFDF91CF911F910F910895CF93C82FBF
:10AEE00060E088E08C0F0E94353B68E18C2FCF91A9
:10AEF0000C946025CF9361110BC0C82F61E088E0EE
:10AF00008C0F0E94353B6FE08C2FCF910C94602505
:10AF1000613011F4CF91E2CFCF9108958F929F923B
:10AF2000BF92CF92DF92EF92FF920F931F93CF9336
:10AF3000DF9300D01F92CDB7DEB74C01FC018081BA
:10AF400081500E94B93BB82E20E132E0B29EC00190
:10AF5000B39E900D11249C01215C394C6901F901CB
:10AF6000E0ACF1AC02AD13ADF4016181728183817B
:10AF7000948169837A838B839C83A80197015058BD
:10AF80000E94822969837A838B839C83F60164877C
:10AF900075878687978720912120222389F09F77C4
:10AFA0002DEC3CEC4CEC5FE30E946A7D682F661F41
:10AFB0006627661FF601EB5FFD4F60838B2D9ADFDE
:10AFC00064E070E0CE0101960E94C71D2496CDBFBB
:10AFD000DEBFDF91CF911F910F91FF90EF90DF9037
:10AFE000CF90BF909F908F9008958F929F92AF9235
:10AFF000BF92CF92DF92EF92FF920F931F93CF9366
:10B00000DF9320E132E0482F429FC001439F900D23
:10B010001124FC01E15CF94CC0ACD1ACE2ACF3AC66
:10B020002AE939E949EB5FE3C701B6010E946A7D6D
:10B0300087FF0BC027E433E040ED5EE3C701B601B4
:10B040000E94C87F4B015C0124C02CE032E042E842
:10B050005EE3C701B6010E94C87F4B015C012DE28F
:10B060003FEC46E15FE30E940F7F181644F08DE24B
:10B07000882E8FEC982E86E1A82E8FE3B82E2AE931
:10B0800039E949EB5FE3C701B6010E946A7D87FF9A
:10B090000DC0A7019601C701B6010E94C87F20E03C
:10B0A00030E040E05EE30E94C87F1FC0A701960128
:10B0B000C701B6010E94C87F27EE3BEF49EA5CE377
:10B0C0000E94C87F8B01D82FC92F2DE53FE846E8A5
:10B0D0005EE30E946A7D87FF05C06DE57FE886E834
:10B0E0009EE303C0B8018D2F9C2FA50194014B0155
:10B0F0005C01C501B4010E94067D4B015C01A70102
:10B100009601C701B6010E94C87F6B017C012FE840
:10B1100032EC45EF5CE30E94C87FA50194010E94D8
:10B12000067D4B015C012AE037ED43EA5CE3C70191
:10B13000B6010E94C87FA50194010E94067DDF919F
:10B14000CF911F910F91FF90EF90DF90CF90BF9024
:10B15000AF909F908F9008952F923F924F925F9261
:10B160006F927F928F929F92AF92BF92CF92DF9217
:10B17000EF92FF920F931F93CF93DF93CDB7DEB77C
:10B180002797CDBFDEBF8A839B83DC018C918150E2
:10B190000E94B93B8983EA81FB81C180D280E38030
:10B1A000F480282E312C80E192E0289EF001299E27
:10B1B000F00D389EF00D1124E15CF94C80AD91AD9D
:10B1C000A2ADB3AD8A839B83AC83BD830E940B3C4D
:10B1D0004B015C01AFE3B6E3AE83BF8360E070E098
:10B1E000CB01EE81FF8124AD35AD46AD57AD0E9458
:10B1F000067D2E813F81205F3D4F2E833F832F5759
:10B200003E4379F79B01AC01C501B4010E94057D65
:10B210002B013C0182E090E00E942830813061F4F3
:10B2200020E030E040EA50E4C701B6010E940F7F01
:10B2300018160CF48DC00BC020E030E040EC50E458
:10B24000C701B6010E940F7F18160CF488C020E0D9
:10B2500030E0A901C701B6010E946A7D87FF03C0E3
:10B26000C12CD12C760180E192E0289E8001299E9C
:10B27000100D389E100D1124015C194CD801D89680
:10B28000CD92DD92ED92FC92DB978981AEDE4B018F
:10B290005C01F801E05CFF4FEE83FF832081318188
:10B2A000428153810E94057D9B01AC01C301B20123
:10B2B0000E946A7D87FF0AC08A819B81AC81BD8123
:10B2C000F80180AF91AFA2AFB3AF1EC0AE81BF8116
:10B2D0008D929D92AD92BC921397F801E45FFE4F60
:10B2E0008081811106C0F80114AA15AA16AA17AA0E
:10B2F0000BC0F7FAF094F7F8F094D801D496CD92F9
:10B30000DD92ED92FC92D79720E132E0229EC001BF
:10B31000239E900D329E900D112464E070E08958B8
:10B32000994C2796CDBFDEBFDF91CF911F910F9132
:10B33000FF90EF90DF90CF90BF90AF909F908F9055
:10B340007F906F905F904F903F902F900C94C71D0F
:10B35000C12CD12C90EAE92E90E4F92E84CFC12C97
:10B36000D12C80ECE82E80E4F82E7DCFEF92FF9276
:10B370000F931F93CF93DF931F921F92CDB7DEB72A
:10B38000FC01808181500E94B93B082F10E080E1D0
:10B3900092E0089F9001099F300D189F300D1124F5
:10B3A000C9018A56984CF901E657F84C4FB7F89402
:10B3B000808391838283938384839583C1968683DC
:10B3C000978382E390E080879187128613864FBF30
:10B3D000C901815C994C7C0120E030E04AE754E4EB
:10B3E000FC0160A171A182A193A10E94C87F0E946B
:10B3F0000C7E69837A83F801EE0FFF1FEE0FFF1FAB
:10B40000E05DFD4DD701A055BE4F8D919D910D90F2
:10B41000BC91A02D80839183A283B383F701EA5F5F
:10B42000FD4F81E0808393E0000F111F9A95E1F7B3
:10B43000F801E855FE4D10828FB7F8942091C43280
:10B440003091C5322093C8213093C9218FBF62E06B
:10B4500070E0CE0101960E94C71D0F900F90DF9102
:10B46000CF911F910F91FF90EF900895DC014C91C7
:10B4700050E04231510508F08BC0FA018827E35DA6
:10B48000FE4F8F4F0C94588111968C91119731C0BB
:10B4900011968C911197885F2CC011968C91119701
:10B4A000805F27C011968C911197885E22C01196FB
:10B4B0008C911197805E1DC011968C911197885DBB
:10B4C00018C011968C911197885C13C011968C91BD
:10B4D0001197805C0EC011968C911197885B09C002
:10B4E00011968C911197805904C011968C911197E7
:10B4F000885880931B2080911B20803289F1809195
:10B500001B20813269F180911B20E82FE695E6959A
:10B51000E69530E2E39FF0011124FA5F282F2770AF
:10B5200081E090E0AC0102C0440F551F2A95E2F77C
:10B53000418320911B20E22FE695E695E69550E2A7
:10B54000E59FF0011124FA5F12963C91277001C02B
:10B55000880F2A95EAF7332311F0858301C086838B
:10B5600090911B20E92FE695E695E69580E2E89F0D
:10B57000F0011124FA5F3085292F277081E090E0D7
:10B5800001C0880F2A95EAF7832311F084E001C0F7
:10B5900085E00C94DA1D08950895089581E00C94D7
:10B5A000DA1D81E00C94DA1D81E00C94DA1DCF9352
:10B5B000DF931F92CDB7DEB7E82FE695E695E695C7
:10B5C00090E2E99FF0011124E05FF94F8770E80FE6
:10B5D000F11D8FB78983F89499818081877080836A
:10B5E0008081682B60839FBF0F90DF91CF9108957A
:10B5F000FF920F931F93CF93DF93FC0180818150C3
:10B600000E94B93B90E040E152E0849F9001859F09
:10B61000300D949F300D1124B9016657784C4FB707
:10B62000F894F901EC56F84C20814FBF33E0880FB5
:10B63000991F3A95E1F7EC01C855DE4D288320E0CB
:10B640003881231718F5022F10E0FB01FFB6F8949C
:10B65000A281B3813D91A283B383468157814A176A
:10B660005B0720F44481558142835383428553858F
:10B670004115510521F04150510942875387FFBEC2
:10B68000F801EB58FE4D30832F5FDACF27E0E5E776
:10B69000F1E2DC01A755BE4D01900D922A95E1F72C
:10B6A0002881283020F027502093A72102C0109233
:10B6B000A72168E070E088559E4DDF91CF911F91E2
:10B6C0000F91FF900C94C71DCF93DF93CFE3D6E388
:10B6D00060E070E0CB012CAD3DAD4EAD5FAD0E94A2
:10B6E000067DC05FDD4F2EE3CF37D207A1F7609311
:10B6F000D5217093D6218093D7219093D82164E0EF
:10B7000070E085ED91E2DF91CF910C94C71DDC01D3
:10B710004C9150E04231510598F5FA018827E15CDF
:10B72000FE4F8F4F0C94588111968C9127C0119623
:10B730008C91885F23C011968C91805F1FC01196F9
:10B740008C91885E1BC011968C91805E17C01196FB
:10B750008C91885D13C011968C91885C0FC01196F6
:10B760008C91805C0BC011968C91885B07C0119600
:10B770008C91805903C011968C91885880931B201E
:10B7800090911B20E92FE695E695E69580E2E89FEB
:10B79000F0011124FA5F3085292F277081E090E0B5
:10B7A00001C0880F2A95EAF7832311F084E001C0D5
:10B7B00085E00C94DA1DE0E1F6E0808188618193F8
:10B7C000E83186E0F807C9F7E0E3F6E080818861B8
:10B7D0008193E83386E0F807C9F7E0E7F6E0808177
:10B7E00088618193E83786E0F807C9F7E0E9F6E079
:10B7F000808188618193E83986E0F807C9F7E0EB3A
:10B80000F6E0808188618193E83B86E0F807C9F71C
:10B81000E0EFF6E0808188618193E83F86E0F807F9
:10B82000C9F7E0E1F7E0808188618193E83187E042
:10B83000F807C9F7E0E3F7E0808188618193E83396
:10B8400087E0F807C9F7E0EDF7E080818861819330
:10B85000E83D87E0F807C9F7E0EFF7E0808188610D
:10B860008193E83F87E0F807C9F7089591E0909346
:10B87000260720E132E0482F429FC001439F900DF0
:10B880001124FC01EA5BF74C80819181682B792BB4
:10B8900060837183E1EDF1E21082118212821382E2
:10B8A00008954F925F926F927F929F92AF92BF9254
:10B8B000CF92DF92EF92FF920F931F93CF93DF937C
:10B8C000982EA82EB12C80E192E0A89E7001A99E2E
:10B8D000F00CB89EF00C1124E701C15CD94CFE01BC
:10B8E000EB5FFD4F6081892D0E94C4203E0124E45E
:10B8F000621A2EEF720AF30160837183828393834D
:10B90000A7014150584C08E411EE2AE73FE30E949A
:10B910007625F3014081518162817381892D0E94D6
:10B920000D22FE01EC54FE4F60837183828393836A
:10B93000A7014950584C03E313E323E73FE30E9478
:10B940007625FE01E054FE4FC080D180E280F38076
:10B9500038974080518062807380C453DE4FA301CA
:10B960009201C701B6010E94C87F688379838A83E8
:10B970009B83C701B6019F7727E137EB41ED58E381
:10B980000E946A7D87FF09C020E030E04AE754E466
:10B99000C301B2010E94C87F07C0A7019601C3017D
:10B9A000B2010E946E7D9F7720E132E0A29EF001FD
:10B9B000A39EF00DB29EF00D1124E15FF74C608361
:10B9C00071838283938320E030E040EA51E4C30135
:10B9D000B2010E940F7F18169CF461E070E0892D7F
:10B9E000DF91CF911F910F91FF90EF90DF90CF905B
:10B9F000BF90AF909F907F906F905F904F9036CFA9
:10BA0000DF91CF911F910F91FF90EF90DF90CF903A
:10BA1000BF90AF909F907F906F905F904F900895F0
:10BA2000AF92BF92CF92DF92EF92FF920F931F934C
:10BA3000CF93DF931F921F92CDB7DEB77C01FC013D
:10BA4000D1808FEF8D0D0E94B93B082FF701108137
:10BA50006281738169837A83812F90E08D339105B0
:10BA600008F0B3C1FC018827EF5AFE4F8F4F0C94AA
:10BA70005881802F33DA61E0802F0E94353B602FA0
:10BA800081E018C0802F0E94603A9FC1802F0E94E1
:10BA9000D4229BC1802F0E94D82297C1802F2ADAFE
:10BAA00094C1802F0E94E33A90C181E0672B09F492
:10BAB00080E0602F0E94EF3A88C181E0672B09F493
:10BAC00080E0682F802F35C081E0672B09F480E08B
:10BAD000682F802F0E94F02103C0802F0E94F61F44
:10BAE00089839A8372C184E0800FF8CF672B19F4A1
:10BAF0001092A42003C081E08093A4208091A42010
:10BB000010C0672B19F41092A32009C081E0809324
:10BB1000A32080E797E18093B1329093B232809175
:10BB2000A32090E0DDCF81E0672B09F480E0682F4F
:10BB30008EE00E94353B49C181E0672B09F480E02B
:10BB4000682F8FE0F6CF60935C3270935D323DC119
:10BB5000CB010197059720F081E08093282002C057
:10BB60006093282080912820DCCF80E192E0089F1C
:10BB7000F001099FF00D1124E35DF74C8081918164
:10BB800001960CC080E192E0089FF001099FF00D42
:10BB90001124E35DF74C808191810197808391832B
:10BBA0009FCF80E192E0089FF001099FF00D1124E2
:10BBB000EB5CF74C81E0808308C1672B79F460E08F
:10BBC0008EE00E94353B60E08FE00E94353B61E0F3
:10BBD0008DE00E94353B10925732F7C060E08DE057
:10BBE0000E94353B61E08EE00E94353B61E08FE0D2
:10BBF0000E94353B802F0E94B93B8F5F8093573264
:10BC0000E4C081E0672B09F480E080932120DDC04F
:10BC100019821A8280914538882321F081E090E0D2
:10BC200089839A838091553A882329F089819A8162
:10BC3000029689839A838091653C882329F08981C3
:10BC40009A81049689839A838091753E882309F4AA
:10BC5000BCC089819A81089643CFE02FF0E0EE0FB7
:10BC6000FF1FE851FF4D7BC0E02FF0E0EE0FFF1FFC
:10BC7000E851FF4D71956195710971C0802F0E9447
:10BC80003517A3C06093AF327093B0329EC08091DD
:10BC9000AF329091B03224CF6093B33296C080918E
:10BCA000B3323FCF862F0E9491303BCF8091D0019D
:10BCB00038CF62E070E0CE0101960E94C71DFFCF31
:10BCC00062E070E0CE0101960E94C71D60E070E066
:10BCD00080E00E94901D81E080938106809386061B
:10BCE00082E080938106809386066FC08091A804CD
:10BCF0008F7C8093A804BFC0F5E0DF1209C000E08C
:10BD000069817A81802FB2DD0F5F0430C9F75DC091
:10BD1000802FACDD5AC084E0089FF0011124E15E61
:10BD2000FD4D20E030E048EC52E460817181828179
:10BD300093810E94C87F0E940C7E69837A8345C0EC
:10BD4000E02FF0E0EE0FFF1FED5EFF4D808191814F
:10BD5000C7CEE02FF0E0EE0FFF1FED5EFF4D6083DA
:10BD6000718333C0E02FF0E080E192E0E89FD001E2
:10BD7000E99FB00DF89FB00D1124A55BB84C8C91D4
:10BD8000EB50FE4D81110BC0672B29F081E08083C1
:10BD900081E090E0A5CE108219821A8216C0198225
:10BDA0001A82108212C080E090E00E94387E20E06B
:10BDB00030E048EC52E40E946E7D60931D20709349
:10BDC0001E2080931F209093202080912120882383
:10BDD00039F062E070E0CE0101960E94C71D4BC0B1
:10BDE0001831B9F79FE3A92E96E3B92E10E0F501BB
:10BDF000EB5FFD4F108222E23CE14AE856E4F50198
:10BE000060857185828593850E94C87F23E333E333
:10BE100043E550E40E946E7D6B017C0120E03FEF22
:10BE20004FE757E40E940F7F18163CF4C12CDD2425
:10BE3000DA948FE7E82E87E4F82E20E030E040E047
:10BE40005FE3C701B6010E94067D0E940C7EF501EA
:10BE5000E750FE4F60837183812F0E94D42260E0FF
:10BE6000812F48D81F5FF0EFAF1AFDEFBF0A1430E3
:10BE700009F0BDCFAECF0F900F90DF91CF911F9102
:10BE80000F91FF90EF90DF90CF90BF90AF9008950B
:10BE9000CF93DF9300D01F92CDB7DEB7BE016F5FA7
:10BEA0007F4F0E94022469817A818B819C81249634
:10BEB000CDBFDEBFDF91CF9108952F923F924F9279
:10BEC0005F926F927F928F929F92AF92BF92CF922A
:10BED000DF92EF92FF920F931F93CF93DF9300D0E7
:10BEE0001F92CDB7DEB789837A018B01C82ED12C82
:10BEF00080E192E0C89EF001C99EF00DD89EF00D41
:10BF00001124E15CF94CDF01AE5FBE4F6D907C9077
:10BF1000E45BFF4FB08021812C8332813A83A38080
:10BF20009A01AB016B2D7C818A819A2D0E946A7DDA
:10BF300087FF04C0EB2CFC800A811A2D80E192E07F
:10BF4000C89EF001C99EF00DD89EF00D1124E9574E
:10BF5000F94CB08081818C8392819A83A3802B2DB0
:10BF6000382F492F5A2DB701C8010E946A7D87FFDB
:10BF700004C0EB2CFC800A811A2D80E192E0C89E5F
:10BF8000F001C99EF00DD89EF00D1124EA83FB83C9
:10BF9000ED56F94C4F01AF01B701C8010E94742A58
:10BFA0002A813B81215C394C2A833B8359013EEF36
:10BFB000A31AB30AF50180839183B4010E94D92B9F
:10BFC0001B012C018A809B80F8EF8F1AFEEF9F0ADD
:10BFD0009B01AC01B701C8010E94057DF40160839B
:10BFE000718382839383EA81FB8120823182428242
:10BFF0005382C701D80184839583A683B783F50153
:10C00000608171816616770641F089810E94603AED
:10C0100081E0F601EF5AFD4D808320E132E0C29EBF
:10C02000C001C39E900DD29E900D1124815C994C4D
:10C03000FC01ED55FE4F108211821282138234965C
:10C0400010821182128213822496CDBFDEBFDF914F
:10C05000CF911F910F91FF90EF90DF90CF90BF9005
:10C06000AF909F908F907F906F905F904F903F9098
:10C070002F9008954F925F926F927F928F929F922E
:10C08000AF92BF92CF92DF92EF92FF920F931F93E6
:10C09000CF93DF9320E132E0482F429FC001439FBE
:10C0A000900D1124EC01C15CD94C4C805D806E80F8
:10C0B0007F808C010D56194CA801C301B2010E946A
:10C0C000D8299B01AC01FE01E95CFE4F60837183BE
:10C0D00082839383812C912C5401B394C12CD12C55
:10C0E00090E2E92E93E4F92EC301B2010E94AA2A3C
:10C0F0002B013C018E01015C1E4FF80160837183AE
:10C1000082839383688979898A899B890E943A7E90
:10C11000A30192010E945B2C688F798F8A8F9B8F7D
:10C12000F80140805180628073806C897D898E899E
:10C130009F890E943A7EA30192010E945B2C6C8F22
:10C140007D8F8E8F9F8FDF91CF911F910F91FF90E9
:10C15000EF90DF90CF90BF90AF909F908F907F90A7
:10C160006F905F904F9008958F929F92AF92BF9281
:10C17000CF92DF92EF92FF920F931F93CF93DF93B3
:10C1800000D01F92CDB7DEB78C01FC0181818150B8
:10C190000E94B93BF82EF801808182809380A480B0
:10C1A000B58089829A82AB82BC8290E08D31910504
:10C1B00008F0A5C1FC018827E257FE4F8F4F0C9471
:10C1C000588114EAE12E10E7F12E0DE71FE32DEC64
:10C1D0003CEC4CEC5DE3C501B4010E94822969830B
:10C1E0007A838B839C8360937F32709380328093B9
:10C1F00081329093823283C180917F3290918032DC
:10C20000A0918132B091823276C114EAE12E10E71A
:10C21000F12E0DE71FE32DEC3CEC4CEC5DE3C5018A
:10C22000B4010E94822969837A838B839C83609303
:10C2300083327093843280938532909386325FC1CB
:10C240008091833290918432A0918532B091863270
:10C2500052C114EAE12E10E7F12E0DE71FE32DEC99
:10C260003CEC4CEC5DE3C501B4010E94822969837A
:10C270007A838B839C836093873270938832809318
:10C28000893290938A323BC1809187329091883273
:10C29000A0918932B0918A322EC180928B329092D5
:10C2A0008C32A0928D32B0928E3229C180918B3225
:10C2B00090918C32A0918D32B0918E321CC18092BF
:10C2C0008F3290929032A0929132B092923217C1F6
:10C2D00080918F3290919032A0919132B0919232B0
:10C2E0000AC18092933290929432A0929532B09289
:10C2F000963205C18091933290919432A0919532FB
:10C30000B0919632F8C08092973290929832A09273
:10C310009932B0929A32F3C08091973290919832CC
:10C32000A0919932B0919A32E6C080929B3290925D
:10C330009C32A0929D32B0929E32E1C080919B329D
:10C3400090919C32A0919D32B0919E32D4C0809247
:10C350009F329092A032A092A132B092A232CFC06E
:10C3600080919F329091A032A091A132B091A232DF
:10C37000C2C08092A3329092A432A092A532B09211
:10C38000A632BDC08091A3329091A432A091A53273
:10C39000B091A632B0C0C090AB32D090AC32E09039
:10C3A000AD32F090AE32A7019601C501B4010E94F2
:10C3B0000F7F181624F4C982DA82EB82FC8289810D
:10C3C0009A81AB81BC818093A7329093A832A093CD
:10C3D000A932B093AA3293C08091A7329091A8322B
:10C3E000A091A932B091AA3286C08092B9329092BF
:10C3F000BA32A092BB32B092BC32B501A4018F2DEB
:10C400005CDD8F2D37DE7BC08091B9329091BA32DE
:10C41000A091BB32B091BC326EC0C090A732D09018
:10C42000A832E090A932F090AA32A7019601C50186
:10C43000B4010E946A7D87FF04C0C982DA82EB8260
:10C44000FC8289819A81AB81BC818093AB329093CD
:10C45000AC32A093AD32B093AE3251C08091AB32CA
:10C460009091AC32A091AD32B091AE3244C080E137
:10C4700092E0F89E8001F99E100D1124015C194C88
:10C4800020E030E0A901F8016085718582859385FF
:10C490000E946A7DF801E854FE4F87FF06C0808144
:10C4A0009181A281B381B05826C080819181A281FF
:10C4B000B38121C0E12CF12C08E412E420E030E04B
:10C4C00040E251E4C501B4010E94822969837A8364
:10C4D0008B839C836093B4327093B5328093B63271
:10C4E0009093B7320CC08091B4329091B532A09144
:10C4F000B632B091B73289839A83AB83BC8364E050
:10C5000070E0CE0101960E94C71D2496CDBFDEBF0C
:10C51000DF91CF911F910F91FF90EF90DF90CF901F
:10C52000BF90AF909F908F9008957F928F929F922F
:10C53000AF92BF92CF92DF92EF92FF920F931F9331
:10C54000CF93DF937C01FC01808181500E94B93B35
:10C55000B82E20E030E44CE156E4F70161817281AD
:10C56000838194810E94C87F0E9477800E94077E09
:10C570000E943A7E20E030E44CE156E40E946E7D59
:10C580008B01D82FC92FCB2CD12C80E192E0C89EF3
:10C59000F001C99EF00DD89EF00D1124E557F94C1D
:10C5A00080809180A280738094014A2D572DB8011C
:10C5B0008D2F9C2F0E940F7F18161CF48401DA2DFA
:10C5C000C72D80E192E0C89EF001C99EF00DD89E73
:10C5D000F00D1124E957F94C80809180A28073807E
:10C5E00094014A2D572DB8018D2F9C2F0E946A7DF2
:10C5F00087FF03C08401DA2DC72DA8016D2F7C2F82
:10C600008B2D5BDC80E192E0C89EF001C99EF00DAD
:10C61000D89EF00D1124ED5BF84CC801AD2FBC2F56
:10C6200080839183A283B3838B2D24DDC701DF91A7
:10C63000CF911F910F91FF90EF90DF90CF90BF901F
:10C64000AF909F908F907F900C94D64ABF92CF92DC
:10C65000DF92EF92FF920F931F93CF93DF931F927E
:10C660001F92CDB7DEB78C0119821A82FC0181813D
:10C6700081500E94B93BE82EC82ED12C80E192E077
:10C68000C89EF001C99EF00DD89EF00D1124E5550D
:10C69000F94CB080F801F08082E090E00E942830F0
:10C6A000813021F4C8010E94DE4152C0F6E0FF153E
:10C6B00008F4F12C81E0B81213C080E192E0C89E2A
:10C6C000F001C99EF00DD89EF00D1124ED5BF84CE1
:10C6D00040815181628173818E2DEFDB8E2DCADC0A
:10C6E0001092AB361092BB381092CB3A1092DB3CD2
:10C6F00080E192E0C89E8001C99E100DD89E100D69
:10C700001124015C194CF801E459FF4FF0828E2D81
:10C710000E94B93B90E00196982F88278F0D911DBC
:10C7200089839A83E1E0FE120DC098012C5F3E4F91
:10C73000F80184819581A681B781F9018083918375
:10C74000A283B38362E070E0CE0101960E94C71D10
:10C750000F900F90DF91CF911F910F91FF90EF906D
:10C76000DF90CF90BF900895BF92CF92DF92EF926B
:10C77000FF920F931F93CF93DF931F921F92CDB71A
:10C78000DEB78C0119821A82FC01818181500E94DE
:10C79000B93BE82EC82ED12C80E192E0C89EF00172
:10C7A000C99EF00DD89EF00D1124E352F94CB080D3
:10C7B000F801F08082E090E00E942830813021F47E
:10C7C000C8010E94104252C0F6E0FF1508F4F12C97
:10C7D00081E0B81213C080E192E0C89EF001C99ECA
:10C7E000F00DD89EF00D1124ED5BF84C4081518185
:10C7F000628173818E2D61DB8E2D3CDC1092DD36E3
:10C800001092ED381092FD3A10920D3D80E192E0C9
:10C81000C89E8001C99E100DD89E100D1124015C88
:10C82000194CF801E256FF4FF0828E2D0E94B93B61
:10C8300090E00196982F88278F0D911D89839A8308
:10C84000E1E0FE120DC098012C5F3E4FF80184819B
:10C850009581A681B781F90180839183A283B383F7
:10C8600062E070E0CE0101960E94C71D0F900F900C
:10C87000DF91CF911F910F91FF90EF90DF90CF90BC
:10C88000BF9008951F920F920FB60F92112408B611
:10C890000F9218BE09B60F9219BE0BB60F921BBEAF
:10C8A0002F933F934F935F936F937F938F939F93B8
:10C8B000AF93BF93EF93FF9380E880935F3286EC52
:10C8C00092E30E944B2DFF91EF91BF91AF919F9109
:10C8D0008F917F916F915F914F913F912F910F9029
:10C8E0000BBE0F9009BE0F9008BE0F900FBE0F90A9
:10C8F0001F9018951F920F920FB60F92112408B631
:10C900000F9218BE09B60F9219BE0AB60F921ABE40
:10C910000BB60F921BBEAF92BF92CF92DF92EF92F7
:10C92000FF920F931F932F933F934F935F936F93B8
:10C930007F938F939F93AF93BF93EF93FF93CF9387
:10C94000DF931F92CDB7DEB78FB78983F894098143
:10C95000809128078695817099E020912807269577
:10C960002170820F9150C9F7882329F10FBF0F90D2
:10C97000DF91CF91FF91EF91BF91AF919F918F91F7
:10C980007F916F915F914F913F912F911F910F91E7
:10C99000FF90EF90DF90CF90BF90AF900F900BBEC5
:10C9A0000F900ABE0F9009BE0F9008BE0F900FBEE9
:10C9B0000F901F9018958FE2A82E86E3B82E97EF60
:10C9C000E92E97E3F92E2EEDC22E23E3D22E10E0AE
:10C9D000F70180859185A285B385F50181939193B7
:10C9E000A193B1935F01F70180819181A281B3810D
:10C9F000F60181939193A193B1936F0160E071E08F
:10CA0000812F0E94365C1F5FF0EFEF1AFDEFFF0AE7
:10CA10001430F1F6ABCF2F923F924F925F926F920C
:10CA20007F928F929F92AF92BF92CF92DF92EF92BE
:10CA3000FF920F931F93CF93DF9300D000D0CDB719
:10CA4000DEB7182FE82EF12C80E192E0E89E9001ED
:10CA5000E99E300DF89E300D1124215C394C2D8358
:10CA60003E83F901E459FF4F9081933011F56091B5
:10CA7000D9217091DA218091DB219091DC213A96C5
:10CA800020813181428153810E94C87FED81FE81E6
:10CA9000E257FF4F20813181428153810E94067D00
:10CAA000AD81BE8114962D913D914D915C9117976A
:10CAB00029C0ED81FE81E256FF4F8081833029F548
:10CAC0006091DD217091DE218091DF219091E02144
:10CAD000ED81FE81E855FF4F2081318142815381F4
:10CAE0000E94C87FED81FE81E054FF4F208131819B
:10CAF000428153810E94067DED81FE812481358132
:10CB0000468157810E94057D60C19430E1F46091B7
:10CB1000D9217091DA218091DB219091DC21ED8186
:10CB2000FE81E658FF4F20813181428153810E946E
:10CB3000C87F2D813E812E563F4FD9012D913D91C9
:10CB40004D915C91DFCF8430D9F46091DD217091FB
:10CB5000DE218091DF219091E021ED81FE81E4557D
:10CB6000FF4F20813181428153810E94C87FED8136
:10CB7000FE81EC53FF4F2081318142815381C2CF2E
:10CB8000AD81BE8158968D909D90AD90BC905B9785
:10CB90005C968D919D910D90BC91A02D89839A8377
:10CBA000AB83BC83812F74D92D803E80B8E12B1AD2
:10CBB000BEEF3B0AF1016083718382839383812FEF
:10CBC0000E94D0298C01ED81FE81E451FE4F8083CB
:10CBD00091838130FCEF9F0708F0F0C0ED81FE816A
:10CBE000E757FE4F80839183812F99273E2D22277F
:10CBF000F901E80FF91FEE0FFF1FEE0FFF1FEA5AB2
:10CC0000FD4DC080D180E280F380FC013196E20FBF
:10CC1000F31FEE0FFF1FEE0FFF1FEA5AFD4DA70196
:10CC2000960160817181828193810E94057D2B0133
:10CC30003C01B801772780E090E00E94387EA30194
:10CC400092010E94C87F20E030E040E85BE30E9450
:10CC5000C87FA70196010E94067DAD81BE81149612
:10CC60002D913D914D915C9117970E94057D7B011F
:10CC70008C012DEC3CEC4CEC5DE3C501B4010E9451
:10CC8000067D9701A8010E946A7D18160CF09BC0D2
:10CC90002DEC3CEC4CEC5DE369817A818B819C81CD
:10CCA0000E94057D9701A8010E940F7F87FF8BC01E
:10CCB000ED81FE81E15CFE4F80809180A280B38097
:10CCC000F10160817181828193810E943A7EA50188
:10CCD00094010E945B2C2B013C0120E030E0A90173
:10CCE000B701C8010E940F7F2DEC3CEC4CEC5DE3DA
:10CCF00087FD23C0AD81BE8158966D917D918D9148
:10CD00009C915B970E94057D4B015C019B01AC01EE
:10CD1000B701C8010E940F7F87FD32C0A5019401B1
:10CD2000B701C8010E94057D2DEC3CEC4CE45EE3AC
:10CD30000E946E7D4B015C0126C0ED81FE81648DF9
:10CD4000758D868D978D0E94067D4B015C019B0140
:10CD5000AC01B701C8010E946A7D18168CF0A501CC
:10CD60009401B701C8010E94057D2DEC3CEC4CE418
:10CD70005EE30E946E7D4B015C01E894B7F803C04E
:10CD8000812C912C5401A501940160E070E080E8B1
:10CD90009FE30E94057DA30192010E94C87F2B01A1
:10CDA0003C019701A801C501B4010E94C87F9B0105
:10CDB000AC01C301B2010E94067D07C060E070E0D3
:10CDC00080EC9FE702C0B701C8018B019C01C9013B
:10CDD000B8012696CDBFDEBFDF91CF911F910F9195
:10CDE000FF90EF90DF90CF90BF90AF909F908F908B
:10CDF0007F906F905F904F903F902F9008952F926B
:10CE00003F924F925F926F927F928F929F92AF92DA
:10CE1000BF92CF92DF92EF92FF920F931F93CF9327
:10CE2000DF93C82F082F10E020E132E0029FC001FD
:10CE3000039F900D129F900D11249C01215C394C91
:10CE40007901F90160857185828593854B015C01CB
:10CE5000E894B7F820E030E0A9010E946A7DF7016C
:10CE6000E35FFE4F87FF02C0808103C0908181E0B5
:10CE700089276C2F0E94EF3A80912120882369F145
:10CE800020E132E0029FC001039F900D129F900DA0
:10CE900011249C012C5B374C7901F9018081882396
:10CEA00069F020E030E040EE5FE3C501B4010E948C
:10CEB0000F7F181694F4F70110820DC02AE939E9A2
:10CEC00049EB5FE3C501B4010E946A7D87FF05C09D
:10CED00081E0F7018083D1E001C0D0E080E192E001
:10CEE000089FF001099FF00D189FF00D1124EC5BD5
:10CEF000F74C3080332029F020E33FEF4FEC57E42C
:10CF000004C022E23CE14AE856E4C501B4010E94B3
:10CF1000C87F23E333E343E550E40E946E7D6B0159
:10CF20007C0120E03FEF4FE757E40E940F7F181687
:10CF30003CF4C12CDD24DA948FE7E82E87E4F82E48
:10CF400020E030E040E05FE3C701B6010E94067DCB
:10CF50000E940C7E4B015C0180E192E0089F9001F1
:10CF6000099F300D189F300D1124C901815C994C27
:10CF70006C01F7E0CF1AFEEFDF0AF60180829182A2
:10CF80007C01F1EFEF1AFDEFFF0AF7012080F1E0DD
:10CF9000F21550F5622D70E080E090E00E94387E3E
:10CFA00020E030E048E453E40E946E7D9B01AC0138
:10CFB00060E070E080E89FE30E94057D2B013C016A
:10CFC000B40180E090E00E94387E9B01AC01C30177
:10CFD000B2010E94C87F0E940C7EF60160837183BB
:10CFE0008FEF820DF7018083DD2359F1311026C0C8
:10CFF00080E192E0089FF001099FF00D189FF00D6D
:10D000001124E85CF74C608171818C2F0E94D4223E
:10D0100060E08C2FDF91CF911F910F91FF90EF90E7
:10D02000DF90CF90BF90AF909F908F907F906F9048
:10D030005F904F903F902F900C947A578C2F0E94C6
:10D040006E5780E192E0089FF001099FF00D189F54
:10D05000F00D1124E85CF74C608171818C2FDF9119
:10D06000CF911F910F91FF90EF90DF90CF90BF90E5
:10D07000AF909F908F907F906F905F904F903F9078
:10D080002F900C94D422CF92DF92EF92FF926A01FC
:10D090007B0120E132E0482F429FC001439F900D69
:10D0A0001124FC01E85BF74C2081318142815381DE
:10D0B000C701B6010E94C87F6B017C0120E030E00F
:10D0C000A9010E946A7D20E030E040E05FE387FF35
:10D0D00005C0C701B6010E94057D04C0C701B601A5
:10D0E0000E94067D6B017C0120E030E04EEF52E4AF
:10D0F0000E940F7F181684F020E030E040E053ECEF
:10D10000C701B6010E946A7D87FD08C0C701B6014C
:10D110000E94077E862F03C08FE701C080E8FF9042
:10D12000EF90DF90CF9008951F920F920FB60F925D
:10D13000112408B60F9218BE09B60F9219BE0AB68E
:10D140000F921ABE0BB60F921BBEFF920F931F9346
:10D150002F933F934F935F936F937F938F939F93FF
:10D16000AF93BF93EF93FF93CF93DF931F921F92E1
:10D17000CDB7DEB78FB78983F894F98080916806C0
:10D1800082FB882780F98A8380915732882331F087
:10D190008A81882361F080E180938506A0E4B2E271
:10D1A000E2E4F8E302E810E433E021E004C080E1C7
:10D1B00080938606F3CF8D919D91AC015F774130CE
:10D1C000510581F44A81411102C097FD05C04A8191
:10D1D0004423A9F097FD13C080818330C0F48D5F94
:10D1E000808314C04230510591F44A81411102C03C
:10D1F00097FF05C04A81442351F097FF08C0808102
:10D20000833028F0632F0E94098190832183E05F9F
:10D21000FD4F0E171F0779F6FFBE0F900F90DF919D
:10D22000CF91FF91EF91BF91AF919F918F917F919E
:10D230006F915F914F913F912F911F910F91FF90AF
:10D240000F900BBE0F900ABE0F9009BE0F9008BE44
:10D250000F900FBE0F901F901895882321F080E14A
:10D2600080938506089580E1809386060895F8945A
:10D2700088ED84BF81E0809379000895E0E0F7E0D5
:10D2800091E0968384E0868380E1868320E4268390
:10D29000A0EEB6E016969C93169716968C9382E0B5
:10D2A000868388E0868380E2868380E8868380E0C8
:10D2B0000E94E33A81E00E94E33A82E00E94E33A6E
:10D2C00083E00E94E33AE0E9F4E08181877F818393
:10D2D00080E00C94DA1D80E00C94DA1D0E94F019B5
:10D2E000E0E2F7E082E0818B83878CE0818761E078
:10D2F00082EB94E70E94C21B80E00C94DA1D089533
:10D300008F929F92AF92BF92EF92FF920F931F93D3
:10D3100049015A01643049F1D0F4613008F45CC02D
:10D3200040E152E0849F9001859F300D1124C90196
:10D33000815C994CFC01E45BFF4FE080F18002814D
:10D340001381349720813181428153813FC0653000
:10D3500061F1663009F040C0E12CF12C00E211E4EB
:10D3600020E030E040E251EC31C040E152E0849FE7
:10D370009001859F300D1124C901815C994CFC01FD
:10D38000E45BFF4FDC01A85BBF4F2D913D914D91B8
:10D390005C9160817181828193810E94057D9B01F6
:10D3A000AC0150587B018C0111C020E132E0829F1A
:10D3B000F001839FF00D1124E15CF94CE0ACF1AC7D
:10D3C00002AD13AD24A935A946A957A9C501B401D9
:10D3D0000E9482294B015C01C501B4011F910F918C
:10D3E000FF90EF90BF90AF909F908F900895CF9255
:10D3F000DF92EF92FF920F931F93CF93DF9300D0B2
:10D400001F92CDB7DEB77C01FC01808181500E9464
:10D41000B93B082FF701218132814381548129834F
:10D420003A834B835C83C82ED12C60E172E0C69EA8
:10D43000C001C79E900DD69E900D1124BC01615C69
:10D44000794C7B01FB01E459FF4F1081612F802F44
:10D4500057DFAB01BC0149835A836B837C83123055
:10D4600091F4802F0E945D5FF701EC5FFE4F898190
:10D470009A81AB81BC8180839183A283B383802F07
:10D480000E943A6002C01123D1F0E12FF0E024E8BD
:10D490002C9DC0012D9D900D11243197E80FF91F8F
:10D4A000EE0FFF1FEE0FFF1FEB53F94C89819A819E
:10D4B000AB81BC8180839183A283B38304C0198232
:10D4C0001A821B821C8264E070E0CE0101960E94E9
:10D4D000C71D2496CDBFDEBFDF91CF911F910F9165
:10D4E000FF90EF90DF90CF900895CF92DF92EF9270
:10D4F000FF920F931F93CF93DF9300D01F92CDB76E
:10D50000DEB78C01FC01808181500E94B93BE82E7E
:10D51000F801218132814381548129833A834B83ED
:10D520005C83C82ED12C80E192E0C89E8001C99E08
:10D53000100DD89E100D1124015C194CF801E25613
:10D54000FF4FF0806F2D8E2DDBDEAB01BC014983D8
:10D550005A836B837C83F2E0FF1212C08E2D0E94EF
:10D560005D5FF801EC5FFE4F89819A81AB81BC81E0
:10D5700080839183A283B3838E2D0E943A6002C080
:10D58000FF20B9F084E88C9DF0018D9DF00D1124F1
:10D59000EF0DF11DEE0FFF1FEE0FFF1FED50F94CC9
:10D5A00089819A81AB81BC8180839183A283B3837B
:10D5B00004C019821A821B821C8264E070E0CE01D2
:10D5C00001960E94C71D2496CDBFDEBFDF91CF918B
:10D5D0001F910F91FF90EF90DF90CF900895EF9201
:10D5E000FF920F931F93CF93DF93C82FD62F6330F3
:10D5F00009F4C2C048F0653009F417C108F450C0FE
:10D60000663009F031C14CC060E070E00E94D42265
:10D610000C2F10E020E132E0029FC001039F900D2B
:10D62000129F900D1124815C994CFC01E054FE4F37
:10D630001082118212821382ED5BFF4F8081853050
:10D6400099F48091C232829FF001839FF00D1124E2
:10D65000ED5BF84C40815181628173810E945D5F76
:10D660008091C2320E943A6080E192E0089FF0010E
:10D67000099FF00D189FF00D1124EE5BF74CD0833D
:10D6800060E08C2F0E94353B8091C232C813ECC001
:10D690008091BD32853009F4E7C010929B20E4C030
:10D6A000EC2EF12C80E192E0E89E8001E99E100DC5
:10D6B000F89E100D1124B8016657784C41E0C8015E
:10D6C000815A994C0E94CC25015C194CF801ED5F00
:10D6D000FD4F8081833069F4E755F1094081518124
:10D6E000628173818C2F0E945D5F8C2F0E943A6053
:10D6F00005C0F801E15FFD4F88EC808320E132E056
:10D70000E29EC001E39E900DF29E900D1124815C7B
:10D71000994CFC01E157FE4FDC01A455BE4F4D91E1
:10D720005D916D917C914083518362837383749684
:10D730001082118212821382349610821182128218
:10D740001382E45AFF4FD08320912120211106C07B
:10D750003296108260E08C2F0E947A576C2F81E005
:10D760000E94EF3A61E08C2FDF91CF911F910F91D2
:10D77000FF90EF900C94353B0E943A600C2F10E024
:10D7800080E192E0089FF001099FF00D189FF00DD5
:10D790001124E15CF94CDF01AD5FBD4F8C91843009
:10D7A00049F480859185A285B38584879587A6876E
:10D7B000B78704C0E15FFD4F88EC808380E192E091
:10D7C000089FF001099FF00D189FF00D1124E15CF6
:10D7D000F94CDF01AD5FBD4F83E08C938091212038
:10D7E0009F012B5F3D4F7901882399F084859585B2
:10D7F000A685B785BC01CD019F772DEC3CEC4CECA8
:10D800005FE30E946A7D881F8827881FF701808355
:10D8100002C0F901108280E192E0089FF001099FA7
:10D82000F00D189FF00D11241BC00E9435172C2FEE
:10D8300030E0882361F080E192E0289FF001299F89
:10D84000F00D389FF00D1124EE5BF74CD08380E192
:10D8500092E0289FF001299FF00D389FF00D1124D0
:10D86000EC5BF74C608177CFDF91CF911F910F91E7
:10D87000FF90EF9008952F923F924F925F926F9298
:10D880007F928F929F92AF92BF92CF92DF92EF9250
:10D89000FF920F931F93CF93DF93CDB7DEB7AA9775
:10D8A000CDBFDEBF782E282E312C91012C5D3F4D4F
:10D8B0006901D9018C91882309F49FC0F101E85ACC
:10D8C000FD4C7F0180818230B9F188F4882389F191
:10D8D000813009F061C080E192E0289EB001299E6C
:10D8E000700D389E700D11246D5A794C51C08430E2
:10D8F00009F443C0E0F1853009F04EC080E192E0C8
:10D90000289E8001299E100D389E100D1124B8010B
:10D91000615B794C872D0E940224F801E15CF94C8F
:10D920008BE09EEFAFE7B0E0808B918BA28BB38B47
:10D930005FC060E070E01DC080E192E0289E800141
:10D94000299E100D389E100D1124B8016D5A794C86
:10D95000872D0E940224F801E15CF94C85EF91E0EB
:10D96000A0E8BFEF848B958BA68BB78B41C06FEF80
:10D970007FEF872D0E94603A3BC080E192E0289EB5
:10D98000B001299E700D389E700D1124615B794C99
:10D99000872D0E9402242CC080E192E0289E800105
:10D9A000299E100D389E100D1124B8016D56794C2A
:10D9B000015C194C5801FEEFAF1ABF0AD5018D91D9
:10D9C0009C910E94D92BF801608371838283938399
:10D9D000D5016D917C91872D0E94603A872D0E9420
:10D9E0003A60F801ED5FFD4F81E08083F60110821F
:10D9F000D7018C918F5F8C939FC78091573288237A
:10DA000009F477C0823069F028F4813009F071C0E0
:10DA100082E00AC0833039F0843009F06AC083E0C4
:10DA200035C082E033C083E00E947C2020E030E0FB
:10DA300040EA50E40E94C87F6B017C0120E030E0A6
:10DA4000A9010E940F7F87FD0BC060E070E080E0BD
:10DA50000E94D822C701B6010E94833BBC0114C0BA
:10DA600020E030E0A901C701B6010E946A7D87FF6E
:10DA700040C0C701B60190580E94833BBC0180E0C2
:10DA80000E94D82260E070E081E031C00E947C20DA
:10DA900020E030E040EA50E40E94C87F6B017C0146
:10DAA00020E030E0A9010E940F7F87FD0BC060E0FD
:10DAB00070E082E00E94D822C701B6010E94833B39
:10DAC000BC0114C020E030E0A901C701B6010E94EA
:10DAD0006A7D87FF0EC0C701B60190580E94833B44
:10DAE000BC0182E00E94D82260E070E083E00E94E6
:10DAF000D822F101EF5AFD4D7F018081811175C05F
:10DB0000872D0E940B6520E132E0229EA001239E1A
:10DB1000500D329E500D11249A01215C394C69013F
:10DB2000590130E5A31A3EEFB30AD5016D937D93F9
:10DB30008D939C931397F101E55FFD4D2081222386
:10DB4000D9F0F101EE0FFF1FEE0FFF1FE15FFD4D5A
:10DB500000811181228133814F5C574C0E947625D0
:10DB6000F601EE50FE4F80819181A281B381F501D3
:10DB700080839183A283B38380E192E0289E800119
:10DB8000299E100D389E100D1124015C194C68015E
:10DB9000F0E5CF1AFEEFDF0AF801E85FFE4F2081C3
:10DBA000318142815381D6016D917D918D919C91FE
:10DBB0000E94057D9B01AC01F60160837183828325
:10DBC00093836801F5E7CF1AFEEFDF0AD8011496B8
:10DBD0006D917D918D919C9117970E94067DF60124
:10DBE000608371838283938303C0872D0E940B65BA
:10DBF00080E192E0289E8001299E100D389E100D34
:10DC000011249801215C394C5901F901ED5FFD4F58
:10DC10008081833008F048C0F79710821182128209
:10DC200013827897108211821282138234961082A6
:10DC3000118212821382E35BFF4F6081872D0E9465
:10DC4000C420650134E4C31A3EEFD30AD6016D93B4
:10DC50007D938D939C931397A8014150584C08E4F1
:10DC600011EE2AE73FE30E947625F501E054FE4FCE
:10DC700080809180A280B380A5019401F60160812B
:10DC80007181828193810E94057D9F7727E137EB27
:10DC900041ED58E30E946A7D87FF09C0B501A401E8
:10DCA000872D0E945F2003C0872D0E94515C20E1D8
:10DCB00032E0229EC001239E900D329E900D1124D1
:10DCC000815C994CFC01E95FFD4F2081318135FD7C
:10DCD00025C0A90141705170452B01F120FF0AC0F8
:10DCE000EB55F10940E050E060EC7FE74083518361
:10DCF0006283738380E192E0289EF001299EF00DFB
:10DD0000389EF00D1124EE5BF74C808163E00E9499
:10DD100009819083692F872D62DC0EC6D7018C9113
:10DD2000811121C080E192E0289EF001299EF00D32
:10DD3000389EF00D1124E15CF94C8F0104551E4F03
:10DD4000DF01A055BE4F24813581468157816D91F9
:10DD50007D918D919C910E94067DF8016083718375
:10DD60008283938303C08150D7018C9380E192E03A
:10DD7000289E8001299E100D389E100D1124015CF3
:10DD8000194CF801ED5FFD4FF080F101EE0FFF1F20
:10DD9000EE0FFF1FE98BFA8BF2E0FF1508F057C07A
:10DDA000F801E455FE4F80809180A280B380E05658
:10DDB000F1402081318142815381C501B4010E942B
:10DDC0000F7F18166CF0F801E85BFF4F208131815E
:10DDD00042815381C501B4010E946A7D87FF37C02B
:10DDE00009891A8907501E4DF80180819181A2810D
:10DDF000B3810097A105B10529F58F2D63E00E943D
:10DE0000098120E132E0229EF001239EF00D329E36
:10DE1000F00D11249F01215C394C7901F901ED5F6E
:10DE2000FD4F9083692F872DDADB62E070E0872D4C
:10DE30000E94365CF701E05BFF4F80819181A281F7
:10DE4000B38103C00197A109B109F80113C080E1B2
:10DE500092E0289EF001299EF00D389EF00D1124CD
:10DE6000E157F94C80819181A281B381E989FA89D6
:10DE7000E750FE4D80839183A283B383F101EE0FBF
:10DE8000FF1FE85BFD4D808191819F7789879A878D
:10DE900020E132E0229EC001239E900D329E900D23
:10DEA0001124815C994CFC01ED5FFD4F20812430F1
:10DEB00009F03BC129853A8521FF13C0E755F109D7
:10DEC000DC01A45BBF4FFF24F3942D913D914D9154
:10DED0005C9160817181828193810E940F7F18160D
:10DEE0000CF0F12C89859A8580FF1DC020E132E07D
:10DEF000229EC001239E900D329E900D1124815CC4
:10DF0000994CFC01E455FE4FDC01A85BBF4F2D91FD
:10DF10003D914D915C9160817181828193810E94DC
:10DF20006A7D87FDF39489859A8583FF26C080E109
:10DF300092E0289E8001299E100D389E100D11241C
:10DF4000015C194CF801E055FE4F80819181A2815E
:10DF5000B381BC01CD019F7720E030E04AE754E473
:10DF60000E94C87FF801EC5BFF4F20813181428124
:10DF700053810E946A7D87FDF39489859A8582FF8B
:10DF8000D5C080E192E0289E6001299ED00C389E89
:10DF9000D00C11248601015C194CF801EF5EFE4F94
:10DFA0008081882309F4C2C0E556FF4FD801A157EC
:10DFB000BE4F2D913D914D915C9160817181828127
:10DFC00093810E94057D4B015C010D551E4F20E0A1
:10DFD00030E0A901D8016D917D918D919C910E94B5
:10DFE0006A7D81110AC0F80180829182A282B38287
:10DFF000F101EF58FE4D10820BC0A6014E51584C56
:10E000000DEC1CEC2CE43FE3C501B4010E94762525
:10E0100080E192E0289E8001299E100D389E100D0F
:10E02000112498012A51384C690120E030E0A901FF
:10E03000D6016D917D918D919C910E946A7D811197
:10E040000CC0A5019401C501B4010E94C87FF6016E
:10E05000608371838283938311C098012A51384C65
:10E060006901A5019401C501B4010E94C87F0DECAE
:10E070001CEC2CE43FE3A6010E94762580E192E0AF
:10E08000289E8001299E100D389E100D1124015CE0
:10E09000194CF801ED55FE4F80809180A280B3802D
:10E0A000680139E5C31A3EEFD30AA5019401C50101
:10E0B000B4010E94C87F9B01AC01D6016D917D9196
:10E0C0008D919C910E94057D9F770E949B80E89492
:10E0D000B7F8015E1E4F20E030E040E251E40E94BC
:10E0E0006E7DF80120813181428153810E94067D3D
:10E0F00020911D2030911E2040911F205091202002
:10E100000E94C87F9B01AC01C501B4010E940F7F32
:10E11000181664F4F101EF58FE4D80818F5F85364B
:10E1200010F0F39484E6808301C0F12CF101E653F2
:10E13000FE4D81E0F11001C080E0808380E192E03B
:10E14000289E9001299E300D389E300D1124A90182
:10E15000415C594CDA01AD5FBD4F8C9163E00E9488
:10E160000981913091F020E132E0229EC001239E8E
:10E17000900D329E900D1124815C994CFC01EA5F58
:10E18000FD4F2081211171C158C2FA01E459FF4F9E
:10E190001081E858FE4F108211821282138289ED9D
:10E1A00091E28B8B9C8B6A0143EE51E2498F5A8F2F
:10E1B0008FEC91E28F8B988F41EE51E24F8F58A3F5
:10E1C0001D8A1E8A2BA33CA3EDA3FEA3AFA3B8A771
:10E1D000C601049689A39AA3D601A45BBF4FAB875F
:10E1E000BC87EC59F140EF87F88B82E3482E96010B
:10E1F00022563F4F29A73AA7112309F411C1153020
:10E2000009F4EFC030F49FEF910F923008F48BC007
:10E2100007C1163009F004C1AFA1B8A58C918430B4
:10E2200009F0FEC0EF8DF8A18081882309F4F8C0C1
:10E23000AF89B88D8C9191E0980F9C93837009F011
:10E24000EFC0E98DFA8DE480F58006811781208189
:10E25000318142815381AB89BC896D917D918D91D2
:10E260009C910E9482296B8F7C8F8D8F9E8F20E0E6
:10E2700030E040E251E4F601EE57FF4F60817181DA
:10E28000828193810E946E7D9B01AC0160E070E011
:10E2900080E291E40E942B804B015C01F601E6567E
:10E2A000FF4F2081318142815381BD978081882336
:10E2B000A9F06B8D7C8D8D8D9E8D0E94057DA501B5
:10E2C00094010E94C87F9B01AC01E9A1FAA1608181
:10E2D0007181828193810E94057D12C06B8D7C8D3E
:10E2E0008D8D9E8D0E94057DA50194010E94C87FA1
:10E2F000A9A1BAA12D913D914D915C910E94067DFD
:10E30000562E672E4C01EB85FC85E080F180028162
:10E310001381262F372FAC01B701C8010E946A7DF7
:10E3200087FD3EC03AC0EB89FC89608171818281A2
:10E3300093812BA13CA144E0149F200D311D112499
:10E340008901AD89BE894A9E90014B9E300D1124F2
:10E35000020F131F055C194CF801E259FF4F208191
:10E360003181428153810E94C87FF801EA57FF4FF3
:10E3700020813181428153810E94067D562E672E75
:10E380004C01EB85FC85E080F180028113819701CF
:10E39000A8010E940F7F18161CF0E52CF62C8401B2
:10E3A000AF85B8895C9011966C90119712968C90FD
:10E3B000129713969C909701A801652D762DC401A4
:10E3C0000E940F7F18161CF05E2C6F2C4801452D03
:10E3D000562DB401872D0E945D5F872D0E943A6003
:10E3E0001FC0EB89FC892081318142815381F60174
:10E3F000E258FF4F60817181828193810E94C87FC2
:10E40000F601EA56FF4F20813181428153810E94FB
:10E41000067DADA1BEA16D937D938D939C931397C3
:10E42000ED89FE893196ED8BFE8B2B893C892C5F23
:10E430003F4F2B8B3C8B32E3C30ED11C498D5A8D41
:10E44000475F5F4F498F5A8F8F89988D01968F8BC9
:10E45000988FAF8DB8A11196AF8FB8A3329709F4FA
:10E4600082CEE9A5FAA51081C7CEFC01E25FFD4F7F
:10E4700020812F5F208331973081231708F4DDC07E
:10E48000F101E55FFD4D2081FC01E055FE4F2223A7
:10E4900049F020E030E04AE754E4608171818281F4
:10E4A00093811CC0A989BA89A15EBD4D0D911D91B2
:10E4B0002D913C91608171818281938149895A8932
:10E4C000405D5D4D7A010E94762520E030E04AE70C
:10E4D00054E4D7016D917D918D919C910E94C87FEC
:10E4E000AB01BC01872D0E944368182F80E192E0A8
:10E4F000289EF001299EF00D389EF00D1124E6575C
:10E50000F84C4FB7F894A081B1811C938081918120
:10E51000019680839183268137812817390720F45B
:10E5200084819581808391838285938560857185BF
:10E530008617970720F40196828793870CC0828103
:10E5400093810196828393832817390720F484816D
:10E550009581828393834FBF20912F22812F012E9B
:10E56000000C990B821B910927FD939597FF03C01F
:10E57000919581959109E989FA89E15EFD4D7F01C7
:10E5800080809180A280B38006972CF123E333E34F
:10E5900043E75FE3C501B4010E946A7D87FF18C0AD
:10E5A00080910A2291E0980F90930A22853180F0A1
:10E5B0002AE037ED43E25CE3C501B4010E94067D29
:10E5C000D7016D937D938D939C93139710920A229C
:10E5D0001092092224C02AE939E949E15EE3C50124
:10E5E000B4010E940F7F1816C4F48091092291E0B3
:10E5F000980F90930922853180F02DEC3CEC4CE48F
:10E600005DE3C501B4010E94057DD7016D937D9343
:10E610008D939C9313971092092210920A221093C3
:10E620002F2280E192E0289EF001299EF00D389E75
:10E63000F00D1124E35BF74C108220E132E0229EC2
:10E64000C001239E900D329E900D1124FC01E15CCF
:10E65000F94C4F01ED5FFD4F8081833009F47AC0A2
:10E6600008F4B9C0873008F0B6C0739780818A314A
:10E6700018F48F5F808310C01082F401E852FE4FBF
:10E68000D401A053BE4F8D919D910D90BC91A02DB2
:10E6900080839183A283B38320E132E0229EC00174
:10E6A000239E900D329E900D11249C012657384CCC
:10E6B0005901AC01415A594C6A01DC01A15CB94CC9
:10E6C0004D01FD01EC51FE4F20813181428153818A
:10E6D0002B873C874D875E87EC5DF1092081318176
:10E6E000428153816D917D918D919C910E94067D17
:10E6F0009B01AC01F401E455FE4F60817181828180
:10E700009381EB84FC840D851E850E948527F4018E
:10E710006087718782879387F101EB50FE4D2081DE
:10E72000222309F455C0F401E45FFE4F208121113A
:10E730004FC02091CE21222341F0DC01CB01B05803
:10E74000F40180879187A287B38781E08227809335
:10E75000CE213EC0F40180AD91ADA2ADB3AD8D83AD
:10E760009E83AF83B88784A995A9A6A9B7A98983F1
:10E770009A83AB83BC83E4ACF5AC06AD17ADE05334
:10E78000FE4F208131814281538178976081718170
:10E7900082819381DE0111965D01FE0135966F0144
:10E7A0000E942227ED80FE800F81188529813A8101
:10E7B0004B815C81D4011C966D917D918D919C91D2
:10E7C0001F970E948229F40160877187828793874F
:10E7D000872D0E94FF6620E132E0229EC001239E29
:10E7E000900D329E900D11248C01015C194CF801A2
:10E7F000E053FF4FF080C12CD12C212C33243394D3
:10E800005C01980127513F4F2B873C87A801405559
:10E810005E4F4F87588BC8010896898B9A8BD80119
:10E82000A054BE4F4D0104551E4FFF2009F475C082
:10E83000B2E0FB1641F0E3E0FE1661F0F1E0FF12FA
:10E8400073C0D8011EC0EF85F88960817181828113
:10E8500093811BC020E030E0A901A989BA896D919C
:10E860007D918D919C910E946A7D87FF09C0F40182
:10E8700080819181A281B381BC01CD01905805C0F6
:10E88000D4016D917D918D919C91F50124E0F29ED2
:10E89000E00DF11D112449E14C9D90014D9D300D7D
:10E8A00011242E0F3F1FD901A55CB94C7D01FD013C
:10E8B000EF52FF4F20813181428153810E94C87FF6
:10E8C000F701E352FF4F20813181428153810E9441
:10E8D000067D2B013C0120E030E0A9010E946A7D09
:10E8E000E89477F887FF0CC060E070E0832D0E9409
:10E8F000D822C301B2010E94833BBC01822D0BC010
:10E9000060E070E0822D0E94D822C301B2010E9413
:10E91000833BBC01832D0E94D822EB85FC85F080CF
:10E920002394239433943394FFEFCF1ADF0A22E029
:10E93000C216D10409F079CFAA96CDBFDEBFDF9110
:10E94000CF911F910F91FF90EF90DF90CF90BF90EC
:10E95000AF909F908F907F906F905F904F903F907F
:10E960002F900895CF92DF92EF92FF920F931F9313
:10E97000CF93DF9368EC71E282E090E00E94A11BEC
:10E98000882309F42CC28FB7F8942091C4323091B7
:10E99000C5322093C8213093C9218FBF8091702147
:10E9A000882321F01092702183E004C081E08093DD
:10E9B000702182E00E94473CC0912220D091232008
:10E9C000CF3FD10511F008F052C0E0905632F12C43
:10E9D00000E112E0E09EB001E19E700DF09E700D2E
:10E9E00011246D56794C80E09C2F0E94D92BFE2C6F
:10E9F000EE24CE0DDF1DCC0FDD1FCC0FDD1FCA5A5C
:10EA0000DD4D688379838A839B8380912220909156
:10EA100023200196809322209093232081159140FA
:10EA200031F580915632809FF001819FF00D1124C5
:10EA3000E15CF94C44815581668177810E945D5F7C
:10EA400080915632809FF001819FF00D1124E15C8E
:10EA5000F94CDF01AC5FBE4F4481558166817781FF
:10EA60004D935D936D937C9313970E943A608091D0
:10EA70006F21843058F110926F218091CA21811149
:10EA80000DC08091CB21811109C08091CC218111D1
:10EA900005C09091CD2181E0892702C080E090E0FF
:10EAA0002091573221119BC1817090911C208917B0
:10EAB00009F495C180931C20DF91CF911F910F9194
:10EAC000FF90EF90DF90CF900C942D69482F50E08D
:10EAD000C0E1D2E04C9F90014D9F300D5C9F300D06
:10EAE0001124215C394CF901EC5FFD4F9081992391
:10EAF00079F0319760810E94EF6A80916F218C9F3D
:10EB0000F0018D9FF00D1124ED5BF74C108267C171
:10EB10009091C232891353C190919B20292F2D7F50
:10EB200061F0963051F00E94515C0E94320B80914E
:10EB30006F218F5F80936F2152C19B7F923009F0CC
:10EB40003EC10091873210918832209189323091F4
:10EB50008A32C0E1D2E04C9FF0014D9FF00D5C9FE6
:10EB6000F00D1124E151F84C608171818281938113
:10EB70004BE752E30E94762520917732309178322C
:10EB80004091793250917A3260917B3270917C322F
:10EB900080917D3290917E3238D7DC01CB01BF77F6
:10EBA0008093AF209093B020A093B120B093B22077
:10EBB0008091C2328C9FF0018D9FF00D1124E151A4
:10EBC000F84C60817181828193810E94A80A8091B2
:10EBD000B320C0907B32D0907C32E0907D32F090B8
:10EBE0007E328D3208F0A5C080918D2090918E20CC
:10EBF0000B9770F120E030E0A901C701B6016AD798
:10EC000087FF0FC020E030E0A9016091773270915A
:10EC100078328091793290917A320E940F7F87FF0B
:10EC200030C020E030E0A901C701B6010E940F7F8B
:10EC3000181674F420E030E0A901609177327091E9
:10EC400078328091793290917A3244D71816CCF488
:10EC50002DEB37E346E055E36091AF207091B02093
:10EC60008091B1209091B22035D787FF8FC0C70126
:10EC7000B6019F7720E030E040E85FE32BD787FFC5
:10EC800085C00E94EF0A6B017C012FE632E143E868
:10EC90005AE320D787FF0DC08091B3208D3208F052
:10ECA00045C08DE28093B32010928D2010928E206B
:10ECB0003DC02AE037ED43E25CE3C701B6010AD765
:10ECC00087FF06C08091B320883280F588E22CC08F
:10ECD0002DEC3CEC4CEC5DE3C701B601FBD687FFA5
:10ECE00006C08091B3208E3108F58EE11DC020E072
:10ECF00030E040E85FE3C701B601ECD687FF06C00D
:10ED00008091B320843190F484E10EC020E030E0A3
:10ED100040E251E4C701B601DDD687FF07C080910C
:10ED2000B3208A3018F48AE08093B3200E94210B2C
:10ED30002DC0C701B6019F772FE632E143E85AE3C1
:10ED40000E940F7F181624F410928D2010928E20AE
:10ED500080918D2090918E20853F9140B8F08091D8
:10ED6000C2320E943517882369F02091C23280E1B7
:10ED700092E0289FF001299FF00D1124EE5BF74CE3
:10ED800085E0808310928D2010928E2080917B32BE
:10ED900090917C32A0917D32B0917E328093773217
:10EDA00090937832A0937932B0937A3280918D200B
:10EDB00090918E20019680938D2090938E2080914B
:10EDC0006F2191E0980F90936F21DF91CF911F9168
:10EDD0000F91FF90EF90DF90CF900C943B6CDF9100
:10EDE000CF911F910F91FF90EF90DF90CF900895FA
:10EDF000FF920F931F93CF93DF931F92CDB7DEB790
:10EE00008C01FC01808181500E94B93B8983F8010B
:10EE1000F180898120E132E0829FF001839FF00D33
:10EE20001124EA5BF74C808191819F72892B91F0CC
:10EE30008F2D63E00E940981F92E99818981929F2B
:10EE4000F001939FF00D1124EA5BF74C6081718112
:10EE50000E94365C89816F2D0E94EF6AC8010E9472
:10EE60008E3D0F90DF91CF911F910F91FF900895EC
:10EE700096FF04C080E180938206089520E12093EC
:10EE8000810697FF02C068E601C068E284E20C9444
:10EE9000D75ACF93DF93EC01888181500E94B93B10
:10EEA000E82F89819A81811520E8920789F09C01D9
:10EEB0003F772830310561F020F42530310580F4AA
:10EEC00007C0211540E2340719F02115304441F400
:10EED000F0E0EE0FFF1FE85BFD4D80839183C8DFFC
:10EEE000CE01DF91CF910C943C4D4F925F926F9287
:10EEF0007F928F929F92AF92BF92CF92DF92EF92CA
:10EF0000FF920F931F93CF93DF930E94CA3AC1E001
:10EF1000C093210768E288E40E94D75AC09325076E
:10EF20000E94231D0E940F3B60E080E00E94353B61
:10EF300060E081E00E94353B60E082E00E94353B6A
:10EF400060E083E00E94353BC0E060E088E08C0F29
:10EF50000E94353B6FE08C2F0E946025CF5FC4304C
:10EF6000A1F760E189E40E94D75A82E080932607E6
:10EF7000C0938206C093A206C0932207C093C20723
:10EF8000C093220680E48093020680E88093020604
:10EF9000C1E0C093E10660E088E30E94D75AC093C5
:10EFA000E506C0E1C093810668E284E20E94D75A78
:10EFB00080911C20882319F0C093850602C0C0935D
:10EFC000860684E0B82EB092620690E1F92EF092A7
:10EFD000610660E08CE10E94D75AF092660600E478
:10EFE000009321060093260618E01093010660E0C6
:10EFF00083E00E94D75A109305061093610660E0E3
:10F000008BE10E94D75A1093650610938206F09206
:10F010000206EE24E394E092020622E0D22ED09281
:10F020000206D092010760E081E40E94D75AD09294
:10F0300005071093010760E083E40E94D75A1093FC
:10F040000507D0E2D093010760E085E40E94D75A1B
:10F05000D0930507C0E8C093010760E087E40E94F1
:10F06000D75AC0930507E092E10660E088E30E946A
:10F07000D75AE092E506D092E10660E089E30E946B
:10F08000D75AD092E506C093E106C093E606F09207
:10F09000E10660E08CE30E94D75AF092E506E09228
:10F0A0002106E0922606D093E10660E08DE30E94FF
:10F0B000D75AD093E506D092210660E089E00E94FD
:10F0C000D75AD09225061093220668E18BE00E9461
:10F0D000D75A80E49CE90197F1F78091280683FBD9
:10F0E000882780F980935522E092010760E080E450
:10F0F0000E94D75AE0920507B092010760E082E4CF
:10F100000E94D75AB0920507F092010760E084E4AC
:10F110000E94D75AF09205070093010760E086E449
:10F120000E94D75A009305070093A206D093A10628
:10F13000D093A606C093A106C093A60600936206CC
:10F14000D0936106D0936606C0936106C0936606AD
:10F1500000938206D0938106D0938606C0938106E1
:10F16000C093860680EC99E00E945E2FC12CD12CC2
:10F17000760100E412E42FE030E040E060E070E06F
:10F1800080EC99E00E94832F8091C0098061809378
:10F19000C0098091C00980648093C00980EC9AE026
:10F1A0000E945E2F00E412E42FE030E040E060E0D7
:10F1B00070E080EC9AE00E94832F8091C00A806109
:10F1C0008093C00A8091C00A80648093C00A80EC5A
:10F1D0009BE00E945E2F00E412E42FE030E042E06A
:10F1E00060E070E080EC9BE00E94832F8091C00B78
:10F1F00080618093C00B8091C00B80648093C00BB2
:10F200000E94B9290E94E71F0E94B0210E94DC22BF
:10F2100010927206B0926A0683E080936906A2E5B6
:10F22000B7E3E8E3F8E33AE0432E37ED532E33E259
:10F23000632E3CE3732E812C912C40E2A42E41E4FA
:10F24000B42E40E050E060E87FE3CAE0CC2ED12C41
:10F2500081E00FE612E123E83EE37F0199EDE91A30
:10F2600091E0F90AE701488259826A827B828D9295
:10F270009D92AD92BC92139714964D935D936D93AE
:10F280007C93179718964D935D936D937C931B9782
:10F290001C961D921D921D921C921F971082118226
:10F2A000C282D38244835583668377838187808734
:10F2B00082871386008B118B228B338B848B158A6C
:10F2C000A05FBD4FE05FFD4FD0E4E837FD0729F6B2
:10F2D0000DE218E3C0E0D1E08C2F0E94E33AF80180
:10F2E00010821182108680912120882329F0D78BEB
:10F2F0008C2F0E946E5706C0F801178A60E08C2F91
:10F300000E947A57CF5F005F1D4FC43029F7DF910D
:10F31000CF911F910F91FF90EF90DF90CF90BF9012
:10F32000AF909F908F907F906F905F904F900895D7
:10F330008F929F92AF92BF92EF92FF920F931F9383
:10F34000CF93DF93E82EF12C20E132E0E29E8001A2
:10F35000E39E100DF29E100D1124E801C15CD94C02
:10F36000812C912C90E8A92E9FE3B92E88AE99AEFE
:10F37000AAAEBBAE40E050E060E87FEB4CAB5DABCB
:10F380006EAB7FAB40E050E060EF70E44CAF5DAF40
:10F390006EAF7FAF0E94F557FE01E05CFF4F6083C8
:10F3A0007183828393831CA21DA21EA21FA218A692
:10F3B00019A61AA61BA61CA61DA61EA61FA618AA3D
:10F3C00019AA1AAA1BAAE453FF4F81E08083319641
:10F3D0008083E95BF10980E296E6A3E3BAE38083E8
:10F3E0009183A283B383349680EB97EFA7E9B9E3C7
:10F3F00080839183A283B383349610821182128218
:10F400001382349680E090EAA7E5B5E48083918387
:10F41000A283B383349680E090E4ACE1B6E48083C9
:10F420009183A283B383349680E090E0A8ECB1E4AA
:10F4300080839183A283B383EA55FF4F1082319674
:10F4400010823196108231961082ED5CF109808233
:10F450009182A282B382349680E090E0A0EAB0EC80
:10F4600080839183A283B383349680E090E0A8E404
:10F47000B2E480839183A283B383C8018D56994CF3
:10F480005C01AC0160E070E088EC91E40E94742AB9
:10F49000FE01EE5FFE4F80839183B5010E94D92B60
:10F4A0009B01AC01688379838A839B835E0198EF1B
:10F4B000A91A9EEFB90A60E070E088EC91E4A5D249
:10F4C000F5016083718382839383EC59F109108283
:10F4D000C256DF4F1882F701EE0FFF1FE05CFD4DB3
:10F4E00010821182F701EE0FFF1FE85BFD4D1082C5
:10F4F0001182F801EB53F94C80E040E050E060E805
:10F500007FE3812C912CA0EFAA2EA1ECBA2E1192B0
:10F5100011921192119216A617A610AA11AADF0134
:10F520005C97853051F48D929D92AD92BC92139769
:10F53000868A978AA08EB18E09C04D935D936D9394
:10F540007C931397468B578B608F718F8F5F8630BC
:10F55000F1F620E132E0E29EC001E39E900DF29EC2
:10F56000900D1124815C994CFC01E359FF4F1082EE
:10F57000F2961082F196108279961082F801E05F7F
:10F58000F84C83E040E050E060E87FE34193519322
:10F59000619371931086118612861386458B568B64
:10F5A000678B708F11A212A213A214A2815071F75F
:10F5B00080E192E0E89EF001E99EF00DF89EF00DEA
:10F5C0001124E157F94C8AE090E0A0E0B0E080839C
:10F5D0009183A283B383DF91CF911F910F91FF900D
:10F5E000EF90BF90AF909F908F9008954F925F9251
:10F5F0006F927F928F929F92AF92BF92EF92FF9203
:10F600000F931F93CF93DF9341E4E42E47E3F42E4F
:10F610000FE316E3D6E0C0E0380184E2680E711C07
:10F620005D2E43013FEEA32EB12C4FEF450DE1E2DD
:10F63000AE16B10414F060E201C06A2DC4010E944C
:10F64000E51DF0E28F0E911C80E2A81AB1085394D8
:10F65000EFEEAE16EFEFBE0641F76EEE70E0C301BF
:10F660000E943C3CF7019089981711F08C2F60DEC6
:10F67000B8016C5A7F4FF701808191810E94D92B8C
:10F68000F8016083718382839383F7012681378138
:10F6900040855185BBD1F801648375838683978348
:10F6A000F70162837383848395838C2F0E943A6071
:10F6B0008C2F0E94CE3BCF5FF0EFEF1AFDEFFF0AD9
:10F6C000005F1D4FD85FC43009F0A6CF45E260E26D
:10F6D0008FE792E30E94E51D46E26AE18FE992E33B
:10F6E0000E94E51DC091B83269E370E08FE792E3B4
:10F6F0000E943C3CC8130E94DC1647E262E183EEA4
:10F7000091E20E94E51DC3EED1E201EE11E285EF28
:10F71000E82E81E2F82E412C512C90E2692E91E4E2
:10F72000792E812C912C20E2A22E21ECB22E68E0C1
:10F7300070E0CE010E943C3C9885981741F04C82C5
:10F740005D826E827F8288829982AA82BB82F80162
:10F7500011928F012996EC16FD0649F748E261E106
:10F7600080E492E20E94E51DC091502260E170E0C9
:10F7700080E492E20E943C3CC81313C0809148226E
:10F7800090914922DF91CF911F910F91FF90EF90BF
:10F79000BF90AF909F908F907F906F905F904F90B1
:10F7A00067CB109240221092412210924822109270
:10F7B0004922109242221092432210924A22109221
:10F7C0004B22109244221092452210924C22109209
:10F7D0004D22109246221092472210924E221092F1
:10F7E0004F22CCCF0E94DB5B0E94301A7EDBFEDE14
:10F7F00086E5C82E82E2D82EC0E0D0E0E12CF12CC4
:10F8000000E010E0CE018D56994C5C01B50180E01E
:10F81000902F0E94D92BF601EE0DFF1D608371839E
:10F82000828393830F5F1F4F84E0E80EF11C011564
:10F8300091E0190759F7C05FDD4F8CEFD81AC0343B
:10F8400098E0D907D9F687E08093A200789480E009
:10F8500098E00E94D91B82E08093C3328093C33228
:10F8600080912B20882329F0E0912920F0912A20F3
:10F87000199580912F20882399F3E0912D20F09104
:10F880002E201995EDCFCF92DF92EF92FF920F933A
:10F890001F93CF93DF9301E517E3D5E068018EEE68
:10F8A000C81AD1086EEE70E0C6010E943C3CF80117
:10F8B0009081891721F08083EE24E39401C0E12C2C
:10F8C000C8E0CD0FFD2EEE2051F04F2D60E2C601B5
:10F8D0000E941A1EF0E2CF0ED11C811158C0F39481
:10F8E000CF11F1CF005F1D4F8FE30139180711F0E1
:10F8F000DC2FD4CF69E370E08FE792E30E943C3CB9
:10F900009091B832891729F08093B832FF24F3948C
:10F9100001C0F12CD65F0FE712E3FF2049F04C2F16
:10F9200060E2C8010E941A1E005E1F4F81112FC0A5
:10F9300081E08C0FD81711F0C82FEFCF68E070E08E
:10F9400083EE91E20E943C3C8093EB2168E070E002
:10F950008CEE91E20E943C3C8093F4214D2F60E2BA
:10F9600083EE91E20E941A1E811111C060E170E0E5
:10F9700080E492E20E943C3C8093502242E04C0F93
:10F9800060E280E492E20E941A1E91E0811190E010
:10F99000892FDF91CF911F910F91FF90EF90DF9012
:10F9A000CF90089580E00E94DA1D80E0C1DC81E004
:10F9B000BFDC82E0BDDC83E0BBDC0E94DC16E3EE52
:10F9C000F1E240E050E060E271E4448355836683F5
:10F9D000778380E090E0A0E2B1EC80839183A28302
:10F9E000B383458756876787708B81879287A38704
:10F9F000B487E1EEF1E21082118245DF80E00C94E1
:10FA0000DA1D41DF80E00C94DA1D5058BB27AA278D
:10FA10000ED0CBC1BCD130F0C1D120F031F49F3F2A
:10FA200011F41EF48CC10EF4E095E7FB82C1E92FBE
:10FA3000CDD180F3BA17620773078407950718F0D2
:10FA400071F49EF5E5C10EF4E0950B2EBA2FA02DB2
:10FA50000B01B90190010C01CA01A0011124FF277B
:10FA6000591B99F0593F50F4503E68F11A16F04076
:10FA7000A22F232F342F4427585FF3CF4695379575
:10FA80002795A795F0405395C9F77EF41F16BA0B3A
:10FA9000620B730B840BBAF09150A1F0FF0FBB1FE8
:10FAA000661F771F881FC2F70EC0BA0F621F731F31
:10FAB000841F48F4879577956795B795F7959E3F8E
:10FAC00008F0B3CF9395880F08F09927EE0F97951C
:10FAD000879508950AD108F481E008950CD065C196
:10FAE0005DD140F054D130F021F45F3F19F021C1D5
:10FAF00051118FC124C16AD198F39923C9F35523B9
:10FB0000B1F3951B550BBB27AA2762177307840710
:10FB100038F09F5F5F4F220F331F441FAA1FA9F3C6
:10FB200033D00E2E3AF0E0E830D091505040E695B8
:10FB3000001CCAF729D0FE2F27D0660F771F881F19
:10FB4000BB1F261737074807AB07B0E809F0BB0B08
:10FB5000802DBF01FF2793585F4F2AF09E3F51052C
:10FB600068F0E7C056C15F3FECF3983EDCF3869542
:10FB700077956795B795F7959F5FC9F7880F911DA2
:10FB80009695879597F90895E1E0660F771F881F8E
:10FB9000BB1F621773078407BA0720F0621B730B41
:10FBA000840BBA0BEE1F88F7E095089519F40EF058
:10FBB000C0C02EC1C4C012D1C8F39638C0F707F830
:10FBC0000F92E8942BE33AEA48EB5FE7EFD10F920C
:10FBD0000F920F924DB75EB70F92A7D1E6E5F3E013
:10FBE000B1D04F915F91EF91FF91E595EE1FFF1F0F
:10FBF00049F0FE57E0684427EE0F441FFA95E1F7FD
:10FC00004195550B19D10F9007FE0DC1089504D0F1
:10FC10006894B111FEC00895E1D088F09F5790F02C
:10FC2000B92F9927B751A0F0D1F0660F771F881F21
:10FC3000991F1AF0BA95C9F712C0B13081F0E8D017
:10FC4000B1E00895E5C0672F782F8827B85F39F0B5
:10FC5000B93FCCF3869577956795B395D9F73EF480
:10FC600090958095709561957F4F8F4F9F4F089528
:10FC7000E89409C097FB3EF4909580957095619546
:10FC80007F4F8F4F9F4F9923A9F0F92F96E9BB27FC
:10FC90009395F695879577956795B795F111F8CF78
:10FCA000FAF4BB0F11F460FF1BC06F5F7F4F8F4FE3
:10FCB0009F4F16C0882311F096E911C0772321F0D9
:10FCC0009EE8872F762F05C0662371F096E8862F71
:10FCD00070E060E02AF09A95660F771F881FDAF7C8
:10FCE000880F9695879597F90895990F0008550FF5
:10FCF000AA0BE0E8FEEF16161706E807F907C0F0B2
:10FD000012161306E407F50798F0621B730B840BB9
:10FD1000950B39F40A2661F0232B242B252B21F493
:10FD200008950A2609F4A140A6958FEF811D811D33
:10FD3000089597F99F6780E870E060E008959FEF6D
:10FD400080EC0895DF93CF931F930F93FF92EF9270
:10FD5000DF927B018C01689405C0DA2EEF0124D17B
:10FD6000FE01E894A5912591359145915591AEF309
:10FD7000EF015DDEFE019701A801DA9479F7DF90CB
:10FD8000EF90FF900F911F91CF91DF910895002484
:10FD90000A941616170618060906089500240A94F0
:10FDA00012161306140605060895092E0394000C76
:10FDB00011F4882352F0BB0F40F4BF2B11F460FF05
:10FDC00004C06F5F7F4F8F4F9F4F089557FD90582E
:10FDD000440F551F59F05F3F71F04795880F97FB0F
:10FDE000991F61F09F3F79F08795089512161306C9
:10FDF0001406551FF2CF4695F1DF08C016161706F8
:10FE00001806991FF1CF869571056105089408952C
:10FE1000E894BB2766277727CB0197F9089565DF1C
:10FE200008F48FEF08959B01AC0160E070E080E87A
:10FE30009FE354CE7ECFD8C1D1DFE8F39923D9F325
:10FE4000940F511DBBF39150504094F059F088230A
:10FE500032F0660F771F881F91505040C1F79E3FC8
:10FE6000510544F7880F911D9695879597F9089548
:10FE70005F3FACF0983E9CF0BB27869577956795E1
:10FE8000B79508F4B1609395C1F7BB0F58F711F41B
:10FE900060FFE8CF6F5F7F4F8F4F9F4FE3CFB9CFAA
:10FEA0000EF0A2C14CCF689444CF98DFC8F39923D9
:10FEB000D1F3C6F3DF93CF931F930F93FF92C92F14
:10FEC000DD2788232AF02197660F771F881FDAF72E
:10FED00020E030E040E85FEB9FE3883920F0803E8F
:10FEE00030F021968F7792DDEEE7F3E003C08EDDF0
:10FEF000EBEAF3E027DF8B01BE01EC01FB2E6F572D
:10FF000071097595771F880B990BB4DE28E132E7EC
:10FF100041E35FE349D0AF2D9801AE01FF900F910F
:10FF20001F91CF91DF9183DD40CFFA01DC01AA0F51
:10FF3000BB1F9B01AC01BF5728F42227332744275E
:10FF400050781FC0B75188F4AB2F002446953795E1
:10FF50002795011CA395D2F3002069F0220F331FCF
:10FF6000441FB395DAF30DD050CD61307105A0E890
:10FF70008A07B94630F49B01AC01662777278827AA
:10FF80009078309621F02083318342835383089503
:10FF90000BD00BCFFCDE28F001DF18F0952309F021
:10FFA000C8CECDCE112435CF11DFA0F3959FD1F36C
:10FFB000950F50E0551F629FF001729FBB27F00D17
:10FFC000B11D639FAA27F00DB11DAA1F649F66276C
:10FFD000B00DA11D661F829F2227B00DA11D621FBB
:10FFE000739FB00DA11D621F839FA00D611D221F75
:10FFF000749F3327A00D611D231F849F600D211D59
:020000021000EC
:10000000822F762F6A2F11249F5750408AF0E1F0FB
:1000100088234AF0EE0FFF1FBB1F661F771F881F44
:1000200091505040A9F79E3F510570F082CEF1CE1D
:100030005F3FECF3983EDCF3869577956795B7952F
:10004000F795E7959F5FC1F7FE2B880F911D969559
:10005000879597F90895FA01EE0FFF1F3096210555
:10006000310599F16115710561F48038BFE39B0793
:1000700049F168949038810561F08038BFEF9B07A3
:1000800041F0992342F5FF3FE1053105210511F1CA
:10009000E8940894E795D901AA2329F4AB2FBE2F41
:1000A000F85FD0F310C0FF5F70F4A695E0F7F73962
:1000B00050F019F0FF3A38F49F779F930CD00F90CF
:1000C00007FC905808953EF03ACE60E070E080E87A
:1000D0009FE308954FE79F775F934F933F932F934D
:1000E000E4DE2F913F914F915F9152DF64CD76DE38
:1000F000E0F09E37D8F09639B8F49E3848F4672F70
:10010000782F8827985FF9CF86957795679593958F
:100110009539D0F3B62FB1706B0F711D811D20F48E
:10012000879577956795939544C05EC072CE11F41C
:100130000EF405CE59C052DED0F39923D9F3CEF395
:100140009F57550B87FF5ED00024A0E640EA900140
:1001500080585695979528F4805C660F771F881F06
:1001600020F026173707480730F4621B730B840B07
:10017000202931294A2BA69517940794202531254B
:100180004A2758F7660F771F881F20F02617370772
:10019000480730F4620B730B840B200D311D411D99
:1001A000A09581F7B901842F9158880F969587956E
:1001B0000895882371F4772321F09850872B762FA8
:1001C00007C0662311F499270DC09051862B70E06B
:1001D00060E02AF09A95660F771F881FDAF7880F7C
:1001E0009695879597F908959F3F31F0915020F4A7
:1001F000879577956795B795880F911D9695879503
:1002000097F9089591505040660F771F881FD2F7D5
:100210000895991B79E004C0991F961708F0961B62
:10022000881F7A95C9F78095089587FB082E0626C2
:1002300087FD819567FD6195ECDF0EF4919507FCD4
:1002400081950895AA1BBB1B51E107C0AA1FBB1FC4
:10025000A617B70710F0A61BB70B881F991F5A9552
:10026000A9F780959095BC01CD010895A1E21A2EC1
:10027000AA1BBB1BFD010DC0AA1FBB1FEE1FFF1F4A
:10028000A217B307E407F50720F0A21BB30BE40B9A
:10029000F50B661F771F881F991F1A9469F76095E1
:1002A0007095809590959B01AC01BD01CF0108959B
:1002B000EE0FFF1F881F8BBF0790F691E02D1BBE2E
:1002C0001994FB01DC0102C005900D924150504091
:1002D000D8F70895FB01DC0102C001900D92415056
:0A02E0005040D8F70895F894FFCFBE
:1002EA000000803F01CDCCCC3D0AD7233C000080E2
:1002FA003FC63264006400640064000701CDCC8C00
:10030A003F0100010101010105D21A0000B2740087
:10031A000001000A0020A10700230400014143450F
:10032A0047C00AC00AC009C00940424446C00AC0C0
:06033A000AC009C009B869
:00000001FF
